{"type":"FeatureCollection","features":[{"type":"Feature","id":1,"geometry":{"type":"Polygon","coordinates":[[[29.0219,-30.0044],[29.0148,-30.0018],[29.0105,-30.0047],[29.0059,-30.0044],[29.0042,-30.005],[29.0018,-30.0085],[28.9997,-30.0092],[28.9973,-30.0117],[28.9963,-30.0146],[28.9908,-30.0202],[28.9901,-30.0274],[28.9853,-30.0314],[28.9779,-30.0298],[28.976,-30.0323],[28.9719,-30.0324],[28.9692,-30.0341],[28.9648,-30.0331],[28.9609,-30.0375],[28.9579,-30.0391],[28.9543,-30.0391],[28.9522,-30.0367],[28.941,-30.0364],[28.9374,-30.0446],[28.9363,-30.0492],[28.9239,-30.0539],[28.9217,-30.0531],[28.9189,-30.058],[28.9106,-30.0592],[28.9031,-30.0659],[28.9015,-30.0659],[28.8999,-30.0646],[28.8969,-30.0647],[28.895,-30.0655],[28.8934,-30.0688],[28.89,-30.0682],[28.8824,-30.0705],[28.8789,-30.0698],[28.8749,-30.0737],[28.8706,-30.0745],[28.8693,-30.0779],[28.8577,-30.0775],[28.8574,-30.0833],[28.8594,-30.0856],[28.8595,-30.0873],[28.8592,-30.0882],[28.8545,-30.0905],[28.8515,-30.0901],[28.8443,-30.0924],[28.8413,-30.0915],[28.839,-30.0921],[28.8313,-30.0976],[28.8262,-30.0955],[28.8195,-30.0976],[28.8076,-30.0973],[28.8036,-30.0991],[28.8024,-30.1006],[28.795,-30.1008],[28.7957,-30.1035],[28.7917,-30.1079],[28.7912,-30.1094],[28.7749,-30.1075],[28.7688,-30.1076],[28.7618,-30.1055],[28.7498,-30.1065],[28.7473,-30.1074],[28.7461,-30.1092],[28.7417,-30.1122],[28.7419,-30.1143],[28.7397,-30.1158],[28.7361,-30.1123],[28.7318,-30.1134],[28.7289,-30.113],[28.7242,-30.1155],[28.7207,-30.1152],[28.7188,-30.1177],[28.709,-30.1196],[28.705,-30.1224],[28.7035,-30.125],[28.7016,-30.1265],[28.6991,-30.1269],[28.6954,-30.1244],[28.6903,-30.1241],[28.688,-30.1288],[28.6851,-30.1287],[28.6783,-30.1339],[28.6716,-30.1361],[28.6695,-30.1375],[28.6676,-30.1407],[28.6604,-30.1389],[28.6579,-30.1373],[28.6536,-30.1376],[28.6502,-30.1337],[28.6431,-30.134],[28.6384,-30.1315],[28.6353,-30.131],[28.63,-30.1322],[28.6269,-30.1317],[28.6186,-30.1355],[28.6103,-30.1325],[28.5974,-30.1307],[28.5907,-30.1268],[28.5846,-30.1276],[28.5799,-30.1259],[28.5751,-30.1274],[28.5704,-30.1238],[28.5665,-30.1226],[28.5642,-30.1239],[28.5537,-30.124],[28.5506,-30.1206],[28.5469,-30.1231],[28.5425,-30.1233],[28.5349,-30.1257],[28.5331,-30.1273],[28.5326,-30.1319],[28.5314,-30.1329],[28.5167,-30.1388],[28.5122,-30.1431],[28.5065,-30.1449],[28.4998,-30.151],[28.4813,-30.1488],[28.4736,-30.1528],[28.4725,-30.1556],[28.4673,-30.1542],[28.465,-30.1549],[28.4607,-30.1545],[28.4569,-30.1575],[28.4515,-30.1578],[28.4455,-30.1557],[28.4412,-30.1559],[28.4376,-30.1543],[28.4325,-30.1537],[28.4228,-30.1504],[28.4198,-30.1487],[28.4169,-30.1487],[28.4094,-30.1455],[28.3998,-30.1437],[28.3971,-30.1452],[28.396,-30.1483],[28.3959,-30.1514],[28.3927,-30.1556],[28.3923,-30.159],[28.3905,-30.1594],[28.3902,-30.1628],[28.3841,-30.1651],[28.3829,-30.1688],[28.3791,-30.1697],[28.3749,-30.1691],[28.3709,-30.1697],[28.367,-30.1685],[28.3651,-30.1686],[28.3596,-30.1784],[28.3582,-30.1848],[28.3555,-30.1906],[28.3563,-30.1925],[28.352,-30.1967],[28.3493,-30.2034],[28.3489,-30.2075],[28.3452,-30.2128],[28.3454,-30.2153],[28.3477,-30.2169],[28.3451,-30.2188],[28.3434,-30.2236],[28.3441,-30.2253],[28.3478,-30.2289],[28.3459,-30.2321],[28.3403,-30.2346],[28.338,-30.2337],[28.3331,-30.2339],[28.3304,-30.2297],[28.3288,-30.2339],[28.3252,-30.2371],[28.3212,-30.2381],[28.3188,-30.2406],[28.3135,-30.2407],[28.3112,-30.2454],[28.3107,-30.2508],[28.3057,-30.2551],[28.3032,-30.2562],[28.2971,-30.2552],[28.288,-30.2576],[28.2827,-30.2556],[28.274,-30.2562],[28.2725,-30.2558],[28.2691,-30.2529],[28.264,-30.2521],[28.2621,-30.2529],[28.2597,-30.2565],[28.2496,-30.2583],[28.2446,-30.2575],[28.2405,-30.2595],[28.2364,-30.2599],[28.2359,-30.266],[28.229,-30.2712],[28.2231,-30.2734],[28.2231,-30.2754],[28.2198,-30.2782],[28.2182,-30.2819],[28.2146,-30.2864],[28.2097,-30.2883],[28.2069,-30.291],[28.2123,-30.297],[28.2124,-30.2994],[28.2146,-30.3024],[28.2145,-30.3058],[28.2154,-30.3068],[28.2205,-30.309],[28.2283,-30.3085],[28.2298,-30.3118],[28.233,-30.315],[28.2425,-30.3179],[28.2479,-30.3233],[28.2528,-30.3233],[28.2565,-30.3244],[28.2528,-30.3278],[28.2537,-30.3287],[28.2566,-30.3289],[28.2568,-30.3298],[28.2555,-30.3314],[28.2524,-30.3322],[28.2516,-30.3336],[28.2529,-30.3421],[28.256,-30.3461],[28.2627,-30.347],[28.266,-30.3491],[28.2699,-30.3534],[28.271,-30.3564],[28.2699,-30.3567],[28.2678,-30.3604],[28.2686,-30.3646],[28.2707,-30.3684],[28.2708,-30.3708],[28.267,-30.3771],[28.2672,-30.3841],[28.2636,-30.3868],[28.2625,-30.392],[28.2602,-30.396],[28.2587,-30.4023],[28.2541,-30.4036],[28.2529,-30.4052],[28.2578,-30.4173],[28.257,-30.4186],[28.2497,-30.4195],[28.2462,-30.4153],[28.2393,-30.4131],[28.2373,-30.4182],[28.2322,-30.4207],[28.2321,-30.4236],[28.2283,-30.4305],[28.2256,-30.431],[28.2154,-30.4306],[28.2148,-30.432],[28.2063,-30.4372],[28.1977,-30.433],[28.1943,-30.4346],[28.1903,-30.4352],[28.1877,-30.4346],[28.1861,-30.4352],[28.1796,-30.4389],[28.177,-30.4424],[28.1774,-30.4441],[28.1767,-30.4456],[28.1725,-30.4506],[28.1655,-30.4548],[28.1637,-30.4612],[28.1586,-30.4635],[28.1564,-30.4655],[28.1549,-30.4712],[28.1644,-30.4759],[28.1655,-30.4818],[28.1682,-30.484],[28.1779,-30.4884],[28.1797,-30.4913],[28.1809,-30.4964],[28.1808,-30.5012],[28.1753,-30.5032],[28.1747,-30.5055],[28.1723,-30.5088],[28.1749,-30.5142],[28.1751,-30.5181],[28.1772,-30.5218],[28.1771,-30.5252],[28.1765,-30.527],[28.1684,-30.528],[28.1667,-30.5297],[28.1658,-30.533],[28.1637,-30.5351],[28.163,-30.5389],[28.1588,-30.5418],[28.157,-30.544],[28.158,-30.5455],[28.1585,-30.5496],[28.1636,-30.5567],[28.1608,-30.5586],[28.1607,-30.56],[28.1626,-30.5628],[28.1593,-30.5683],[28.1604,-30.5725],[28.1536,-30.5758],[28.1512,-30.584],[28.145,-30.5859],[28.1419,-30.5883],[28.1411,-30.5905],[28.1373,-30.5924],[28.1295,-30.5918],[28.1279,-30.5934],[28.1227,-30.5959],[28.1216,-30.5989],[28.1145,-30.599],[28.1132,-30.5999],[28.1106,-30.6087],[28.1128,-30.6119],[28.1122,-30.6147],[28.1188,-30.6227],[28.117,-30.6265],[28.1177,-30.6333],[28.1163,-30.6348],[28.1175,-30.6402],[28.1214,-30.6434],[28.1236,-30.6493],[28.1238,-30.6592],[28.123,-30.6601],[28.1232,-30.6634],[28.1177,-30.6687],[28.1181,-30.6692],[28.1155,-30.6718],[28.1136,-30.6756],[28.0846,-30.654],[28.0524,-30.658],[28.0038,-30.659],[27.9917,-30.6509],[27.9775,-30.655],[27.9405,-30.6441],[27.9405,-30.6397],[27.9368,-30.635],[27.9335,-30.6332],[27.933,-30.6275],[27.9266,-30.6231],[27.9205,-30.6226],[27.9202,-30.622],[27.9214,-30.619],[27.9209,-30.6149],[27.9224,-30.6092],[27.9184,-30.6026],[27.9155,-30.6013],[27.9119,-30.6019],[27.9107,-30.6037],[27.9069,-30.6043],[27.9032,-30.6029],[27.8985,-30.6072],[27.8896,-30.6052],[27.887,-30.6068],[27.8857,-30.6091],[27.8832,-30.6105],[27.8812,-30.6137],[27.8787,-30.6131],[27.8695,-30.6145],[27.8607,-30.6142],[27.8553,-30.6158],[27.8497,-30.6156],[27.849,-30.6147],[27.8467,-30.6144],[27.8442,-30.615],[27.8428,-30.614],[27.8416,-30.6147],[27.8406,-30.6142],[27.8374,-30.6149],[27.8304,-30.6137],[27.8253,-30.6151],[27.8165,-30.6149],[27.8142,-30.6163],[27.8132,-30.6158],[27.8107,-30.6164],[27.8097,-30.6157],[27.8085,-30.6163],[27.8058,-30.6155],[27.8,-30.6166],[27.799,-30.618],[27.7955,-30.6191],[27.7922,-30.6176],[27.787,-30.6189],[27.7855,-30.6173],[27.7817,-30.6173],[27.7752,-30.614],[27.7736,-30.6143],[27.7699,-30.6111],[27.7685,-30.612],[27.7645,-30.6105],[27.7589,-30.6068],[27.7551,-30.6064],[27.7539,-30.6056],[27.7483,-30.6062],[27.7419,-30.6039],[27.7399,-30.6013],[27.7402,-30.5988],[27.7359,-30.5932],[27.735,-30.5907],[27.7302,-30.5896],[27.7282,-30.5866],[27.7254,-30.5851],[27.7243,-30.5826],[27.7207,-30.579],[27.7197,-30.5746],[27.7164,-30.5686],[27.7021,-30.5645],[27.7005,-30.5612],[27.6962,-30.5602],[27.6943,-30.5587],[27.6939,-30.5554],[27.6973,-30.553],[27.6953,-30.5501],[27.6916,-30.5486],[27.6917,-30.5473],[27.6934,-30.5448],[27.6904,-30.5408],[27.6868,-30.54],[27.684,-30.5369],[27.6796,-30.5345],[27.6755,-30.5344],[27.6726,-30.5354],[27.6713,-30.534],[27.6699,-30.5303],[27.6651,-30.5254],[27.6617,-30.5235],[27.6576,-30.5225],[27.658,-30.5202],[27.6573,-30.5192],[27.6531,-30.5174],[27.6459,-30.5197],[27.6453,-30.517],[27.6392,-30.5157],[27.6369,-30.5131],[27.6343,-30.5124],[27.6246,-30.5069],[27.6224,-30.5049],[27.6209,-30.5021],[27.6219,-30.4993],[27.6208,-30.4965],[27.621,-30.4945],[27.6199,-30.4937],[27.6147,-30.4967],[27.6118,-30.4968],[27.6097,-30.4956],[27.6071,-30.4919],[27.6119,-30.4911],[27.6151,-30.4882],[27.6141,-30.4844],[27.615,-30.4776],[27.609,-30.4709],[27.6079,-30.4665],[27.6047,-30.4627],[27.6039,-30.4585],[27.6017,-30.4576],[27.5987,-30.458],[27.5976,-30.4573],[27.6043,-30.4499],[27.6037,-30.448],[27.6012,-30.4466],[27.5975,-30.4489],[27.5932,-30.4503],[27.5874,-30.4499],[27.5851,-30.4485],[27.5737,-30.4475],[27.5724,-30.4481],[27.5673,-30.4448],[27.5672,-30.441],[27.5644,-30.4344],[27.5681,-30.4314],[27.5715,-30.4302],[27.5714,-30.4286],[27.5702,-30.4259],[27.5648,-30.4194],[27.5614,-30.4173],[27.5601,-30.4155],[27.5591,-30.4117],[27.5574,-30.4108],[27.5556,-30.4044],[27.5531,-30.4012],[27.5466,-30.3965],[27.5388,-30.3931],[27.5349,-30.3852],[27.5335,-30.3841],[27.5303,-30.3834],[27.5204,-30.3833],[27.512,-30.3871],[27.507,-30.3876],[27.5035,-30.3834],[27.5007,-30.3781],[27.5026,-30.373],[27.5021,-30.3718],[27.4997,-30.3719],[27.4945,-30.3745],[27.4894,-30.3734],[27.49,-30.366],[27.4883,-30.3629],[27.4812,-30.3604],[27.475,-30.3565],[27.4744,-30.355],[27.4746,-30.3526],[27.477,-30.3488],[27.4745,-30.333],[27.4759,-30.3247],[27.4755,-30.3221],[27.4651,-30.3143],[27.4587,-30.3132],[27.454,-30.3135],[27.4502,-30.3147],[27.4443,-30.3197],[27.4382,-30.3232],[27.4313,-30.3244],[27.4263,-30.3237],[27.4203,-30.3241],[27.4127,-30.3308],[27.393,-30.3398],[27.3895,-30.3395],[27.3827,-30.3366],[27.3812,-30.334],[27.3808,-30.3292],[27.3782,-30.3268],[27.3769,-30.3271],[27.3627,-30.3237],[27.3603,-30.3242],[27.3489,-30.3308],[27.3489,-30.3324],[27.3534,-30.3359],[27.3583,-30.3358],[27.3664,-30.3387],[27.367,-30.3452],[27.3629,-30.3552],[27.3669,-30.3642],[27.3683,-30.3709],[27.3721,-30.3745],[27.3745,-30.3751],[27.3787,-30.3744],[27.3799,-30.3682],[27.3799,-30.3619],[27.3834,-30.3583],[27.3914,-30.3575],[27.3967,-30.3611],[27.3971,-30.363],[27.3959,-30.3703],[27.4029,-30.3804],[27.4019,-30.385],[27.4038,-30.3916],[27.403,-30.393],[27.3991,-30.3951],[27.3832,-30.4013],[27.3809,-30.4064],[27.3769,-30.4088],[27.3734,-30.4053],[27.3691,-30.4048],[27.366,-30.403],[27.3522,-30.4011],[27.3446,-30.3973],[27.3389,-30.3983],[27.3391,-30.4035],[27.3364,-30.4074],[27.3346,-30.4121],[27.3319,-30.4157],[27.3261,-30.4165],[27.3236,-30.4177],[27.323,-30.4203],[27.3242,-30.4232],[27.3338,-30.4294],[27.3407,-30.431],[27.3463,-30.4304],[27.3615,-30.4253],[27.3638,-30.427],[27.3661,-30.4318],[27.3684,-30.4334],[27.3687,-30.437],[27.3681,-30.4381],[27.361,-30.4402],[27.3556,-30.4431],[27.3479,-30.4492],[27.3396,-30.4506],[27.3365,-30.4504],[27.3293,-30.4475],[27.3235,-30.4467],[27.3132,-30.4415],[27.3111,-30.4411],[27.3049,-30.4413],[27.3006,-30.4437],[27.2935,-30.4552],[27.2938,-30.4579],[27.296,-30.4616],[27.2991,-30.4639],[27.3148,-30.469],[27.3211,-30.4756],[27.3237,-30.4764],[27.3261,-30.4783],[27.3284,-30.4819],[27.3284,-30.4834],[27.3279,-30.4847],[27.3243,-30.4877],[27.3211,-30.4879],[27.3153,-30.4898],[27.3064,-30.4906],[27.2984,-30.4946],[27.2982,-30.4958],[27.3012,-30.5016],[27.3007,-30.5088],[27.2975,-30.5122],[27.2902,-30.5103],[27.2862,-30.5052],[27.2834,-30.5031],[27.2747,-30.5022],[27.2704,-30.5054],[27.2665,-30.5063],[27.2644,-30.5058],[27.2622,-30.5037],[27.2577,-30.5027],[27.253,-30.5031],[27.2511,-30.5025],[27.2483,-30.4953],[27.2481,-30.4868],[27.2456,-30.4818],[27.2448,-30.4807],[27.2395,-30.4806],[27.2353,-30.4823],[27.2332,-30.4848],[27.2326,-30.4876],[27.2336,-30.4933],[27.2295,-30.4992],[27.2297,-30.5096],[27.2283,-30.5107],[27.2215,-30.5104],[27.2197,-30.5086],[27.2183,-30.5054],[27.2195,-30.495],[27.219,-30.4923],[27.2177,-30.4898],[27.2154,-30.4876],[27.2128,-30.487],[27.2099,-30.489],[27.2095,-30.4935],[27.2057,-30.5006],[27.206,-30.5074],[27.1988,-30.514],[27.193,-30.5177],[27.1891,-30.5231],[27.1864,-30.5246],[27.1827,-30.5237],[27.18,-30.5214],[27.1763,-30.5199],[27.1737,-30.5175],[27.173,-30.515],[27.1715,-30.5133],[27.1697,-30.5123],[27.1649,-30.514],[27.1611,-30.5142],[27.1395,-30.5097],[27.1337,-30.5092],[27.1305,-30.5101],[27.1282,-30.5118],[27.1272,-30.5153],[27.1288,-30.5178],[27.1335,-30.5216],[27.1349,-30.5237],[27.1377,-30.5294],[27.138,-30.5322],[27.1351,-30.5365],[27.1327,-30.538],[27.1299,-30.5393],[27.1214,-30.5409],[27.1135,-30.5534],[27.1061,-30.5583],[27.0963,-30.5536],[27.0913,-30.5477],[27.0876,-30.5416],[27.0871,-30.5393],[27.089,-30.5305],[27.087,-30.5285],[27.0853,-30.528],[27.0764,-30.5293],[27.065,-30.5297],[27.0427,-30.537],[27.0349,-30.5374],[27.0274,-30.5343],[27.0248,-30.5349],[27.0238,-30.537],[27.0226,-30.5375],[27.0129,-30.5363],[27.0057,-30.5373],[27.0024,-30.5398],[26.9981,-30.5487],[26.9983,-30.5505],[27.0004,-30.5534],[27.0054,-30.5579],[27.0151,-30.5597],[27.0178,-30.5613],[27.0227,-30.569],[27.0243,-30.5747],[27.0265,-30.5786],[27.0392,-30.5791],[27.0415,-30.5815],[27.0426,-30.5876],[27.039,-30.5925],[27.0373,-30.5965],[27.0337,-30.6007],[27.0279,-30.6046],[27.0138,-30.6064],[27.0103,-30.6041],[27.0056,-30.5957],[27.0034,-30.5947],[27.0006,-30.5946],[26.9794,-30.5979],[26.9479,-30.6076],[26.9398,-30.6174],[26.9377,-30.6187],[26.933,-30.619],[26.9299,-30.6225],[26.9293,-30.6245],[26.9301,-30.6276],[26.9345,-30.632],[26.9493,-30.6529],[26.95,-30.6559],[26.9488,-30.6586],[26.943,-30.6621],[26.9346,-30.6651],[26.9286,-30.666],[26.9181,-30.6651],[26.9121,-30.666],[26.9076,-30.6681],[26.9031,-30.6689],[26.8962,-30.6671],[26.8862,-30.6594],[26.8787,-30.6596],[26.8767,-30.6615],[26.8758,-30.6649],[26.8761,-30.6697],[26.8773,-30.6737],[26.8761,-30.6781],[26.8727,-30.6813],[26.8636,-30.6841],[26.8543,-30.6848],[26.8477,-30.6839],[26.8443,-30.6826],[26.8429,-30.6807],[26.8413,-30.6743],[26.8388,-30.6694],[26.8353,-30.6671],[26.8283,-30.6596],[26.8234,-30.6525],[26.8141,-30.6427],[26.809,-30.64],[26.8053,-30.6394],[26.799,-30.6405],[26.7761,-30.6484],[26.7688,-30.6555],[26.762,-30.658],[26.7516,-30.6662],[26.7366,-30.6646],[26.7257,-30.6664],[26.7228,-30.6682],[26.7188,-30.674],[26.7091,-30.684],[26.7031,-30.6869],[26.6997,-30.6879],[26.6932,-30.6879],[26.6857,-30.686],[26.6836,-30.684],[26.6807,-30.6784],[26.6773,-30.6682],[26.6753,-30.6675],[26.6698,-30.6706],[26.6648,-30.6775],[26.6608,-30.6853],[26.6535,-30.6901],[26.6507,-30.6915],[26.6396,-30.6936],[26.6295,-30.6939],[26.6265,-30.6928],[26.6253,-30.6911],[26.6249,-30.6832],[26.6278,-30.6782],[26.6348,-30.675],[26.6365,-30.6728],[26.6317,-30.6641],[26.629,-30.6617],[26.6261,-30.6614],[26.6194,-30.6631],[26.6078,-30.664],[26.5909,-30.6626],[26.5824,-30.6656],[26.5755,-30.6667],[26.5579,-30.6641],[26.5512,-30.6618],[26.5405,-30.6529],[26.5217,-30.6402],[26.5105,-30.636],[26.5042,-30.6318],[26.4938,-30.6299],[26.4865,-30.6306],[26.4834,-30.6296],[26.4809,-30.627],[26.4807,-30.6213],[26.4815,-30.6187],[26.4857,-30.6131],[26.487,-30.6065],[26.49,-30.6],[26.4903,-30.5966],[26.4894,-30.5938],[26.4873,-30.5916],[26.4816,-30.5906],[26.4789,-30.5893],[26.4709,-30.5837],[26.4606,-30.5783],[26.4527,-30.5712],[26.4491,-30.5693],[26.4293,-30.5655],[26.4252,-30.5652],[26.4179,-30.5663],[26.4016,-30.5716],[26.3956,-30.5778],[26.3897,-30.5815],[26.3852,-30.5819],[26.3775,-30.5809],[26.3719,-30.5817],[26.3678,-30.585],[26.3616,-30.5928],[26.356,-30.595],[26.3489,-30.595],[26.344,-30.5936],[26.3309,-30.5885],[26.3206,-30.5834],[26.3164,-30.5825],[26.3092,-30.584],[26.2974,-30.5899],[26.291,-30.5918],[26.2802,-30.5896],[26.2775,-30.5879],[26.2768,-30.5855],[26.2777,-30.5837],[26.2804,-30.5814],[26.281,-30.58],[26.2805,-30.5781],[26.2696,-30.5715],[26.2653,-30.5663],[26.2642,-30.56],[26.2651,-30.5494],[26.2646,-30.5458],[26.2631,-30.543],[26.2563,-30.5394],[26.244,-30.537],[26.2298,-30.5354],[26.2186,-30.5316],[26.206,-30.5336],[26.2023,-30.5334],[26.1973,-30.5316],[26.1938,-30.528],[26.1959,-30.5191],[26.1962,-30.5129],[26.196,-30.5094],[26.1941,-30.5038],[26.1909,-30.5004],[26.1794,-30.4912],[26.1725,-30.4873],[26.1626,-30.4835],[26.1518,-30.4835],[26.1455,-30.4853],[26.1357,-30.4924],[26.1325,-30.4959],[26.1301,-30.5001],[26.1301,-30.5049],[26.1319,-30.5074],[26.1367,-30.5098],[26.1435,-30.5104],[26.1465,-30.5133],[26.1487,-30.5175],[26.1494,-30.5207],[26.1485,-30.5262],[26.1499,-30.5323],[26.1494,-30.5359],[26.1463,-30.5389],[26.1421,-30.5402],[26.1341,-30.5406],[26.1182,-30.5354],[26.1084,-30.5213],[26.1025,-30.5178],[26.0974,-30.5165],[26.0874,-30.5197],[26.0696,-30.5235],[26.0639,-30.5235],[26.0559,-30.5223],[26.052,-30.5227],[26.0368,-30.5298],[26.0295,-30.5321],[26.019,-30.5332],[25.9991,-30.5369],[25.977,-30.5382],[25.9552,-30.5471],[25.9503,-30.5506],[25.9438,-30.5569],[25.9413,-30.5608],[25.9406,-30.5649],[25.9413,-30.5796],[25.9398,-30.5822],[25.9377,-30.5836],[25.931,-30.585],[25.9257,-30.5836],[25.923,-30.5813],[25.9227,-30.579],[25.9255,-30.5748],[25.9268,-30.5713],[25.9264,-30.5688],[25.9238,-30.5643],[25.9216,-30.5616],[25.9167,-30.5583],[25.9032,-30.5432],[25.8994,-30.5411],[25.8952,-30.5406],[25.8856,-30.5438],[25.8792,-30.549],[25.8726,-30.5581],[25.8718,-30.5622],[25.8746,-30.5687],[25.8749,-30.5728],[25.8824,-30.5849],[25.8893,-30.5921],[25.892,-30.5968],[25.8932,-30.6045],[25.8923,-30.6083],[25.891,-30.6103],[25.8873,-30.6122],[25.8724,-30.6107],[25.8641,-30.6116],[25.8606,-30.6129],[25.8562,-30.6175],[25.8544,-30.6235],[25.8512,-30.6293],[25.849,-30.6321],[25.8467,-30.6336],[25.8425,-30.634],[25.8338,-30.6324],[25.819,-30.635],[25.8121,-30.6342],[25.8003,-30.6347],[25.793,-30.6371],[25.7831,-30.6452],[25.7808,-30.649],[25.7791,-30.6566],[25.7789,-30.6759],[25.7769,-30.6816],[25.7715,-30.686],[25.7642,-30.6885],[25.7615,-30.6886],[25.7568,-30.6875],[25.7498,-30.6825],[25.7429,-30.6818],[25.7303,-30.6832],[25.7166,-30.6825],[25.7006,-30.6796],[25.6932,-30.6761],[25.6818,-30.6689],[25.6797,-30.6662],[25.6801,-30.6598],[25.6854,-30.6506],[25.6853,-30.6471],[25.681,-30.6429],[25.6755,-30.6401],[25.6716,-30.6409],[25.6608,-30.647],[25.654,-30.6524],[25.6417,-30.6577],[25.6298,-30.6593],[25.6191,-30.6581],[25.6137,-30.656],[25.6101,-30.653],[25.6094,-30.6498],[25.6111,-30.6464],[25.6172,-30.6403],[25.623,-30.6324],[25.6249,-30.6269],[25.6248,-30.6243],[25.6191,-30.621],[25.617,-30.6189],[25.609,-30.6072],[25.6064,-30.6003],[25.6031,-30.5944],[25.601,-30.5923],[25.5967,-30.5904],[25.5939,-30.59],[25.5901,-30.5911],[25.5738,-30.6095],[25.5678,-30.614],[25.5623,-30.6163],[25.5563,-30.6166],[25.5343,-30.6131],[25.5256,-30.6139],[25.5169,-30.617],[25.5037,-30.625],[25.4981,-30.627],[25.4878,-30.6292],[25.4841,-30.6319],[25.4746,-30.635],[25.4711,-30.6345],[25.4682,-30.6326],[25.4671,-30.6295],[25.4671,-30.6242],[25.4625,-30.6281],[25.4565,-30.637],[25.4585,-30.6574],[25.4604,-30.6608],[25.4713,-30.6667],[25.4698,-30.6688],[25.4719,-30.6729],[25.4633,-30.6777],[25.4602,-30.6833],[25.4638,-30.6894],[25.4645,-30.7017],[25.4665,-30.7098],[25.4625,-30.7155],[25.4624,-30.7221],[25.4739,-30.7231],[25.4764,-30.7282],[25.4772,-30.7385],[25.4739,-30.7437],[25.4799,-30.7598],[25.4802,-30.7789],[25.4864,-30.7845],[25.505,-30.7836],[25.5084,-30.7888],[25.5249,-30.7964],[25.5479,-30.7898],[25.5493,-30.791],[25.5216,-30.8332],[25.4852,-30.8498],[25.4713,-30.8698],[25.5006,-30.888],[25.5084,-30.8982],[25.5165,-30.9026],[25.5178,-30.9015],[25.515,-30.9116],[25.514,-30.9215],[25.5104,-30.9284],[25.5046,-30.933],[25.5083,-30.9422],[25.5064,-30.9503],[25.511,-30.9557],[25.4931,-30.9677],[25.4846,-30.9748],[25.4819,-30.9788],[25.475,-30.9839],[25.4758,-30.9912],[25.4848,-31.0063],[25.5016,-31.0074],[25.4868,-31.0369],[25.4638,-31.0547],[25.4532,-31.0542],[25.4388,-31.0615],[25.4543,-31.0793],[25.4464,-31.1002],[25.4156,-31.1344],[25.3982,-31.1307],[25.3919,-31.1384],[25.3846,-31.151],[25.3778,-31.1989],[25.3825,-31.2045],[25.3862,-31.2178],[25.3688,-31.226],[25.3544,-31.236],[25.2906,-31.2135],[25.2849,-31.2234],[25.2682,-31.2208],[25.2693,-31.2144],[25.225,-31.1952],[25.2238,-31.1923],[25.2198,-31.1904],[25.211,-31.1921],[25.2044,-31.2017],[25.2096,-31.2047],[25.2094,-31.2069],[25.2048,-31.2151],[25.1984,-31.2155],[25.1924,-31.2134],[25.1791,-31.2222],[25.1771,-31.2346],[25.1705,-31.2392],[25.1552,-31.2311],[25.1527,-31.2431],[25.1307,-31.2394],[25.1152,-31.2463],[25.1008,-31.2594],[25.0844,-31.2623],[25.0735,-31.2533],[25.0585,-31.2694],[25.0445,-31.2661],[25.0056,-31.2631],[24.9839,-31.2731],[24.9605,-31.2855],[24.9487,-31.2983],[24.942,-31.3151],[24.9336,-31.3204],[24.9234,-31.3135],[24.9003,-31.3167],[24.8989,-31.3137],[24.885,-31.3173],[24.853,-31.3282],[24.8614,-31.3563],[24.8629,-31.3736],[24.8602,-31.374],[24.8461,-31.3656],[24.8255,-31.3565],[24.7887,-31.3895],[24.7243,-31.3999],[24.7106,-31.4095],[24.7048,-31.4006],[24.665,-31.3837],[24.5961,-31.3992],[24.5672,-31.4186],[24.5676,-31.4271],[24.5589,-31.4818],[24.5413,-31.4868],[24.5194,-31.4979],[24.533,-31.5098],[24.5246,-31.5454],[24.5039,-31.5684],[24.523,-31.6037],[24.5173,-31.6446],[24.5141,-31.705],[24.5063,-31.7068],[24.4699,-31.7065],[24.4413,-31.7126],[24.4126,-31.6885],[24.4233,-31.7116],[24.346,-31.7145],[24.3407,-31.7138],[24.3247,-31.7241],[24.3224,-31.7418],[24.3153,-31.7501],[24.3016,-31.7583],[24.285,-31.7652],[24.2688,-31.7559],[24.2683,-31.7666],[24.2572,-31.764],[24.2542,-31.7618],[24.2484,-31.7604],[24.2402,-31.752],[24.2364,-31.7502],[24.226,-31.7474],[24.1616,-31.7401],[24.1474,-31.7673],[24.1542,-31.7948],[24.1543,-31.7983],[24.1837,-31.8133],[24.1798,-31.8194],[24.1598,-31.8231],[24.1548,-31.8225],[24.1533,-31.8549],[24.1236,-31.8472],[24.1083,-31.8861],[24.1048,-31.8868],[24.1054,-31.9068],[24.1387,-31.9054],[24.1468,-31.9027],[24.1466,-31.8968],[24.1642,-31.9024],[24.1972,-31.9235],[24.1912,-31.9268],[24.188,-31.9336],[24.1998,-31.9426],[24.2054,-31.9417],[24.2224,-31.9556],[24.183,-31.9959],[24.1834,-31.9969],[24.1885,-32.0001],[24.1937,-32.0048],[24.1878,-32.0082],[24.1894,-32.0122],[24.1749,-32.0126],[24.1745,-32.0199],[24.1409,-32.0117],[24.1353,-32.0269],[24.1286,-32.0412],[24.1411,-32.0514],[24.1348,-32.0602],[24.1233,-32.0559],[24.1119,-32.0616],[24.1126,-32.07],[24.1105,-32.0688],[24.1044,-32.0676],[24.1029,-32.0699],[24.0979,-32.0852],[24.0988,-32.0915],[24.0979,-32.1108],[24.1097,-32.0843],[24.1354,-32.0979],[24.1355,-32.1231],[24.1304,-32.1319],[24.1176,-32.1352],[24.1022,-32.1488],[24.1129,-32.1509],[24.1001,-32.164],[24.0882,-32.1638],[24.0692,-32.1601],[24.038,-32.1581],[24.0417,-32.1752],[24.0441,-32.1819],[24.0305,-32.1935],[23.9858,-32.1978],[23.9845,-32.1964],[23.9847,-32.1984],[23.9612,-32.2065],[23.953,-32.2165],[23.9446,-32.2247],[23.9354,-32.2319],[23.921,-32.2334],[23.9163,-32.2376],[23.8923,-32.2549],[23.8645,-32.249],[23.8511,-32.2425],[23.7979,-32.1941],[23.7662,-32.1787],[23.7471,-32.2007],[23.7261,-32.2084],[23.7082,-32.2191],[23.6924,-32.2335],[23.6705,-32.2377],[23.6489,-32.298],[23.6569,-32.3039],[23.6784,-32.3291],[23.6652,-32.3442],[23.5918,-32.3408],[23.5555,-32.3354],[23.5236,-32.3288],[23.449,-32.3233],[23.4247,-32.3562],[23.4099,-32.3892],[23.3493,-32.3644],[23.3331,-32.3511],[23.3073,-32.3959],[23.2872,-32.4042],[23.2721,-32.4007],[23.2216,-32.425],[23.2475,-32.4653],[23.2445,-32.5132],[23.2882,-32.5512],[23.3073,-32.6116],[23.3013,-32.6518],[23.2696,-32.6715],[23.3329,-32.7036],[23.3535,-32.7294],[23.3527,-32.7337],[23.3516,-32.7638],[23.3977,-32.7635],[23.3786,-32.825],[23.3052,-32.8095],[23.2504,-32.7886],[23.2011,-32.7853],[23.1875,-32.7674],[23.1494,-32.7667],[23.0893,-32.7992],[23.1164,-32.858],[23.098,-32.8737],[23.0074,-32.8728],[23.0037,-32.8983],[22.9488,-32.95],[22.9693,-32.9934],[22.9352,-33.013],[22.9341,-33.0217],[22.9579,-33.0451],[22.9553,-33.0731],[22.9231,-33.1091],[22.8923,-33.1416],[22.8772,-33.1869],[22.8402,-33.2202],[22.7903,-33.3073],[22.7739,-33.309],[22.7734,-33.3263],[22.7393,-33.324],[22.7375,-33.379],[22.7358,-33.3947],[22.7845,-33.4155],[22.7744,-33.4197],[22.8303,-33.4191],[22.9348,-33.4291],[23.0154,-33.4124],[23.0664,-33.4002],[23.1129,-33.4008],[23.1348,-33.3876],[23.1954,-33.3861],[23.2971,-33.3886],[23.318,-33.4065],[23.364,-33.4616],[23.3549,-33.4412],[23.3738,-33.4454],[23.3934,-33.4457],[23.4233,-33.442],[23.4676,-33.4481],[23.4956,-33.4434],[23.5099,-33.4595],[23.5142,-33.4627],[23.579,-33.4847],[23.5786,-33.4857],[23.604,-33.4964],[23.6061,-33.5033],[23.6001,-33.5275],[23.5962,-33.5725],[23.6168,-33.5696],[23.6199,-33.5915],[23.675,-33.6259],[23.6716,-33.6546],[23.6704,-33.6726],[23.6288,-33.6693],[23.5859,-33.6727],[23.5565,-33.6515],[23.5555,-33.673],[23.5417,-33.683],[23.5413,-33.6995],[23.4754,-33.7177],[23.4399,-33.7174],[23.4301,-33.7618],[23.4149,-33.7762],[23.395,-33.7926],[23.417,-33.7947],[23.4277,-33.7991],[23.4542,-33.8032],[23.4681,-33.8075],[23.4891,-33.8075],[23.488,-33.7915],[23.5179,-33.7856],[23.5188,-33.7821],[23.5574,-33.7934],[23.554,-33.7964],[23.562,-33.8289],[23.6081,-33.8329],[23.6203,-33.8432],[23.7033,-33.864],[23.7006,-33.8674],[23.6943,-33.868],[23.6881,-33.8789],[23.6858,-33.8816],[23.6847,-33.8814],[23.683,-33.884],[23.6818,-33.8834],[23.6797,-33.8842],[23.6774,-33.8832],[23.671,-33.8835],[23.6692,-33.8854],[23.6666,-33.8847],[23.6611,-33.8872],[23.658,-33.8877],[23.6559,-33.8868],[23.6544,-33.8895],[23.6523,-33.8903],[23.6516,-33.8927],[23.6474,-33.8928],[23.6488,-33.8945],[23.6476,-33.8967],[23.6493,-33.897],[23.6497,-33.8989],[23.6569,-33.9022],[23.6568,-33.9031],[23.655,-33.9037],[23.6576,-33.9048],[23.6566,-33.9058],[23.6568,-33.9069],[23.6547,-33.9071],[23.6539,-33.909],[23.6523,-33.9096],[23.6399,-33.9097],[23.6374,-33.913],[23.6375,-33.9142],[23.6405,-33.9178],[23.642,-33.918],[23.6428,-33.9198],[23.6432,-33.9223],[23.64,-33.9242],[23.644,-33.9275],[23.6447,-33.9307],[23.6432,-33.9319],[23.64,-33.931],[23.6406,-33.9332],[23.637,-33.9346],[23.6385,-33.9372],[23.6361,-33.9383],[23.6351,-33.94],[23.636,-33.9433],[23.6346,-33.952],[23.6377,-33.9552],[23.6409,-33.9548],[23.6432,-33.9572],[23.6439,-33.9598],[23.6459,-33.9624],[23.6444,-33.9638],[23.6452,-33.9677],[23.6475,-33.9733],[23.6454,-33.9759],[23.6475,-33.9772],[23.6472,-33.9793],[23.6479,-33.98],[23.6472,-33.9798],[23.6448,-33.9896],[23.6529,-33.9896],[23.6628,-33.9912],[23.6938,-33.9974],[23.6998,-33.9978],[23.7208,-34.003],[23.7315,-34.0036],[23.7385,-34.0055],[23.7489,-34.0067],[23.7507,-34.0051],[23.7518,-34.0052],[23.7573,-34.0073],[23.7643,-34.012],[23.7675,-34.0109],[23.7699,-34.0128],[23.7772,-34.0148],[23.7855,-34.0145],[23.7995,-34.0185],[23.8007,-34.0184],[23.8035,-34.0165],[23.8085,-34.0181],[23.8214,-34.0201],[23.8268,-34.0229],[23.8385,-34.0248],[23.8465,-34.0271],[23.864,-34.0286],[23.871,-34.028],[23.877,-34.0285],[23.8923,-34.0329],[23.8982,-34.0313],[23.903,-34.0269],[23.9033,-34.0291],[23.9043,-34.0294],[23.9214,-34.0324],[23.9321,-34.033],[23.9426,-34.0357],[23.952,-34.0369],[23.9625,-34.0395],[23.9841,-34.042],[23.9935,-34.0442],[24.0035,-34.0437],[24.0119,-34.0456],[24.0153,-34.0451],[24.0197,-34.0464],[24.0247,-34.0458],[24.0363,-34.0487],[24.0422,-34.0478],[24.0481,-34.0501],[24.074,-34.0544],[24.0764,-34.0527],[24.0778,-34.0528],[24.0827,-34.0553],[24.1021,-34.0569],[24.1078,-34.0589],[24.1133,-34.0591],[24.1187,-34.0608],[24.12,-34.0625],[24.1266,-34.0607],[24.1295,-34.058],[24.1313,-34.0591],[24.1388,-34.0602],[24.1441,-34.0597],[24.1456,-34.0605],[24.1482,-34.0595],[24.1502,-34.0609],[24.1596,-34.0628],[24.1617,-34.0639],[24.1655,-34.0625],[24.1689,-34.0648],[24.171,-34.0644],[24.1742,-34.0658],[24.1778,-34.0659],[24.1794,-34.0648],[24.1828,-34.0645],[24.1854,-34.0657],[24.187,-34.0655],[24.1897,-34.067],[24.1936,-34.066],[24.1938,-34.06],[24.1961,-34.0605],[24.1972,-34.0629],[24.2005,-34.0651],[24.2033,-34.0661],[24.2052,-34.0657],[24.2051,-34.0666],[24.2074,-34.0693],[24.215,-34.0709],[24.2161,-34.0722],[24.2154,-34.0731],[24.2186,-34.0735],[24.22,-34.0726],[24.2202,-34.0738],[24.2216,-34.0718],[24.2224,-34.073],[24.2249,-34.0733],[24.2262,-34.0746],[24.2336,-34.0778],[24.2353,-34.0779],[24.2361,-34.0769],[24.2395,-34.0779],[24.2411,-34.0776],[24.2429,-34.0787],[24.2421,-34.0791],[24.2429,-34.08],[24.2443,-34.0782],[24.2462,-34.0812],[24.2496,-34.083],[24.2636,-34.0848],[24.2691,-34.0875],[24.2726,-34.0868],[24.2744,-34.0872],[24.2754,-34.0891],[24.2798,-34.0897],[24.2819,-34.0909],[24.2825,-34.0905],[24.284,-34.0921],[24.2863,-34.0925],[24.2884,-34.0918],[24.2929,-34.0928],[24.2971,-34.095],[24.299,-34.0979],[24.302,-34.0977],[24.3049,-34.1001],[24.3092,-34.1002],[24.3103,-34.1018],[24.3182,-34.1012],[24.3227,-34.1032],[24.3283,-34.1034],[24.3396,-34.1019],[24.3461,-34.1034],[24.3512,-34.1019],[24.3543,-34.104],[24.3548,-34.1034],[24.361,-34.1035],[24.3634,-34.1047],[24.373,-34.1025],[24.3767,-34.1037],[24.3779,-34.1029],[24.382,-34.1031],[24.3817,-34.1046],[24.3826,-34.1043],[24.3832,-34.1054],[24.3838,-34.105],[24.3847,-34.106],[24.3864,-34.1062],[24.3898,-34.109],[24.3914,-34.1086],[24.3919,-34.1105],[24.3936,-34.1103],[24.3931,-34.1107],[24.3948,-34.1115],[24.396,-34.1112],[24.3967,-34.1118],[24.3963,-34.1127],[24.3979,-34.1128],[24.4002,-34.1146],[24.4017,-34.1172],[24.4097,-34.1182],[24.418,-34.1219],[24.4275,-34.1273],[24.4394,-34.1363],[24.4396,-34.1371],[24.4386,-34.138],[24.4404,-34.1375],[24.4411,-34.1383],[24.4399,-34.14],[24.4424,-34.141],[24.443,-34.1423],[24.4465,-34.1449],[24.4536,-34.1482],[24.455,-34.1496],[24.4594,-34.151],[24.4624,-34.1542],[24.4718,-34.1594],[24.4735,-34.1611],[24.478,-34.1622],[24.4819,-34.1643],[24.4845,-34.1646],[24.4856,-34.1656],[24.4913,-34.1676],[24.5002,-34.1668],[24.5016,-34.1688],[24.5056,-34.1701],[24.5075,-34.17],[24.5097,-34.1718],[24.5122,-34.1725],[24.5144,-34.1711],[24.5158,-34.1714],[24.517,-34.1694],[24.518,-34.1693],[24.5321,-34.1733],[24.5332,-34.1725],[24.5363,-34.1737],[24.54,-34.1736],[24.5418,-34.1745],[24.5429,-34.1736],[24.5462,-34.1735],[24.5471,-34.175],[24.5502,-34.1751],[24.5521,-34.1762],[24.5539,-34.1755],[24.5588,-34.176],[24.5582,-34.1769],[24.5642,-34.1789],[24.5667,-34.1813],[24.5718,-34.1817],[24.572,-34.1825],[24.5762,-34.1833],[24.5764,-34.1842],[24.5775,-34.1841],[24.5793,-34.1854],[24.5822,-34.1846],[24.5872,-34.1863],[24.5886,-34.1853],[24.5898,-34.1874],[24.5954,-34.1875],[24.5963,-34.1884],[24.599,-34.1879],[24.6018,-34.1897],[24.6087,-34.1914],[24.6099,-34.1909],[24.6068,-34.1885],[24.6064,-34.1837],[24.6079,-34.183],[24.6087,-34.1804],[24.6155,-34.1758],[24.6247,-34.1732],[24.632,-34.1723],[24.6464,-34.173],[24.659,-34.1749],[24.6683,-34.1793],[24.6696,-34.1787],[24.6701,-34.1801],[24.6717,-34.1798],[24.6716,-34.1803],[24.6799,-34.1842],[24.6851,-34.1838],[24.686,-34.1849],[24.685,-34.1852],[24.6849,-34.1861],[24.6881,-34.1879],[24.692,-34.1879],[24.6939,-34.1902],[24.6977,-34.1897],[24.6997,-34.1907],[24.7001,-34.189],[24.7012,-34.189],[24.7043,-34.1907],[24.7144,-34.1937],[24.7164,-34.1908],[24.7229,-34.1876],[24.7265,-34.1866],[24.7336,-34.1862],[24.7393,-34.1885],[24.7413,-34.1882],[24.7468,-34.1911],[24.7493,-34.1917],[24.7499,-34.1912],[24.7505,-34.1922],[24.7528,-34.1921],[24.7532,-34.1932],[24.7591,-34.1945],[24.7611,-34.1962],[24.7629,-34.1964],[24.764,-34.1955],[24.7647,-34.1974],[24.7668,-34.1969],[24.769,-34.1985],[24.7727,-34.1984],[24.7766,-34.1971],[24.7784,-34.1994],[24.7864,-34.2003],[24.7888,-34.1996],[24.7902,-34.1976],[24.7948,-34.1974],[24.8004,-34.2004],[24.8036,-34.2003],[24.8083,-34.2033],[24.8184,-34.2079],[24.8243,-34.2086],[24.8273,-34.2111],[24.8292,-34.2109],[24.8322,-34.2128],[24.8371,-34.2139],[24.838,-34.2131],[24.8379,-34.2091],[24.8339,-34.2051],[24.8359,-34.2008],[24.8399,-34.1973],[24.8464,-34.1947],[24.851,-34.1939],[24.8578,-34.1948],[24.8595,-34.1942],[24.8642,-34.1958],[24.8714,-34.1967],[24.8687,-34.1939],[24.866,-34.1932],[24.8648,-34.1916],[24.8599,-34.1891],[24.859,-34.1867],[24.8544,-34.1841],[24.8511,-34.1833],[24.8469,-34.1793],[24.844,-34.1782],[24.8405,-34.1743],[24.8341,-34.1704],[24.8323,-34.1679],[24.8334,-34.1624],[24.8397,-34.1515],[24.8429,-34.1417],[24.8489,-34.1389],[24.8572,-34.131],[24.8589,-34.1284],[24.8654,-34.1231],[24.8701,-34.121],[24.8715,-34.1188],[24.8789,-34.1138],[24.8852,-34.111],[24.8991,-34.0953],[24.9063,-34.0893],[24.9076,-34.0869],[24.9094,-34.0872],[24.9128,-34.0859],[24.9147,-34.0838],[24.9224,-34.0798],[24.9213,-34.0777],[24.923,-34.0677],[24.926,-34.0638],[24.9273,-34.0604],[24.9255,-34.0573],[24.9251,-34.0535],[24.927,-34.05],[24.9272,-34.0477],[24.9292,-34.0425],[24.9319,-34.0391],[24.932,-34.0356],[24.934,-34.0335],[24.9314,-34.0271],[24.9291,-34.0242],[24.9293,-34.0205],[24.9281,-34.0155],[24.9351,-34.0073],[24.9423,-34.0018],[24.9628,-33.9906],[24.9888,-33.9802],[24.9924,-33.9797],[24.9997,-33.9771],[25.004,-33.9771],[25.017,-33.973],[25.0228,-33.9733],[25.0313,-33.9704],[25.0375,-33.9705],[25.0779,-33.9647],[25.0822,-33.9653],[25.0881,-33.9641],[25.1052,-33.9627],[25.1541,-33.9628],[25.1975,-33.9668],[25.2113,-33.9686],[25.2257,-33.9714],[25.2334,-33.9738],[25.2385,-33.9741],[25.2398,-33.9751],[25.2448,-33.9757],[25.2488,-33.9774],[25.2546,-33.978],[25.2637,-33.9809],[25.2709,-33.9822],[25.2753,-33.9841],[25.2871,-33.987],[25.2986,-33.9917],[25.3055,-33.993],[25.3107,-33.9967],[25.319,-33.9999],[25.3253,-34.0037],[25.3272,-34.0037],[25.3271,-34.0046],[25.3283,-34.0041],[25.3286,-34.0053],[25.3301,-34.0049],[25.3322,-34.0068],[25.3338,-34.0067],[25.3348,-34.0081],[25.3368,-34.008],[25.3402,-34.0104],[25.3451,-34.0117],[25.3513,-34.0156],[25.3552,-34.0161],[25.3618,-34.0194],[25.3639,-34.0192],[25.3818,-34.023],[25.3842,-34.025],[25.3927,-34.0285],[25.3948,-34.0313],[25.4001,-34.0336],[25.4033,-34.0333],[25.4078,-34.0358],[25.4115,-34.0338],[25.4151,-34.0348],[25.4186,-34.0334],[25.4221,-34.0345],[25.4255,-34.0337],[25.4321,-34.0337],[25.435,-34.035],[25.4402,-34.0354],[25.4434,-34.0336],[25.4477,-34.0334],[25.4522,-34.0309],[25.4618,-34.0295],[25.4681,-34.0294],[25.4752,-34.0307],[25.4823,-34.0337],[25.4851,-34.0335],[25.4887,-34.0345],[25.491,-34.0338],[25.4979,-34.036],[25.5049,-34.0347],[25.5099,-34.0373],[25.5109,-34.037],[25.5122,-34.0382],[25.5136,-34.0373],[25.5198,-34.0363],[25.5218,-34.0375],[25.527,-34.0384],[25.5318,-34.0414],[25.5371,-34.0425],[25.5434,-34.0418],[25.5496,-34.0443],[25.5587,-34.0449],[25.5604,-34.0442],[25.5644,-34.046],[25.5664,-34.0452],[25.5702,-34.0456],[25.575,-34.0479],[25.5764,-34.0494],[25.5809,-34.0508],[25.5847,-34.05],[25.5913,-34.0505],[25.5928,-34.0496],[25.5927,-34.0481],[25.5966,-34.0475],[25.5991,-34.0483],[25.6055,-34.0469],[25.6085,-34.0451],[25.621,-34.0466],[25.6281,-34.0494],[25.6279,-34.0478],[25.6291,-34.0463],[25.6342,-34.0465],[25.6393,-34.0421],[25.6389,-34.0399],[25.6436,-34.0393],[25.645,-34.0383],[25.6449,-34.0356],[25.6462,-34.0346],[25.6461,-34.0336],[25.6481,-34.0336],[25.6478,-34.0329],[25.6485,-34.0325],[25.6489,-34.0306],[25.6529,-34.028],[25.6597,-34.0265],[25.6639,-34.0268],[25.6653,-34.026],[25.6694,-34.0259],[25.6766,-34.0272],[25.6783,-34.0268],[25.6806,-34.0281],[25.6834,-34.0278],[25.6834,-34.0286],[25.6858,-34.028],[25.6872,-34.0288],[25.6867,-34.0307],[25.6881,-34.03],[25.6908,-34.0302],[25.6959,-34.0313],[25.6965,-34.032],[25.7004,-34.0315],[25.7028,-34.0323],[25.7043,-34.0315],[25.7028,-34.0301],[25.7045,-34.0304],[25.7024,-34.0275],[25.7004,-34.0265],[25.6995,-34.0241],[25.6958,-34.02],[25.6933,-34.0147],[25.6923,-34.0106],[25.691,-34.0094],[25.6871,-34.0003],[25.6818,-33.9943],[25.6743,-33.9883],[25.672,-33.9836],[25.6614,-33.9813],[25.6476,-33.9753],[25.6442,-33.9657],[25.6445,-33.9632],[25.6357,-33.9683],[25.6323,-33.966],[25.6343,-33.9649],[25.6311,-33.9654],[25.6294,-33.9638],[25.6369,-33.963],[25.6368,-33.9616],[25.631,-33.9621],[25.627,-33.9604],[25.6409,-33.9586],[25.6393,-33.9551],[25.6244,-33.956],[25.6158,-33.9519],[25.6125,-33.9483],[25.6117,-33.944],[25.6113,-33.9308],[25.6134,-33.9189],[25.6178,-33.9075],[25.6219,-33.8933],[25.6269,-33.8809],[25.6329,-33.8694],[25.6333,-33.8661],[25.631,-33.8641],[25.6345,-33.8639],[25.6366,-33.8616],[25.6374,-33.8584],[25.6415,-33.8516],[25.6445,-33.8486],[25.652,-33.8376],[25.6653,-33.8219],[25.6758,-33.8118],[25.6859,-33.8034],[25.6951,-33.7976],[25.704,-33.7905],[25.7392,-33.7705],[25.7473,-33.7669],[25.7492,-33.7669],[25.7504,-33.7656],[25.7623,-33.7597],[25.7672,-33.7552],[25.7713,-33.7526],[25.774,-33.752],[25.7763,-33.75],[25.7822,-33.7478],[25.789,-33.7435],[25.8126,-33.7352],[25.8228,-33.7302],[25.8473,-33.7225],[25.8539,-33.7221],[25.867,-33.7199],[25.8726,-33.7181],[25.8906,-33.7153],[25.9197,-33.7116],[25.9568,-33.7085],[26.0159,-33.7053],[26.0505,-33.7053],[26.0788,-33.7067],[26.106,-33.7097],[26.1348,-33.714],[26.1522,-33.7174],[26.1652,-33.7212],[26.1883,-33.7262],[26.2044,-33.7306],[26.2498,-33.7456],[26.2775,-33.7565],[26.2779,-33.7573],[26.2817,-33.7586],[26.2861,-33.7617],[26.2943,-33.7635],[26.2953,-33.7631],[26.3241,-33.7679],[26.3412,-33.765],[26.3521,-33.7612],[26.3802,-33.7594],[26.4241,-33.7639],[26.4328,-33.7655],[26.4376,-33.7677],[26.4462,-33.77],[26.4601,-33.7713],[26.4684,-33.7734],[26.4703,-33.7714],[26.4773,-33.7699],[26.4778,-33.7688],[26.4848,-33.7656],[26.489,-33.765],[26.4972,-33.7657],[26.4988,-33.7639],[26.5026,-33.7623],[26.5111,-33.7592],[26.5184,-33.758],[26.5258,-33.7548],[26.5376,-33.7527],[26.5433,-33.7526],[26.5465,-33.7516],[26.5481,-33.7499],[26.5497,-33.7506],[26.5537,-33.7489],[26.5585,-33.7483],[26.5596,-33.7462],[26.5727,-33.7394],[26.5783,-33.7332],[26.5851,-33.7288],[26.5902,-33.7245],[26.5941,-33.7228],[26.6,-33.721],[26.6096,-33.7201],[26.6109,-33.7193],[26.6206,-33.7183],[26.622,-33.7185],[26.6219,-33.7199],[26.6259,-33.7191],[26.6255,-33.7177],[26.6288,-33.7163],[26.6293,-33.713],[26.6313,-33.7105],[26.6397,-33.7081],[26.6427,-33.7035],[26.6481,-33.6998],[26.6547,-33.6971],[26.6599,-33.6963],[26.6626,-33.6945],[26.6652,-33.6965],[26.6666,-33.6966],[26.673,-33.6928],[26.6822,-33.6853],[26.6837,-33.6832],[26.6902,-33.6824],[26.6936,-33.6811],[26.6951,-33.6822],[26.6969,-33.6819],[26.7001,-33.6798],[26.7002,-33.6766],[26.7023,-33.6753],[26.7046,-33.6719],[26.7114,-33.6689],[26.7236,-33.6656],[26.7275,-33.6628],[26.7311,-33.6615],[26.7355,-33.6559],[26.7423,-33.6529],[26.754,-33.6494],[26.7589,-33.6491],[26.7616,-33.6475],[26.7664,-33.6463],[26.7776,-33.6446],[26.7812,-33.6449],[26.7854,-33.6426],[26.7905,-33.6414],[26.7949,-33.6415],[26.7951,-33.6408],[26.807,-33.637],[26.8247,-33.6324],[26.843,-33.631],[26.8509,-33.6293],[26.8554,-33.6273],[26.8667,-33.6263],[26.8715,-33.6227],[26.875,-33.6221],[26.878,-33.6207],[26.8793,-33.6195],[26.88,-33.6172],[26.8823,-33.6158],[26.8894,-33.6143],[26.8916,-33.6091],[26.8984,-33.6063],[26.9005,-33.6041],[26.9029,-33.6041],[26.9016,-33.6019],[26.9045,-33.5992],[26.9189,-33.5955],[26.9222,-33.593],[26.9287,-33.5859],[26.9352,-33.5836],[26.9372,-33.5815],[26.9483,-33.5781],[26.956,-33.5779],[26.9597,-33.5756],[26.9663,-33.5747],[26.9705,-33.5731],[26.9868,-33.571],[27.0084,-33.5706],[27.0094,-33.5696],[27.0089,-33.5674],[27.0098,-33.566],[27.0154,-33.5619],[27.0231,-33.5593],[27.027,-33.5588],[27.0333,-33.5561],[27.0428,-33.5543],[27.0432,-33.5532],[27.0417,-33.551],[27.0418,-33.5478],[27.0431,-33.546],[27.0492,-33.5408],[27.0586,-33.5363],[27.0686,-33.5328],[27.0768,-33.5323],[27.0792,-33.5306],[27.0882,-33.5294],[27.0915,-33.5274],[27.0952,-33.5276],[27.1124,-33.5247],[27.1147,-33.5227],[27.1151,-33.5194],[27.1202,-33.5159],[27.1247,-33.5087],[27.1301,-33.5049],[27.1331,-33.5053],[27.1355,-33.5039],[27.1353,-33.5029],[27.1338,-33.5026],[27.1328,-33.5005],[27.1359,-33.4957],[27.1379,-33.4944],[27.1395,-33.4943],[27.1396,-33.4952],[27.1409,-33.4958],[27.1425,-33.4953],[27.1427,-33.4937],[27.141,-33.4922],[27.1433,-33.4872],[27.148,-33.4853],[27.1498,-33.4833],[27.1528,-33.4828],[27.1529,-33.4807],[27.1561,-33.4785],[27.1688,-33.4719],[27.1719,-33.4711],[27.1713,-33.4723],[27.1725,-33.4724],[27.1755,-33.4708],[27.1754,-33.4696],[27.1866,-33.4655],[27.1975,-33.4629],[27.2091,-33.4628],[27.2156,-33.4599],[27.2178,-33.4584],[27.2212,-33.4528],[27.2232,-33.4522],[27.2264,-33.4491],[27.2266,-33.4452],[27.2288,-33.4421],[27.2348,-33.437],[27.2428,-33.4319],[27.2522,-33.4284],[27.261,-33.4236],[27.2663,-33.4217],[27.2753,-33.4146],[27.2884,-33.4072],[27.2981,-33.3998],[27.3006,-33.3988],[27.3093,-33.3928],[27.3182,-33.389],[27.325,-33.3829],[27.3387,-33.379],[27.3554,-33.3639],[27.3618,-33.3613],[27.3674,-33.3603],[27.369,-33.3586],[27.3723,-33.3574],[27.3761,-33.3567],[27.3878,-33.3498],[27.3938,-33.348],[27.4021,-33.343],[27.4128,-33.3398],[27.4165,-33.3359],[27.4225,-33.3337],[27.4252,-33.3295],[27.4264,-33.3291],[27.4269,-33.3268],[27.4298,-33.3225],[27.4359,-33.3171],[27.4434,-33.3135],[27.4548,-33.3096],[27.4555,-33.3087],[27.4569,-33.3091],[27.4643,-33.307],[27.475,-33.3003],[27.4802,-33.2987],[27.4819,-33.2963],[27.4812,-33.2953],[27.4813,-33.2911],[27.4842,-33.2874],[27.4923,-33.2816],[27.4957,-33.2815],[27.4965,-33.2806],[27.4989,-33.2803],[27.5,-33.2785],[27.5073,-33.2754],[27.5168,-33.2691],[27.5193,-33.266],[27.5206,-33.2663],[27.5203,-33.2634],[27.5213,-33.2615],[27.5282,-33.2563],[27.5569,-33.2447],[27.5748,-33.2358],[27.5821,-33.2285],[27.5828,-33.2266],[27.5823,-33.2254],[27.59,-33.2243],[27.5942,-33.2221],[27.5986,-33.2215],[27.6031,-33.222],[27.6045,-33.2192],[27.6089,-33.2181],[27.611,-33.2166],[27.611,-33.2129],[27.615,-33.2077],[27.6327,-33.2018],[27.6342,-33.2005],[27.6341,-33.1969],[27.6442,-33.1928],[27.6452,-33.1917],[27.6448,-33.1901],[27.6462,-33.1882],[27.6521,-33.1863],[27.6565,-33.1818],[27.6593,-33.1804],[27.6594,-33.1777],[27.6632,-33.1747],[27.6644,-33.1724],[27.6693,-33.1711],[27.6728,-33.1686],[27.6789,-33.1668],[27.6778,-33.1652],[27.6806,-33.1612],[27.6816,-33.1613],[27.6863,-33.1583],[27.6939,-33.1567],[27.7002,-33.1529],[27.7035,-33.1481],[27.7027,-33.1464],[27.7039,-33.1437],[27.7136,-33.1392],[27.7151,-33.1375],[27.7154,-33.1354],[27.7223,-33.1306],[27.7285,-33.121],[27.7368,-33.1172],[27.7434,-33.1161],[27.7469,-33.1135],[27.7475,-33.1118],[27.7494,-33.1116],[27.7625,-33.1052],[27.7735,-33.1025],[27.78,-33.1031],[27.7833,-33.1022],[27.8056,-33.0892],[27.8166,-33.0865],[27.8192,-33.0863],[27.8203,-33.0874],[27.823,-33.0861],[27.8244,-33.0863],[27.8243,-33.0854],[27.8256,-33.0847],[27.8246,-33.0829],[27.8251,-33.0808],[27.827,-33.0791],[27.8279,-33.0767],[27.8304,-33.0747],[27.8346,-33.0738],[27.8365,-33.0723],[27.8376,-33.0724],[27.8411,-33.0707],[27.8438,-33.0706],[27.8439,-33.0693],[27.8502,-33.0669],[27.8541,-33.0633],[27.8631,-33.06],[27.8639,-33.0588],[27.8635,-33.0572],[27.871,-33.0556],[27.8756,-33.0518],[27.8784,-33.0512],[27.8881,-33.0452],[27.8941,-33.0441],[27.899,-33.0445],[27.9013,-33.0431],[27.9019,-33.0435],[27.9052,-33.0408],[27.908,-33.0397],[27.9105,-33.0365],[27.9106,-33.0352],[27.9136,-33.0328],[27.9192,-33.0298],[27.9255,-33.0284],[27.9212,-33.026],[27.9165,-33.0266],[27.9164,-33.024],[27.9186,-33.0224],[27.9184,-33.0218],[27.9199,-33.0209],[27.9214,-33.0186],[27.9226,-33.0116],[27.9255,-33.0093],[27.9334,-33.0051],[27.9395,-33.0026],[27.9424,-33.0024],[27.9452,-33.0003],[27.9451,-32.9996],[27.9521,-32.9978],[27.9522,-32.9955],[27.9494,-32.9931],[27.9492,-32.9907],[27.9519,-32.9867],[27.9539,-32.9861],[27.9573,-32.9834],[27.9608,-32.9788],[27.9691,-32.9736],[27.986,-32.9698],[27.9879,-32.9667],[27.9913,-32.9644],[27.9919,-32.9624],[27.9996,-32.9588],[28.0037,-32.9553],[28.0091,-32.9552],[28.0127,-32.9538],[28.0138,-32.9522],[28.0198,-32.951],[28.0228,-32.9493],[28.0272,-32.9438],[28.0345,-32.9428],[28.0352,-32.9412],[28.0322,-32.9375],[28.0325,-32.9346],[28.034,-32.9338],[28.0351,-32.9344],[28.037,-32.9339],[28.0388,-32.9308],[28.0459,-32.9276],[28.0521,-32.9226],[28.0546,-32.9217],[28.0568,-32.9191],[28.0629,-32.9184],[28.0714,-32.9143],[28.0792,-32.9134],[28.081,-32.9121],[28.0804,-32.91],[28.0787,-32.9086],[28.0756,-32.9082],[28.0755,-32.9074],[28.0778,-32.9043],[28.0829,-32.9009],[28.0852,-32.8977],[28.09,-32.8964],[28.0916,-32.8926],[28.0938,-32.8912],[28.0943,-32.8924],[28.0962,-32.8931],[28.0972,-32.8895],[28.0997,-32.8879],[28.0987,-32.8871],[28.0987,-32.8855],[28.1009,-32.8844],[28.1002,-32.8831],[28.1005,-32.8793],[28.1025,-32.8771],[28.1044,-32.8772],[28.104,-32.8764],[28.1053,-32.875],[28.1068,-32.8746],[28.108,-32.8729],[28.1079,-32.8669],[28.1093,-32.8652],[28.1092,-32.863],[28.1122,-32.8612],[28.1132,-32.8595],[28.1159,-32.8587],[28.1176,-32.8565],[28.1175,-32.8537],[28.1213,-32.8518],[28.1192,-32.8496],[28.1194,-32.8443],[28.117,-32.8395],[28.1175,-32.8376],[28.1162,-32.8343],[28.1172,-32.8305],[28.1252,-32.8211],[28.1392,-32.8073],[28.1452,-32.8044],[28.1557,-32.7961],[28.1708,-32.7891],[28.1808,-32.7856],[28.2007,-32.781],[28.2069,-32.7804],[28.2232,-32.7748],[28.2292,-32.7739],[28.2346,-32.7705],[28.2392,-32.7705],[28.2423,-32.7668],[28.2459,-32.7651],[28.2504,-32.7657],[28.2544,-32.7627],[28.255,-32.7609],[28.2574,-32.7595],[28.2639,-32.7602],[28.269,-32.7589],[28.2706,-32.7569],[28.2747,-32.7544],[28.2761,-32.7523],[28.2807,-32.7498],[28.282,-32.7475],[28.284,-32.7468],[28.2853,-32.7425],[28.2871,-32.7401],[28.2899,-32.7385],[28.2922,-32.7388],[28.2982,-32.7364],[28.2979,-32.7345],[28.2999,-32.7321],[28.3079,-32.7255],[28.3097,-32.7258],[28.3109,-32.7268],[28.3141,-32.7244],[28.3162,-32.7251],[28.3176,-32.7246],[28.3212,-32.7223],[28.3254,-32.7177],[28.3271,-32.7174],[28.3285,-32.7184],[28.3302,-32.7183],[28.3308,-32.7163],[28.3322,-32.7162],[28.333,-32.7145],[28.3346,-32.715],[28.3348,-32.7139],[28.3365,-32.7151],[28.3373,-32.7148],[28.337,-32.7137],[28.3388,-32.7122],[28.3386,-32.7116],[28.3425,-32.7098],[28.3439,-32.7079],[28.3522,-32.7088],[28.3581,-32.7078],[28.3643,-32.7095],[28.3672,-32.7075],[28.3687,-32.7075],[28.3694,-32.7063],[28.3709,-32.7061],[28.3707,-32.7054],[28.3736,-32.7049],[28.3738,-32.7016],[28.3729,-32.6982],[28.3742,-32.6952],[28.3745,-32.6904],[28.3762,-32.6888],[28.3786,-32.6886],[28.3808,-32.6852],[28.3831,-32.6842],[28.3835,-32.6828],[28.3895,-32.6788],[28.3923,-32.6738],[28.3938,-32.6733],[28.3995,-32.6677],[28.408,-32.6636],[28.4135,-32.6583],[28.417,-32.6566],[28.4176,-32.6553],[28.4169,-32.6541],[28.4179,-32.6527],[28.4272,-32.6445],[28.4299,-32.6397],[28.4287,-32.6374],[28.43,-32.6366],[28.4295,-32.6358],[28.4315,-32.6332],[28.4342,-32.6311],[28.4429,-32.6278],[28.4454,-32.6261],[28.447,-32.6261],[28.4507,-32.624],[28.4631,-32.6213],[28.4647,-32.622],[28.4655,-32.6207],[28.469,-32.6192],[28.4733,-32.6197],[28.4755,-32.6164],[28.4799,-32.614],[28.4842,-32.6092],[28.501,-32.6045],[28.5028,-32.6044],[28.5041,-32.6054],[28.51,-32.6042],[28.5185,-32.5982],[28.5228,-32.5933],[28.525,-32.5902],[28.5271,-32.5852],[28.5257,-32.5841],[28.5276,-32.5816],[28.5392,-32.5751],[28.5516,-32.5726],[28.5529,-32.5705],[28.5519,-32.569],[28.5522,-32.5673],[28.5542,-32.5622],[28.5556,-32.5611],[28.554,-32.5592],[28.5533,-32.5567],[28.5554,-32.552],[28.5579,-32.5496],[28.5674,-32.545],[28.5719,-32.5419],[28.5766,-32.5366],[28.5787,-32.5306],[28.5814,-32.5272],[28.5825,-32.5231],[28.586,-32.521],[28.5887,-32.5207],[28.5908,-32.5188],[28.5934,-32.5184],[28.5961,-32.5191],[28.6009,-32.5162],[28.6028,-32.5127],[28.6023,-32.5087],[28.6035,-32.506],[28.6036,-32.5028],[28.6063,-32.4996],[28.6101,-32.4986],[28.6132,-32.4943],[28.6151,-32.493],[28.6276,-32.4895],[28.6322,-32.4859],[28.6356,-32.4862],[28.6371,-32.4835],[28.6452,-32.4809],[28.6474,-32.4828],[28.65,-32.4837],[28.6508,-32.4832],[28.6527,-32.4806],[28.6525,-32.4779],[28.6558,-32.4763],[28.6572,-32.4741],[28.657,-32.4718],[28.6547,-32.4696],[28.6539,-32.4668],[28.6546,-32.465],[28.6559,-32.4649],[28.6564,-32.462],[28.6594,-32.458],[28.6655,-32.4531],[28.6697,-32.4528],[28.6705,-32.4487],[28.6768,-32.4481],[28.6801,-32.4454],[28.6802,-32.4442],[28.6856,-32.4414],[28.6861,-32.4391],[28.6848,-32.438],[28.685,-32.4364],[28.6882,-32.4352],[28.6891,-32.4335],[28.691,-32.4339],[28.6922,-32.4328],[28.6918,-32.4324],[28.694,-32.4322],[28.6941,-32.4316],[28.6919,-32.4306],[28.6923,-32.4298],[28.6952,-32.4297],[28.6958,-32.4309],[28.6966,-32.4283],[28.6992,-32.4281],[28.6999,-32.4262],[28.7021,-32.4257],[28.7029,-32.4265],[28.705,-32.4263],[28.7048,-32.4255],[28.7075,-32.4222],[28.7078,-32.4203],[28.7105,-32.4199],[28.7082,-32.4182],[28.7098,-32.4157],[28.7158,-32.4121],[28.7245,-32.405],[28.7253,-32.4035],[28.7241,-32.4025],[28.7252,-32.4011],[28.7265,-32.4021],[28.7326,-32.3996],[28.7358,-32.3994],[28.7412,-32.3973],[28.7439,-32.3952],[28.7444,-32.3964],[28.7471,-32.3923],[28.7482,-32.3854],[28.7497,-32.3851],[28.7512,-32.3828],[28.7507,-32.3811],[28.7523,-32.3779],[28.7509,-32.3768],[28.7512,-32.3743],[28.7571,-32.3711],[28.7595,-32.3707],[28.7631,-32.3655],[28.7673,-32.3643],[28.7726,-32.3606],[28.7774,-32.3536],[28.7784,-32.3494],[28.7845,-32.3453],[28.7849,-32.3427],[28.7901,-32.339],[28.7919,-32.341],[28.7959,-32.3403],[28.8057,-32.3347],[28.8072,-32.3331],[28.8106,-32.3326],[28.8156,-32.3292],[28.8167,-32.3242],[28.8159,-32.3203],[28.8181,-32.3202],[28.8237,-32.3179],[28.8301,-32.3091],[28.8307,-32.3065],[28.8317,-32.3055],[28.8367,-32.3048],[28.8387,-32.3013],[28.8422,-32.2999],[28.8507,-32.3005],[28.8539,-32.2985],[28.8554,-32.2984],[28.8591,-32.2917],[28.8622,-32.2902],[28.8651,-32.2876],[28.8687,-32.2891],[28.8693,-32.2866],[28.8725,-32.2854],[28.8742,-32.2831],[28.8824,-32.2798],[28.8849,-32.2804],[28.8836,-32.2782],[28.8825,-32.2731],[28.8851,-32.2692],[28.8898,-32.2657],[28.897,-32.2571],[28.8974,-32.2555],[28.896,-32.2548],[28.8983,-32.2516],[28.897,-32.2477],[28.8978,-32.2452],[28.9001,-32.2448],[28.9019,-32.2466],[28.9081,-32.246],[28.9125,-32.2443],[28.914,-32.242],[28.9149,-32.2426],[28.9205,-32.2408],[28.9213,-32.2385],[28.9203,-32.2373],[28.9205,-32.2358],[28.9236,-32.2329],[28.9246,-32.231],[28.9262,-32.231],[28.9274,-32.23],[28.9272,-32.2283],[28.926,-32.2268],[28.928,-32.2267],[28.9342,-32.224],[28.9373,-32.2222],[28.9385,-32.2206],[28.938,-32.2201],[28.9413,-32.2198],[28.943,-32.2187],[28.9427,-32.2164],[28.9433,-32.214],[28.9462,-32.2136],[28.9461,-32.2121],[28.9472,-32.2108],[28.9499,-32.2108],[28.9484,-32.2065],[28.9471,-32.2064],[28.9462,-32.2044],[28.9497,-32.2014],[28.9502,-32.199],[28.9545,-32.1952],[28.9552,-32.1936],[28.9568,-32.1929],[28.9573,-32.1946],[28.9603,-32.1932],[28.9622,-32.1888],[28.9621,-32.1862],[28.9677,-32.1848],[28.9734,-32.1798],[28.9757,-32.1804],[28.9761,-32.1793],[28.9741,-32.1759],[28.9761,-32.1762],[28.9799,-32.1752],[28.9817,-32.1722],[28.9834,-32.1712],[28.9824,-32.1697],[28.9838,-32.1713],[28.9866,-32.1708],[28.9929,-32.1654],[28.995,-32.1625],[28.9966,-32.1617],[28.9972,-32.1595],[28.9932,-32.1568],[28.9958,-32.157],[29.0007,-32.1514],[29.0025,-32.15],[29.0062,-32.1489],[29.008,-32.1471],[29.0086,-32.1446],[29.0103,-32.1431],[29.0113,-32.1404],[29.0108,-32.1393],[29.0083,-32.1401],[29.0078,-32.1383],[29.01,-32.1375],[29.0095,-32.1363],[29.0102,-32.1336],[29.0119,-32.1326],[29.0126,-32.1302],[29.0179,-32.1256],[29.0189,-32.1256],[29.0213,-32.1227],[29.021,-32.1208],[29.027,-32.1206],[29.0289,-32.1187],[29.0311,-32.1189],[29.0326,-32.1171],[29.0313,-32.1125],[29.0337,-32.1154],[29.0358,-32.1159],[29.0394,-32.1144],[29.0393,-32.1132],[29.0413,-32.1127],[29.0422,-32.1105],[29.0457,-32.1085],[29.0461,-32.1068],[29.0455,-32.1063],[29.0466,-32.1064],[29.0471,-32.1055],[29.0471,-32.1062],[29.0482,-32.1058],[29.0513,-32.1031],[29.0541,-32.1027],[29.0546,-32.1036],[29.0553,-32.1028],[29.0561,-32.1035],[29.0613,-32.102],[29.0627,-32.1005],[29.062,-32.0978],[29.0636,-32.0966],[29.0652,-32.0963],[29.0676,-32.0982],[29.0702,-32.0942],[29.0696,-32.0918],[29.0684,-32.0915],[29.0679,-32.0896],[29.0664,-32.0887],[29.0669,-32.0882],[29.0677,-32.089],[29.0696,-32.088],[29.0708,-32.086],[29.0759,-32.0829],[29.0752,-32.0813],[29.0759,-32.0806],[29.0771,-32.0809],[29.0783,-32.0797],[29.0779,-32.078],[29.08,-32.0806],[29.0868,-32.0792],[29.0889,-32.0803],[29.089,-32.077],[29.0869,-32.0751],[29.0885,-32.0739],[29.0887,-32.0726],[29.0868,-32.067],[29.0875,-32.064],[29.0914,-32.0635],[29.0922,-32.0604],[29.0995,-32.0551],[29.101,-32.0528],[29.1027,-32.0464],[29.1071,-32.0452],[29.1063,-32.0435],[29.107,-32.0424],[29.1063,-32.0415],[29.1067,-32.0404],[29.1114,-32.0393],[29.1155,-32.0367],[29.1153,-32.0361],[29.113,-32.0371],[29.1121,-32.0367],[29.1116,-32.0356],[29.1126,-32.0349],[29.1113,-32.0326],[29.1151,-32.0324],[29.1158,-32.0312],[29.1154,-32.0303],[29.1187,-32.0278],[29.121,-32.0286],[29.1241,-32.0277],[29.1227,-32.0245],[29.1264,-32.0211],[29.1279,-32.0209],[29.1302,-32.0191],[29.1297,-32.0139],[29.1322,-32.0127],[29.1312,-32.0085],[29.1323,-32.0064],[29.132,-32.0053],[29.1343,-32.0034],[29.1371,-32.0032],[29.1375,-32.0005],[29.1358,-32.0],[29.1358,-31.9959],[29.1425,-31.9917],[29.1466,-31.991],[29.1477,-31.9892],[29.147,-31.9884],[29.148,-31.9874],[29.1498,-31.9885],[29.1532,-31.9872],[29.1535,-31.9863],[29.1504,-31.9846],[29.1533,-31.9803],[29.16,-31.9782],[29.1624,-31.9746],[29.1622,-31.9733],[29.163,-31.9723],[29.1653,-31.9711],[29.166,-31.9719],[29.1672,-31.9718],[29.1679,-31.9659],[29.1762,-31.9598],[29.1782,-31.9595],[29.1832,-31.9538],[29.1832,-31.9528],[29.1817,-31.9526],[29.1818,-31.9519],[29.1913,-31.9481],[29.2006,-31.9478],[29.201,-31.9463],[29.2053,-31.9464],[29.2074,-31.9448],[29.2086,-31.9455],[29.21,-31.9446],[29.213,-31.945],[29.2135,-31.9432],[29.2168,-31.9395],[29.2165,-31.937],[29.2138,-31.9364],[29.2145,-31.9311],[29.217,-31.9307],[29.2244,-31.9257],[29.2253,-31.9244],[29.226,-31.9206],[29.2256,-31.9194],[29.2324,-31.9148],[29.2325,-31.9118],[29.2341,-31.9114],[29.2342,-31.9081],[29.2364,-31.9079],[29.238,-31.9061],[29.24,-31.9059],[29.2418,-31.9042],[29.2421,-31.9021],[29.2449,-31.8992],[29.2449,-31.8979],[29.2417,-31.8958],[29.2424,-31.8942],[29.2435,-31.8933],[29.2456,-31.8931],[29.2461,-31.8917],[29.2455,-31.8909],[29.2474,-31.8895],[29.25,-31.8881],[29.2506,-31.8889],[29.2519,-31.8888],[29.2518,-31.8874],[29.256,-31.8854],[29.2583,-31.8854],[29.2618,-31.8812],[29.2604,-31.8786],[29.2623,-31.8748],[29.2611,-31.8732],[29.2605,-31.8698],[29.2633,-31.8675],[29.2636,-31.8645],[29.2626,-31.8638],[29.2682,-31.8593],[29.2714,-31.8595],[29.2729,-31.8588],[29.2793,-31.8513],[29.2796,-31.8499],[29.2789,-31.8486],[29.2826,-31.848],[29.2845,-31.8439],[29.2865,-31.8438],[29.2903,-31.8402],[29.2919,-31.8377],[29.2916,-31.8352],[29.2938,-31.8347],[29.2934,-31.8336],[29.295,-31.8331],[29.2965,-31.8314],[29.2985,-31.8319],[29.3028,-31.8281],[29.3026,-31.8275],[29.3013,-31.8276],[29.3011,-31.8263],[29.3063,-31.8252],[29.3088,-31.8214],[29.3144,-31.8178],[29.3148,-31.8153],[29.3168,-31.8138],[29.3199,-31.8132],[29.3192,-31.8113],[29.3204,-31.8105],[29.331,-31.8069],[29.3367,-31.8081],[29.3409,-31.8051],[29.3463,-31.8049],[29.3477,-31.8037],[29.349,-31.7996],[29.3448,-31.7952],[29.345,-31.7942],[29.3471,-31.7918],[29.3498,-31.7927],[29.3527,-31.7888],[29.3547,-31.788],[29.3565,-31.7838],[29.3565,-31.7802],[29.3577,-31.7757],[29.3561,-31.7625],[29.3567,-31.7585],[29.3622,-31.7572],[29.3728,-31.7484],[29.3816,-31.7478],[29.3834,-31.747],[29.3878,-31.743],[29.3875,-31.7416],[29.3886,-31.7407],[29.3929,-31.7386],[29.3944,-31.7369],[29.3957,-31.7372],[29.3969,-31.7363],[29.3999,-31.736],[29.401,-31.7352],[29.4007,-31.7341],[29.402,-31.7346],[29.403,-31.734],[29.4032,-31.7308],[29.4025,-31.7297],[29.4067,-31.7266],[29.4033,-31.7248],[29.4044,-31.723],[29.4036,-31.7224],[29.4035,-31.7191],[29.405,-31.718],[29.4053,-31.7169],[29.407,-31.7168],[29.408,-31.7154],[29.4101,-31.7152],[29.4115,-31.7141],[29.4108,-31.7118],[29.4128,-31.711],[29.4119,-31.7099],[29.4126,-31.7097],[29.4124,-31.7068],[29.4147,-31.705],[29.4163,-31.7054],[29.4175,-31.7022],[29.4172,-31.7002],[29.4201,-31.698],[29.4207,-31.6959],[29.4218,-31.6954],[29.4246,-31.696],[29.4252,-31.694],[29.4223,-31.6917],[29.4283,-31.6877],[29.4318,-31.6864],[29.4375,-31.6847],[29.4416,-31.6851],[29.4457,-31.681],[29.4593,-31.6763],[29.4731,-31.6776],[29.4775,-31.6749],[29.4794,-31.6751],[29.4843,-31.6736],[29.49,-31.6708],[29.4932,-31.6707],[29.4922,-31.6683],[29.4941,-31.6676],[29.4962,-31.6652],[29.4983,-31.6647],[29.5001,-31.6653],[29.5021,-31.6646],[29.5017,-31.6639],[29.5026,-31.6627],[29.502,-31.6621],[29.5062,-31.6558],[29.5085,-31.655],[29.5142,-31.6557],[29.5141,-31.6551],[29.5152,-31.655],[29.5161,-31.6531],[29.5182,-31.6515],[29.518,-31.6497],[29.5204,-31.6484],[29.5242,-31.648],[29.524,-31.6486],[29.5273,-31.6494],[29.5273,-31.6503],[29.5286,-31.6495],[29.5286,-31.6484],[29.5307,-31.6475],[29.532,-31.648],[29.5357,-31.6473],[29.5372,-31.6459],[29.5386,-31.646],[29.5397,-31.6444],[29.5404,-31.6445],[29.5403,-31.6433],[29.5422,-31.6422],[29.5448,-31.6426],[29.5468,-31.6393],[29.5478,-31.6394],[29.547,-31.6391],[29.5479,-31.6381],[29.5514,-31.6377],[29.5536,-31.6358],[29.5535,-31.635],[29.5502,-31.6316],[29.5486,-31.6316],[29.5491,-31.628],[29.5532,-31.6257],[29.5557,-31.6232],[29.5616,-31.6207],[29.5827,-31.6088],[29.5895,-31.6083],[29.592,-31.607],[29.5946,-31.6039],[29.597,-31.6039],[29.6011,-31.6001],[29.6028,-31.5999],[29.6041,-31.5967],[29.6055,-31.597],[29.6087,-31.5957],[29.6094,-31.595],[29.607,-31.5941],[29.6076,-31.5931],[29.6258,-31.5849],[29.6268,-31.5833],[29.6252,-31.5818],[29.6271,-31.5807],[29.6295,-31.577],[29.6302,-31.5729],[29.6335,-31.5709],[29.6334,-31.5678],[29.6365,-31.5638],[29.6531,-31.5562],[29.6544,-31.5547],[29.6574,-31.5533],[29.6572,-31.5526],[29.6582,-31.5515],[29.6619,-31.5498],[29.6622,-31.5483],[29.6629,-31.5504],[29.6655,-31.5519],[29.6703,-31.5492],[29.6754,-31.5444],[29.6787,-31.5394],[29.684,-31.5361],[29.6847,-31.5348],[29.684,-31.5334],[29.6845,-31.53],[29.686,-31.5275],[29.6901,-31.5283],[29.6951,-31.5265],[29.6979,-31.5219],[29.7109,-31.5079],[29.7153,-31.4985],[29.7181,-31.496],[29.721,-31.4964],[29.7218,-31.4956],[29.7227,-31.492],[29.7205,-31.4832],[29.7211,-31.4825],[29.7242,-31.482],[29.7268,-31.4833],[29.7294,-31.4831],[29.7343,-31.4791],[29.7334,-31.4754],[29.7343,-31.4734],[29.7342,-31.4708],[29.7352,-31.4695],[29.7348,-31.4674],[29.7383,-31.4644],[29.7401,-31.4668],[29.7478,-31.4621],[29.7592,-31.4524],[29.7627,-31.4532],[29.765,-31.4528],[29.7665,-31.4511],[29.7641,-31.4494],[29.7672,-31.4498],[29.7696,-31.4491],[29.7703,-31.4484],[29.769,-31.4466],[29.7701,-31.445],[29.7732,-31.4473],[29.7763,-31.4482],[29.7808,-31.4458],[29.7833,-31.4435],[29.7856,-31.4446],[29.7928,-31.4428],[29.8042,-31.4423],[29.8107,-31.4441],[29.8234,-31.4426],[29.83,-31.4424],[29.8345,-31.4432],[29.8465,-31.4343],[29.8537,-31.4303],[29.8596,-31.4291],[29.8629,-31.4239],[29.866,-31.4236],[29.8681,-31.4224],[29.8701,-31.4185],[29.8737,-31.4142],[29.8742,-31.4112],[29.8734,-31.4096],[29.8747,-31.4072],[29.8796,-31.4056],[29.8866,-31.4015],[29.8925,-31.3995],[29.9051,-31.3935],[29.9073,-31.3908],[29.9074,-31.3892],[29.9068,-31.3869],[29.9045,-31.385],[29.9052,-31.3815],[29.9125,-31.3805],[29.9193,-31.3748],[29.9195,-31.3732],[29.9215,-31.3709],[29.9282,-31.3682],[29.9335,-31.3642],[29.9386,-31.3626],[29.9401,-31.361],[29.9406,-31.3569],[29.9419,-31.3549],[29.958,-31.345],[29.96,-31.34],[29.9646,-31.3353],[29.9645,-31.3292],[29.9685,-31.3278],[29.9688,-31.3255],[29.9666,-31.3246],[29.9664,-31.3219],[29.9653,-31.3208],[29.9708,-31.3186],[29.9727,-31.3198],[29.9741,-31.3189],[29.9752,-31.3193],[29.976,-31.3182],[29.9821,-31.3161],[29.9844,-31.3142],[29.9847,-31.313],[29.9864,-31.313],[29.9892,-31.3109],[29.9907,-31.3112],[29.9955,-31.3086],[29.9974,-31.3058],[30.0017,-31.3024],[30.0023,-31.3028],[30.0119,-31.2935],[30.0135,-31.291],[30.0135,-31.2891],[30.0108,-31.2879],[30.0106,-31.2872],[30.0175,-31.2839],[30.0268,-31.2754],[30.0303,-31.2737],[30.0378,-31.267],[30.0394,-31.2648],[30.0395,-31.2625],[30.0452,-31.2577],[30.0455,-31.2519],[30.0472,-31.2498],[30.0467,-31.2485],[30.0484,-31.2467],[30.0565,-31.2451],[30.0693,-31.2371],[30.0696,-31.2343],[30.0686,-31.2281],[30.0693,-31.223],[30.0705,-31.2207],[30.0785,-31.2162],[30.0852,-31.2111],[30.0968,-31.1935],[30.1024,-31.1921],[30.1021,-31.1893],[30.0983,-31.1884],[30.0977,-31.1876],[30.1137,-31.1831],[30.1196,-31.178],[30.1232,-31.1733],[30.1268,-31.1664],[30.1269,-31.1642],[30.1239,-31.1636],[30.1231,-31.1629],[30.1235,-31.1625],[30.1335,-31.1544],[30.1416,-31.1504],[30.1552,-31.1393],[30.157,-31.1351],[30.1585,-31.1273],[30.1615,-31.1252],[30.1628,-31.1208],[30.1722,-31.1163],[30.1743,-31.1124],[30.1736,-31.1067],[30.1743,-31.1056],[30.1796,-31.1033],[30.1816,-31.101],[30.1893,-31.0873],[30.1947,-31.0805],[30.1925,-31.0743],[30.1883,-31.0691],[30.1759,-31.0655],[30.1698,-31.0598],[30.1668,-31.054],[30.1634,-31.0499],[30.1632,-31.0456],[30.1675,-31.0389],[30.17,-31.0254],[30.1682,-31.0244],[30.1632,-31.0251],[30.1556,-31.0224],[30.152,-31.0172],[30.1493,-31.0156],[30.1475,-31.0164],[30.1462,-31.0196],[30.1431,-31.0226],[30.1408,-31.0228],[30.1396,-31.021],[30.14,-31.0141],[30.1354,-31.009],[30.1362,-31.0074],[30.1446,-31.0054],[30.1469,-31.0026],[30.1466,-31.0002],[30.1452,-30.9984],[30.1418,-30.9978],[30.1409,-30.9967],[30.1418,-30.9936],[30.1409,-30.99],[30.1413,-30.9873],[30.1431,-30.9862],[30.148,-30.9867],[30.1521,-30.9853],[30.1551,-30.9804],[30.1564,-30.9759],[30.1551,-30.9729],[30.1478,-30.9713],[30.1411,-30.9664],[30.1345,-30.9638],[30.1347,-30.9562],[30.1369,-30.9548],[30.1392,-30.9544],[30.1411,-30.951],[30.1401,-30.9451],[30.138,-30.9425],[30.1379,-30.9406],[30.1392,-30.9387],[30.1413,-30.9375],[30.1444,-30.9376],[30.1465,-30.9339],[30.1464,-30.9311],[30.1428,-30.927],[30.1437,-30.9254],[30.1456,-30.9244],[30.1464,-30.9224],[30.1395,-30.9181],[30.1366,-30.9138],[30.1362,-30.9115],[30.1323,-30.9091],[30.1214,-30.9106],[30.1201,-30.9101],[30.1218,-30.9083],[30.126,-30.9072],[30.1269,-30.9058],[30.1262,-30.9049],[30.1204,-30.9037],[30.1136,-30.9004],[30.114,-30.8991],[30.1211,-30.891],[30.1211,-30.8897],[30.1195,-30.888],[30.115,-30.8877],[30.1093,-30.8845],[30.0984,-30.8848],[30.0914,-30.883],[30.0842,-30.8849],[30.081,-30.885],[30.0757,-30.8822],[30.0745,-30.8784],[30.0704,-30.8748],[30.0698,-30.8725],[30.0705,-30.8713],[30.0738,-30.8707],[30.0882,-30.8744],[30.0907,-30.8772],[30.0933,-30.878],[30.0926,-30.8686],[30.0951,-30.8649],[30.0948,-30.8623],[30.0927,-30.8622],[30.0874,-30.8641],[30.0854,-30.8632],[30.0828,-30.8637],[30.0818,-30.8659],[30.0734,-30.8659],[30.0725,-30.8652],[30.0742,-30.8564],[30.0721,-30.855],[30.0702,-30.8516],[30.0668,-30.8517],[30.0622,-30.8481],[30.0597,-30.8478],[30.0579,-30.8485],[30.0532,-30.8468],[30.0496,-30.848],[30.046,-30.848],[30.0389,-30.8445],[30.0364,-30.8466],[30.0255,-30.8488],[30.0248,-30.8505],[30.0257,-30.854],[30.0251,-30.8566],[30.024,-30.8574],[30.0221,-30.8568],[30.0198,-30.8548],[30.0194,-30.8529],[30.0199,-30.8506],[30.0224,-30.8475],[30.0218,-30.8392],[30.0162,-30.8396],[30.0098,-30.8432],[30.0079,-30.8432],[30.007,-30.8423],[30.0079,-30.8382],[30.0119,-30.8321],[30.0112,-30.8283],[30.0101,-30.8268],[30.0077,-30.8257],[30.0037,-30.8261],[30.0014,-30.828],[30.0006,-30.8298],[30.0003,-30.8375],[29.9937,-30.836],[29.9899,-30.838],[29.9832,-30.835],[29.9799,-30.8374],[29.9748,-30.8381],[29.9705,-30.8343],[29.9648,-30.8323],[29.9601,-30.8281],[29.9581,-30.8231],[29.9593,-30.8215],[29.9639,-30.8248],[29.9678,-30.8251],[29.9705,-30.819],[29.9701,-30.8183],[29.9666,-30.8172],[29.9678,-30.8124],[29.9673,-30.8108],[29.968,-30.8095],[29.974,-30.8066],[29.9742,-30.8049],[29.9725,-30.8023],[29.9685,-30.8037],[29.9685,-30.8064],[29.9658,-30.8082],[29.9566,-30.808],[29.9451,-30.8099],[29.9376,-30.8094],[29.9328,-30.8082],[29.9323,-30.8072],[29.9319,-30.8049],[29.9332,-30.8008],[29.9406,-30.7921],[29.9454,-30.7906],[29.9489,-30.7901],[29.9534,-30.7906],[29.9552,-30.7897],[29.955,-30.7869],[29.9502,-30.7811],[29.9513,-30.7744],[29.9493,-30.7708],[29.9342,-30.7684],[29.9224,-30.7687],[29.9214,-30.7698],[29.9216,-30.7708],[29.9266,-30.775],[29.9295,-30.7807],[29.9288,-30.7833],[29.9296,-30.788],[29.9293,-30.7919],[29.9279,-30.7937],[29.9266,-30.7941],[29.9237,-30.7928],[29.9232,-30.7905],[29.9219,-30.7896],[29.9144,-30.7934],[29.9119,-30.7954],[29.9107,-30.7976],[29.908,-30.7982],[29.9067,-30.7965],[29.9063,-30.792],[29.9097,-30.7845],[29.9092,-30.7829],[29.9098,-30.7807],[29.916,-30.7745],[29.9147,-30.771],[29.9118,-30.7699],[29.9064,-30.7743],[29.9041,-30.7754],[29.9011,-30.7756],[29.898,-30.774],[29.8969,-30.7742],[29.8899,-30.7807],[29.8879,-30.7844],[29.8867,-30.7847],[29.8857,-30.7835],[29.8853,-30.7775],[29.886,-30.7726],[29.8884,-30.7704],[29.8948,-30.7698],[29.8961,-30.769],[29.8966,-30.766],[29.8925,-30.7588],[29.8863,-30.7592],[29.882,-30.7621],[29.8766,-30.7581],[29.8752,-30.7578],[29.8733,-30.7586],[29.8727,-30.7554],[29.8712,-30.7548],[29.8638,-30.7575],[29.8595,-30.7565],[29.8519,-30.7617],[29.8495,-30.7607],[29.8478,-30.7584],[29.8515,-30.7524],[29.8518,-30.7488],[29.8498,-30.7446],[29.8496,-30.7396],[29.8477,-30.7365],[29.8448,-30.7367],[29.8432,-30.743],[29.8421,-30.7439],[29.8334,-30.7426],[29.8299,-30.7439],[29.8293,-30.7428],[29.8296,-30.7408],[29.8334,-30.739],[29.8337,-30.7381],[29.831,-30.7349],[29.8246,-30.7346],[29.8243,-30.728],[29.8275,-30.7231],[29.8252,-30.7206],[29.8187,-30.7236],[29.8175,-30.7269],[29.8154,-30.7288],[29.8142,-30.7315],[29.8101,-30.7309],[29.808,-30.7296],[29.8064,-30.7275],[29.8056,-30.7239],[29.8045,-30.7231],[29.804,-30.7151],[29.8066,-30.7144],[29.8148,-30.7064],[29.8154,-30.7016],[29.813,-30.6994],[29.809,-30.6985],[29.8048,-30.7003],[29.8044,-30.7012],[29.8059,-30.7022],[29.8058,-30.7035],[29.8022,-30.7079],[29.8003,-30.7089],[29.7963,-30.7044],[29.7921,-30.7028],[29.7906,-30.7005],[29.7879,-30.7004],[29.7857,-30.6988],[29.7856,-30.6962],[29.7806,-30.6954],[29.7777,-30.6974],[29.7786,-30.698],[29.7781,-30.6984],[29.779,-30.7012],[29.7808,-30.7047],[29.786,-30.7084],[29.7861,-30.71],[29.7807,-30.708],[29.7786,-30.7083],[29.7746,-30.7056],[29.7722,-30.7054],[29.7712,-30.707],[29.7718,-30.7121],[29.7685,-30.7128],[29.7688,-30.7135],[29.7696,-30.713],[29.7704,-30.7142],[29.7696,-30.7145],[29.7701,-30.7158],[29.7716,-30.7162],[29.7707,-30.7185],[29.7642,-30.7188],[29.7633,-30.7195],[29.7592,-30.7192],[29.7566,-30.7178],[29.7553,-30.7146],[29.7553,-30.7106],[29.7525,-30.707],[29.7514,-30.7079],[29.7511,-30.7112],[29.7494,-30.7126],[29.7507,-30.7164],[29.7497,-30.7195],[29.7445,-30.7228],[29.7407,-30.7234],[29.7389,-30.7215],[29.7411,-30.7199],[29.7407,-30.7187],[29.7389,-30.7177],[29.7344,-30.7196],[29.7296,-30.7157],[29.735,-30.7091],[29.7336,-30.7074],[29.7208,-30.7084],[29.7154,-30.7043],[29.7105,-30.704],[29.7079,-30.7048],[29.7048,-30.703],[29.7029,-30.7032],[29.7008,-30.7053],[29.6997,-30.7036],[29.6995,-30.7012],[29.697,-30.6987],[29.6965,-30.6967],[29.6943,-30.6958],[29.6948,-30.6931],[29.6935,-30.6907],[29.6937,-30.6874],[29.6918,-30.6862],[29.6874,-30.6883],[29.6859,-30.6861],[29.6835,-30.6854],[29.6831,-30.6835],[29.6849,-30.6821],[29.6865,-30.6819],[29.6872,-30.6809],[29.6868,-30.6795],[29.6802,-30.6758],[29.6779,-30.6737],[29.6763,-30.6737],[29.6766,-30.6715],[29.6738,-30.6692],[29.6714,-30.67],[29.6709,-30.6707],[29.6719,-30.6714],[29.6705,-30.6716],[29.6692,-30.6745],[29.6685,-30.674],[29.6671,-30.675],[29.6671,-30.6763],[29.6641,-30.677],[29.6572,-30.6806],[29.6568,-30.6811],[29.6577,-30.6813],[29.6564,-30.6816],[29.6561,-30.6829],[29.6539,-30.6832],[29.6515,-30.6858],[29.6493,-30.6854],[29.6487,-30.6837],[29.6458,-30.6845],[29.6371,-30.6838],[29.6365,-30.6859],[29.6349,-30.6839],[29.6339,-30.6848],[29.6316,-30.6843],[29.6285,-30.6861],[29.6273,-30.686],[29.6257,-30.6876],[29.6226,-30.6874],[29.6202,-30.6885],[29.6192,-30.688],[29.617,-30.6889],[29.6144,-30.6867],[29.6132,-30.6879],[29.6103,-30.687],[29.6076,-30.688],[29.6068,-30.6874],[29.6023,-30.6894],[29.5995,-30.6895],[29.5958,-30.6858],[29.5961,-30.6824],[29.5948,-30.6796],[29.5949,-30.6758],[29.5938,-30.6746],[29.5942,-30.6674],[29.5929,-30.6646],[29.5898,-30.6622],[29.5876,-30.659],[29.5803,-30.654],[29.5713,-30.6577],[29.5722,-30.6551],[29.5713,-30.6558],[29.5243,-30.6412],[29.5124,-30.6182],[29.4686,-30.6242],[29.443,-30.639],[29.4243,-30.64],[29.4013,-30.6394],[29.3855,-30.6501],[29.3728,-30.649],[29.3456,-30.6717],[29.3225,-30.6445],[29.3198,-30.645],[29.3035,-30.6393],[29.2773,-30.6373],[29.2613,-30.6212],[29.2284,-30.6197],[29.2202,-30.6207],[29.2179,-30.6185],[29.2111,-30.6215],[29.209,-30.6216],[29.2046,-30.6202],[29.2013,-30.6226],[29.1952,-30.6245],[29.1955,-30.6283],[29.1987,-30.632],[29.1979,-30.6344],[29.1919,-30.6348],[29.1856,-30.6404],[29.183,-30.6413],[29.1809,-30.6396],[29.1779,-30.6315],[29.1778,-30.6287],[29.1787,-30.6259],[29.1808,-30.6236],[29.1854,-30.6213],[29.1853,-30.6185],[29.1828,-30.6182],[29.1807,-30.6189],[29.1741,-30.624],[29.1728,-30.6242],[29.168,-30.6176],[29.1681,-30.6131],[29.1353,-30.6051],[29.1361,-30.6041],[29.1353,-30.6039],[29.146,-30.5952],[29.1238,-30.5871],[29.1153,-30.5796],[29.1515,-30.5604],[29.1531,-30.561],[29.1547,-30.5595],[29.1591,-30.5609],[29.162,-30.5601],[29.163,-30.5582],[29.1649,-30.5577],[29.1668,-30.5557],[29.1731,-30.5528],[29.1738,-30.5518],[29.1728,-30.549],[29.1703,-30.5474],[29.1681,-30.5442],[29.1672,-30.5427],[29.1673,-30.5404],[29.1651,-30.538],[29.1631,-30.5396],[29.1663,-30.5414],[29.1653,-30.5435],[29.1611,-30.5418],[29.1598,-30.5431],[29.1598,-30.5447],[29.1578,-30.5451],[29.1579,-30.5476],[29.1591,-30.5476],[29.1605,-30.5463],[29.1614,-30.547],[29.1578,-30.5538],[29.1557,-30.5554],[29.1528,-30.5546],[29.1518,-30.5486],[29.1531,-30.547],[29.1476,-30.5412],[29.147,-30.5352],[29.1455,-30.5327],[29.1466,-30.5316],[29.1448,-30.531],[29.1402,-30.5338],[29.1456,-30.523],[29.1504,-30.5104],[29.1773,-30.5157],[29.1879,-30.4842],[29.1984,-30.4623],[29.1968,-30.4344],[29.2185,-30.4212],[29.2273,-30.4263],[29.2276,-30.4103],[29.2382,-30.4049],[29.2824,-30.3957],[29.2771,-30.3762],[29.2902,-30.3786],[29.305,-30.3799],[29.2988,-30.3532],[29.2919,-30.3456],[29.2987,-30.3343],[29.3019,-30.3201],[29.284,-30.3004],[29.2622,-30.2784],[29.2368,-30.2669],[29.2364,-30.2677],[29.2315,-30.2691],[29.2547,-30.3048],[29.2334,-30.3063],[29.2275,-30.2974],[29.1881,-30.2887],[29.1726,-30.2834],[29.1727,-30.2825],[29.1757,-30.2828],[29.1758,-30.282],[29.174,-30.2819],[29.1742,-30.2808],[29.1705,-30.2804],[29.1704,-30.2816],[29.1674,-30.2816],[29.1558,-30.2775],[29.1579,-30.277],[29.1568,-30.2756],[29.1579,-30.2744],[29.1613,-30.2759],[29.1632,-30.2738],[29.1629,-30.2727],[29.1618,-30.2723],[29.1593,-30.2742],[29.161,-30.2707],[29.1579,-30.2701],[29.156,-30.2685],[29.1578,-30.2668],[29.1621,-30.2663],[29.1627,-30.2636],[29.157,-30.2633],[29.1556,-30.2619],[29.1553,-30.263],[29.1565,-30.2648],[29.1518,-30.2647],[29.1523,-30.2626],[29.1537,-30.2623],[29.1538,-30.2611],[29.1518,-30.2567],[29.1411,-30.2617],[29.1373,-30.2624],[29.136,-30.2612],[29.1355,-30.2562],[29.1336,-30.2549],[29.1332,-30.2527],[29.1319,-30.2516],[29.133,-30.2497],[29.1289,-30.2478],[29.1283,-30.2418],[29.1293,-30.2398],[29.126,-30.2386],[29.1297,-30.2337],[29.1303,-30.2267],[29.1282,-30.2242],[29.123,-30.2228],[29.1224,-30.2219],[29.1241,-30.2179],[29.1318,-30.2166],[29.1323,-30.215],[29.1308,-30.2133],[29.1271,-30.2112],[29.1237,-30.2111],[29.1215,-30.2098],[29.1216,-30.2072],[29.1197,-30.2059],[29.1143,-30.2095],[29.1124,-30.2096],[29.1128,-30.2062],[29.1103,-30.1993],[29.1108,-30.1969],[29.1141,-30.1939],[29.1208,-30.1943],[29.1221,-30.192],[29.1174,-30.1898],[29.1132,-30.1904],[29.111,-30.1877],[29.1099,-30.1838],[29.1037,-30.1805],[29.1026,-30.1771],[29.1041,-30.1753],[29.1069,-30.1762],[29.1067,-30.1721],[29.1103,-30.1683],[29.1131,-30.1682],[29.1128,-30.1646],[29.1139,-30.1621],[29.1147,-30.1618],[29.1161,-30.1634],[29.1172,-30.1633],[29.1204,-30.1604],[29.1134,-30.1576],[29.1104,-30.1538],[29.1139,-30.1518],[29.1181,-30.1528],[29.12,-30.1522],[29.1206,-30.1512],[29.1216,-30.1435],[29.1203,-30.1422],[29.1172,-30.143],[29.1163,-30.1421],[29.1161,-30.1408],[29.1179,-30.1406],[29.1188,-30.1386],[29.1163,-30.1364],[29.1167,-30.1351],[29.1154,-30.1328],[29.1166,-30.1315],[29.1159,-30.1299],[29.1177,-30.1259],[29.1158,-30.1247],[29.1194,-30.1222],[29.1173,-30.1165],[29.1153,-30.1144],[29.12,-30.1106],[29.1185,-30.1094],[29.1148,-30.1106],[29.1152,-30.1078],[29.113,-30.1067],[29.1123,-30.1055],[29.1145,-30.1023],[29.1174,-30.1054],[29.1196,-30.1054],[29.1202,-30.1045],[29.1187,-30.1029],[29.121,-30.1002],[29.1212,-30.0988],[29.1204,-30.0984],[29.1172,-30.1002],[29.1137,-30.0963],[29.1119,-30.0972],[29.1073,-30.0785],[29.0901,-30.0567],[29.0678,-30.044],[29.045,-30.013],[29.0219,-30.0044]]]},"properties":{"OBJECTID_12":1,"OBJECTID_1":1,"OBJECTID":1,"CODE":"EC","PROVINCE":"Eastern Cape","GISDB.LDR.Provinces.Area":168965.98375300001,"Country":"South Africa","Shape_Leng":28.206381090000001,"Shape_STAr":16.154667069999999,"Shape_STLe":28.206381090000001,"Shape.STArea()":16.154667067749827,"Shape.STLength()":28.206381087904774}},{"type":"Feature","id":2,"geometry":{"type":"Polygon","coordinates":[[[27.977,-26.6714],[27.9735,-26.6694],[27.9695,-26.6687],[27.9636,-26.6712],[27.9537,-26.6716],[27.9442,-26.6738],[27.9412,-26.6757],[27.9392,-26.6788],[27.9357,-26.6876],[27.9352,-26.6927],[27.9298,-26.6998],[27.9256,-26.7038],[27.9228,-26.7051],[27.9135,-26.7065],[27.908,-26.7059],[27.8935,-26.7107],[27.8918,-26.7144],[27.8955,-26.7178],[27.8949,-26.7212],[27.8928,-26.7259],[27.8886,-26.7294],[27.8847,-26.7343],[27.883,-26.744],[27.88,-26.7462],[27.8722,-26.7477],[27.8663,-26.7462],[27.8579,-26.747],[27.8495,-26.7456],[27.8306,-26.7511],[27.8216,-26.7495],[27.8098,-26.7509],[27.7902,-26.7496],[27.7824,-26.7508],[27.7705,-26.759],[27.7682,-26.7652],[27.7685,-26.7753],[27.767,-26.7806],[27.7671,-26.7829],[27.768,-26.7865],[27.7719,-26.7918],[27.7727,-26.7941],[27.7721,-26.7971],[27.7698,-26.7993],[27.7597,-26.7969],[27.7545,-26.791],[27.7495,-26.7878],[27.7477,-26.7859],[27.7466,-26.7797],[27.742,-26.7706],[27.74,-26.7687],[27.7382,-26.7683],[27.7325,-26.7627],[27.7283,-26.7608],[27.7249,-26.7603],[27.7196,-26.7617],[27.7151,-26.7617],[27.7017,-26.764],[27.6938,-26.7634],[27.6882,-26.7618],[27.6753,-26.7717],[27.6662,-26.7736],[27.6623,-26.7735],[27.6572,-26.7708],[27.6431,-26.7685],[27.6404,-26.7692],[27.6388,-26.7711],[27.6328,-26.772],[27.6297,-26.7697],[27.6284,-26.766],[27.6292,-26.7626],[27.6319,-26.7591],[27.6358,-26.7515],[27.6323,-26.7455],[27.6347,-26.7388],[27.6345,-26.7357],[27.6334,-26.7337],[27.6295,-26.7323],[27.6105,-26.7326],[27.6092,-26.7341],[27.6087,-26.7392],[27.6064,-26.7413],[27.6009,-26.7406],[27.5967,-26.7373],[27.5922,-26.7376],[27.5863,-26.7403],[27.5795,-26.7448],[27.5698,-26.7473],[27.5699,-26.7546],[27.5766,-26.7606],[27.5825,-26.7684],[27.5818,-26.7737],[27.5756,-26.7787],[27.569,-26.7811],[27.5663,-26.7792],[27.5607,-26.7769],[27.557,-26.7736],[27.5552,-26.7733],[27.5498,-26.7752],[27.5411,-26.7833],[27.5378,-26.7851],[27.5296,-26.7848],[27.5246,-26.7824],[27.5195,-26.7819],[27.5168,-26.7821],[27.5094,-26.7858],[27.5056,-26.792],[27.5059,-26.7948],[27.5083,-26.7984],[27.5153,-26.804],[27.5182,-26.8102],[27.5108,-26.8255],[27.5119,-26.8298],[27.5112,-26.8378],[27.4997,-26.845],[27.491,-26.8466],[27.4875,-26.8494],[27.481,-26.8634],[27.476,-26.8835],[27.4713,-26.8868],[27.4552,-26.8906],[27.4495,-26.8947],[27.4442,-26.9004],[27.4425,-26.9005],[27.44,-26.8995],[27.432,-26.9087],[27.4284,-26.9142],[27.4186,-26.9239],[27.4143,-26.9257],[27.4075,-26.9258],[27.4003,-26.9222],[27.3983,-26.916],[27.3965,-26.9149],[27.393,-26.9149],[27.3913,-26.9138],[27.3902,-26.9114],[27.389,-26.9039],[27.3842,-26.9004],[27.3808,-26.9008],[27.3766,-26.9049],[27.3709,-26.9042],[27.3689,-26.9006],[27.3678,-26.8956],[27.3684,-26.8917],[27.3651,-26.891],[27.3608,-26.8843],[27.3553,-26.8824],[27.3408,-26.872],[27.3395,-26.8685],[27.3405,-26.8646],[27.3402,-26.8609],[27.3386,-26.8583],[27.3328,-26.8542],[27.33,-26.8532],[27.3154,-26.8526],[27.3059,-26.8534],[27.3005,-26.8561],[27.301,-26.8605],[27.2996,-26.8629],[27.2962,-26.8649],[27.2924,-26.8689],[27.2913,-26.8773],[27.2898,-26.8794],[27.2821,-26.8836],[27.2782,-26.8881],[27.2732,-26.8894],[27.2704,-26.8915],[27.2663,-26.899],[27.2647,-26.9047],[27.2621,-26.9082],[27.2599,-26.9103],[27.255,-26.9126],[27.2469,-26.9144],[27.2416,-26.9187],[27.2344,-26.9274],[27.2295,-26.939],[27.2203,-26.9436],[27.2175,-26.9461],[27.2149,-26.9511],[27.2134,-26.9577],[27.2111,-26.9624],[27.211,-26.9695],[27.2121,-26.9762],[27.207,-26.9802],[27.2033,-26.9805],[27.1957,-26.9781],[27.1901,-26.9775],[27.1831,-26.9732],[27.1772,-26.9708],[27.174,-26.9685],[27.1737,-26.9668],[27.1752,-26.9636],[27.1815,-26.9577],[27.1832,-26.9503],[27.1818,-26.9407],[27.1829,-26.9304],[27.1813,-26.9274],[27.1764,-26.9249],[27.1701,-26.923],[27.1647,-26.9241],[27.1618,-26.9259],[27.1552,-26.9337],[27.1537,-26.937],[27.1472,-26.9409],[27.1435,-26.9419],[27.1332,-26.9372],[27.1309,-26.935],[27.126,-26.9336],[27.1209,-26.9308],[27.117,-26.9273],[27.113,-26.9263],[27.106,-26.9272],[27.1016,-26.9292],[27.0949,-26.931],[27.0868,-26.9385],[27.0835,-26.938],[27.0796,-26.9357],[27.0734,-26.9348],[27.0701,-26.9351],[27.0646,-26.9373],[27.0506,-26.9367],[27.0436,-26.9371],[27.04,-26.9382],[27.0319,-26.9361],[27.0282,-26.9359],[27.0238,-26.934],[27.0207,-26.934],[27.0168,-26.9319],[27.0139,-26.932],[27.0052,-26.9254],[26.9929,-26.9209],[26.9868,-26.9163],[26.9748,-26.9121],[26.9561,-26.9002],[26.95,-26.8956],[26.9472,-26.892],[26.9486,-26.8879],[26.9491,-26.8821],[26.9513,-26.8783],[26.9508,-26.8745],[26.9404,-26.8715],[26.936,-26.8752],[26.9272,-26.8871],[26.9202,-26.906],[26.9201,-26.9108],[26.9246,-26.9303],[26.9234,-26.9434],[26.925,-26.9573],[26.9232,-26.969],[26.9221,-26.9716],[26.9201,-26.9735],[26.9169,-26.9725],[26.9144,-26.9672],[26.9104,-26.9637],[26.9091,-26.9613],[26.9086,-26.9592],[26.9097,-26.9525],[26.909,-26.9464],[26.9076,-26.9445],[26.8961,-26.9351],[26.8829,-26.9359],[26.8804,-26.9348],[26.8748,-26.9301],[26.8755,-26.9263],[26.8743,-26.9238],[26.8682,-26.9196],[26.8637,-26.9189],[26.8612,-26.9196],[26.858,-26.922],[26.8513,-26.9345],[26.8504,-26.9377],[26.8485,-26.9402],[26.8424,-26.9421],[26.8306,-26.9493],[26.8225,-26.9512],[26.8183,-26.9532],[26.8157,-26.9532],[26.8114,-26.9513],[26.8097,-26.9491],[26.8094,-26.9472],[26.8114,-26.9402],[26.8117,-26.9342],[26.8098,-26.9317],[26.805,-26.932],[26.7896,-26.9429],[26.7802,-26.946],[26.7667,-26.9481],[26.7615,-26.9525],[26.7593,-26.9569],[26.7552,-26.9619],[26.7496,-26.9651],[26.7411,-26.9649],[26.7155,-26.9739],[26.711,-26.978],[26.7064,-26.988],[26.7006,-27.0086],[26.6979,-27.0113],[26.6966,-27.0139],[26.6887,-27.018],[26.6842,-27.0176],[26.6789,-27.0146],[26.6765,-27.0102],[26.6764,-27.0008],[26.6728,-26.9964],[26.6688,-26.9946],[26.6625,-26.9934],[26.6589,-26.9938],[26.646,-27.0003],[26.6361,-27.0034],[26.6295,-27.0038],[26.6243,-27.0026],[26.6193,-27.0034],[26.6185,-27.0041],[26.6183,-27.007],[26.616,-27.0138],[26.6145,-27.0252],[26.6135,-27.0271],[26.5926,-27.0378],[26.5883,-27.0426],[26.585,-27.0489],[26.5818,-27.0531],[26.5808,-27.057],[26.5815,-27.0598],[26.5836,-27.0634],[26.5897,-27.0667],[26.5919,-27.07],[26.5938,-27.0793],[26.5933,-27.0824],[26.5881,-27.0953],[26.5869,-27.1034],[26.5836,-27.108],[26.5818,-27.1083],[26.5753,-27.1047],[26.5684,-27.1025],[26.549,-27.0986],[26.5448,-27.0942],[26.5385,-27.0903],[26.5341,-27.0901],[26.5287,-27.091],[26.5265,-27.0924],[26.5242,-27.0959],[26.5228,-27.0987],[26.5221,-27.1037],[26.5142,-27.1188],[26.507,-27.1272],[26.5029,-27.1307],[26.4984,-27.1329],[26.4874,-27.13],[26.4836,-27.131],[26.4781,-27.1373],[26.4763,-27.1485],[26.4752,-27.1516],[26.4731,-27.1541],[26.4637,-27.1574],[26.4592,-27.158],[26.4513,-27.1539],[26.4407,-27.15],[26.4342,-27.1496],[26.429,-27.1502],[26.4271,-27.1512],[26.4255,-27.1536],[26.4238,-27.1604],[26.4201,-27.1684],[26.4202,-27.1725],[26.4243,-27.1775],[26.4273,-27.1852],[26.4329,-27.1901],[26.4348,-27.1952],[26.4351,-27.2031],[26.4377,-27.21],[26.4437,-27.2174],[26.4547,-27.2228],[26.4639,-27.2298],[26.4666,-27.2325],[26.4705,-27.2388],[26.4768,-27.2446],[26.4876,-27.2505],[26.4889,-27.2506],[26.4946,-27.2591],[26.4972,-27.2678],[26.4972,-27.2711],[26.4962,-27.2738],[26.4925,-27.2798],[26.4889,-27.2833],[26.4885,-27.2861],[26.4883,-27.2963],[26.4939,-27.3083],[26.4934,-27.3191],[26.4849,-27.3239],[26.4808,-27.3232],[26.4791,-27.3214],[26.4791,-27.3189],[26.4849,-27.3135],[26.4848,-27.3091],[26.4832,-27.3071],[26.4814,-27.3067],[26.478,-27.307],[26.4755,-27.3083],[26.4738,-27.3123],[26.4696,-27.315],[26.4582,-27.3262],[26.4568,-27.3292],[26.4555,-27.3374],[26.4531,-27.3403],[26.4472,-27.344],[26.4461,-27.3469],[26.4464,-27.3497],[26.4495,-27.3536],[26.462,-27.3657],[26.4682,-27.3692],[26.4763,-27.3718],[26.4847,-27.3799],[26.4995,-27.3797],[26.5067,-27.3818],[26.5128,-27.3848],[26.5142,-27.3868],[26.5138,-27.3903],[26.5104,-27.3962],[26.5081,-27.3981],[26.5052,-27.3983],[26.4976,-27.3957],[26.4683,-27.3912],[26.4589,-27.3866],[26.4519,-27.3857],[26.4452,-27.3881],[26.4404,-27.3939],[26.435,-27.3988],[26.4259,-27.4059],[26.4231,-27.4069],[26.4165,-27.4027],[26.4075,-27.3998],[26.3943,-27.394],[26.388,-27.3895],[26.3802,-27.3884],[26.3724,-27.3838],[26.3687,-27.3845],[26.3651,-27.3877],[26.3616,-27.3893],[26.3577,-27.3889],[26.3505,-27.3859],[26.3457,-27.3853],[26.3396,-27.3894],[26.3354,-27.3984],[26.3272,-27.4058],[26.3266,-27.4088],[26.3279,-27.4199],[26.3266,-27.4292],[26.3241,-27.4329],[26.3211,-27.4334],[26.3168,-27.4314],[26.3155,-27.4297],[26.3136,-27.4224],[26.31,-27.4183],[26.305,-27.4181],[26.2956,-27.4158],[26.291,-27.4167],[26.2893,-27.4195],[26.2862,-27.4222],[26.2761,-27.4211],[26.2695,-27.4168],[26.2646,-27.4164],[26.2602,-27.4199],[26.2529,-27.4295],[26.245,-27.4299],[26.2423,-27.4314],[26.2397,-27.4354],[26.2339,-27.4542],[26.2199,-27.4744],[26.2208,-27.4833],[26.2312,-27.4954],[26.2298,-27.5102],[26.229,-27.5121],[26.2265,-27.5138],[26.2222,-27.5145],[26.2136,-27.5157],[26.206,-27.5156],[26.2018,-27.5167],[26.199,-27.5186],[26.1951,-27.5232],[26.1861,-27.5315],[26.1701,-27.5361],[26.168,-27.538],[26.1631,-27.5517],[26.1536,-27.564],[26.1508,-27.5643],[26.1451,-27.5626],[26.1403,-27.5576],[26.134,-27.5585],[26.1255,-27.5648],[26.1238,-27.5669],[26.1221,-27.5724],[26.1223,-27.5744],[26.1247,-27.5787],[26.1245,-27.5806],[26.1177,-27.5898],[26.1133,-27.5933],[26.1062,-27.5955],[26.0882,-27.5939],[26.0845,-27.5951],[26.082,-27.6034],[26.0758,-27.6163],[26.0749,-27.6205],[26.0858,-27.6428],[26.0865,-27.6458],[26.0862,-27.648],[26.0799,-27.6534],[26.0723,-27.656],[26.0637,-27.6602],[26.0567,-27.6659],[26.0547,-27.6692],[26.0619,-27.6768],[26.0678,-27.6808],[26.0777,-27.6821],[26.0912,-27.6818],[26.0928,-27.6824],[26.0948,-27.6846],[26.0945,-27.6917],[26.0922,-27.6966],[26.0858,-27.7011],[26.0709,-27.715],[26.0625,-27.7207],[26.0477,-27.7255],[26.0432,-27.7287],[26.0355,-27.7366],[26.0329,-27.7367],[26.025,-27.7339],[26.0204,-27.7279],[26.0127,-27.7223],[26.0032,-27.708],[26.0026,-27.7052],[26.003,-27.7023],[26.0084,-27.6946],[26.0107,-27.6898],[26.0096,-27.6831],[26.0077,-27.6773],[26.0088,-27.6671],[26.008,-27.6604],[26.0049,-27.6522],[26.0008,-27.6476],[25.9921,-27.6412],[25.9827,-27.6391],[25.9806,-27.6371],[25.9801,-27.6335],[25.9822,-27.6294],[25.9819,-27.6272],[25.9681,-27.625],[25.9654,-27.6266],[25.9554,-27.6299],[25.9513,-27.6321],[25.9473,-27.6329],[25.9458,-27.6315],[25.9456,-27.6278],[25.9437,-27.6214],[25.9403,-27.6149],[25.9358,-27.6096],[25.932,-27.6064],[25.9273,-27.604],[25.9243,-27.6035],[25.9157,-27.6057],[25.9097,-27.6104],[25.9006,-27.6091],[25.8957,-27.61],[25.8949,-27.6115],[25.8951,-27.6147],[25.8983,-27.6225],[25.8913,-27.6261],[25.8755,-27.6282],[25.8724,-27.628],[25.8581,-27.6238],[25.8526,-27.621],[25.8499,-27.6153],[25.8458,-27.61],[25.8435,-27.6039],[25.8437,-27.6005],[25.8464,-27.5965],[25.8464,-27.5929],[25.8439,-27.5881],[25.835,-27.5785],[25.833,-27.5676],[25.8321,-27.5664],[25.8302,-27.5662],[25.827,-27.5669],[25.8217,-27.57],[25.8147,-27.5728],[25.8098,-27.5769],[25.8048,-27.5831],[25.7986,-27.5844],[25.7882,-27.583],[25.7814,-27.5841],[25.777,-27.586],[25.7704,-27.592],[25.764,-27.596],[25.7495,-27.5998],[25.7375,-27.6088],[25.7347,-27.6098],[25.7279,-27.609],[25.7227,-27.6145],[25.7176,-27.6177],[25.7129,-27.6228],[25.7099,-27.6245],[25.7052,-27.6256],[25.6951,-27.625],[25.6852,-27.6262],[25.6789,-27.6296],[25.6763,-27.632],[25.6755,-27.6349],[25.6784,-27.6408],[25.6796,-27.6489],[25.6794,-27.6519],[25.6767,-27.6592],[25.6785,-27.677],[25.6761,-27.6825],[25.6718,-27.6886],[25.6648,-27.6938],[25.6607,-27.6949],[25.6576,-27.6948],[25.6481,-27.6908],[25.6415,-27.6864],[25.637,-27.6818],[25.633,-27.6761],[25.6322,-27.6743],[25.6323,-27.6698],[25.6308,-27.668],[25.6275,-27.6672],[25.6185,-27.6693],[25.6144,-27.6657],[25.6104,-27.66],[25.6034,-27.6598],[25.5966,-27.6551],[25.5907,-27.6552],[25.5847,-27.6587],[25.5774,-27.6685],[25.5751,-27.6738],[25.5724,-27.6775],[25.5627,-27.6835],[25.5558,-27.6867],[25.5437,-27.689],[25.5374,-27.6912],[25.5337,-27.6912],[25.5132,-27.6948],[25.4948,-27.6939],[25.4879,-27.6919],[25.4809,-27.6925],[25.4747,-27.6988],[25.4733,-27.7067],[25.4693,-27.7106],[25.4653,-27.7096],[25.458,-27.7109],[25.4528,-27.7123],[25.4449,-27.7159],[25.4404,-27.7169],[25.424,-27.7156],[25.4125,-27.7222],[25.4059,-27.7249],[25.4007,-27.7258],[25.3945,-27.7287],[25.3796,-27.7424],[25.3749,-27.7454],[25.3677,-27.7479],[25.364,-27.7505],[25.3572,-27.7617],[25.3514,-27.7676],[25.3486,-27.772],[25.3448,-27.7849],[25.3404,-27.793],[25.3374,-27.7935],[25.333,-27.7905],[25.3217,-27.7944],[25.3138,-27.7958],[25.3015,-27.7932],[25.2937,-27.7946],[25.2849,-27.7944],[25.2774,-27.7953],[25.271,-27.7994],[25.2688,-27.8025],[25.2678,-27.8074],[25.2652,-27.8113],[25.2636,-27.817],[25.2606,-27.822],[25.2536,-27.8262],[25.2441,-27.8292],[25.2401,-27.8319],[25.2384,-27.8344],[25.2382,-27.8375],[25.2422,-27.8437],[25.2578,-27.8551],[25.2575,-27.8602],[25.2541,-27.8651],[25.2497,-27.8686],[25.2387,-27.8728],[25.2282,-27.8785],[25.2067,-27.884],[25.1977,-27.8885],[25.193,-27.8933],[25.1884,-27.9043],[25.1851,-27.9089],[25.1721,-27.9185],[25.1657,-27.9214],[25.1606,-27.9271],[25.1566,-27.9283],[25.1506,-27.9286],[25.1387,-27.9236],[25.1363,-27.9236],[25.1335,-27.9253],[25.1309,-27.9291],[25.1327,-27.9365],[25.1328,-27.9433],[25.1325,-27.9468],[25.131,-27.9506],[25.1229,-27.9554],[25.1173,-27.9606],[25.1132,-27.9682],[25.1113,-27.9702],[25.0968,-27.9769],[25.0944,-27.9787],[25.0906,-27.984],[25.0903,-27.9885],[25.0951,-27.9918],[25.1025,-28.0009],[25.1064,-28.0068],[25.1074,-28.0119],[25.1049,-28.0167],[25.0951,-28.0268],[25.088,-28.0367],[25.0839,-28.0401],[25.0769,-28.0484],[25.0753,-28.0526],[25.0748,-28.0627],[25.0739,-28.0659],[25.0702,-28.0685],[25.0591,-28.0707],[25.0557,-28.0706],[25.0452,-28.0681],[25.0385,-28.0681],[25.0281,-28.0735],[24.9646,-28.2507],[24.9267,-28.2469],[24.9054,-28.2748],[24.8705,-28.2704],[24.8903,-28.3102],[24.9376,-28.3249],[24.8868,-28.465],[24.8814,-28.4631],[24.8723,-28.4747],[24.8469,-28.5038],[24.8678,-28.5171],[24.8277,-28.627],[24.9018,-28.648],[24.6619,-29.0792],[24.4947,-29.3861],[24.3466,-29.6559],[24.3522,-29.6587],[24.3535,-29.6615],[24.3506,-29.6932],[24.3487,-29.7018],[24.351,-29.7086],[24.356,-29.7143],[24.365,-29.7188],[24.376,-29.727],[24.3879,-29.7539],[24.4022,-29.7741],[24.4112,-29.7904],[24.4246,-29.8012],[24.43,-29.8044],[24.4351,-29.8059],[24.4365,-29.8091],[24.4383,-29.8112],[24.4383,-29.8142],[24.44,-29.8154],[24.4472,-29.8151],[24.4492,-29.813],[24.4535,-29.8111],[24.459,-29.8107],[24.4872,-29.813],[24.4953,-29.8149],[24.4981,-29.8164],[24.503,-29.8228],[24.5033,-29.8263],[24.5018,-29.8344],[24.5026,-29.8364],[24.5077,-29.8402],[24.5131,-29.8425],[24.5251,-29.8454],[24.528,-29.8453],[24.5395,-29.8423],[24.547,-29.8449],[24.5507,-29.8492],[24.5536,-29.8564],[24.5551,-29.8626],[24.5642,-29.8777],[24.5841,-29.8962],[24.5959,-29.9048],[24.6079,-29.9113],[24.6178,-29.912],[24.6298,-29.9108],[24.6453,-29.9113],[24.6466,-29.9107],[24.6495,-29.9069],[24.6498,-29.9016],[24.6527,-29.8988],[24.6593,-29.8992],[24.6651,-29.9019],[24.6675,-29.9055],[24.6679,-29.9091],[24.6653,-29.9295],[24.6628,-29.9376],[24.6632,-29.9445],[24.6695,-29.9611],[24.6713,-29.9714],[24.6738,-29.975],[24.6766,-29.9768],[24.6956,-29.9827],[24.703,-29.9835],[24.7082,-29.9855],[24.7124,-29.9887],[24.7237,-29.9922],[24.7298,-29.9921],[24.7397,-29.9897],[24.7445,-29.9908],[24.7502,-29.9895],[24.7568,-29.9928],[24.7738,-29.9938],[24.7889,-29.9967],[24.794,-29.999],[24.7983,-30.0038],[24.8037,-30.0118],[24.8081,-30.023],[24.8073,-30.0263],[24.8001,-30.0313],[24.7986,-30.0339],[24.7962,-30.0459],[24.7978,-30.0516],[24.8034,-30.0604],[24.8121,-30.0658],[24.8141,-30.0679],[24.8152,-30.0756],[24.8178,-30.0821],[24.8261,-30.0852],[24.8329,-30.0923],[24.8371,-30.0937],[24.8385,-30.0952],[24.8386,-30.1018],[24.8364,-30.1151],[24.8376,-30.1178],[24.8443,-30.1235],[24.8673,-30.1307],[24.8711,-30.1345],[24.8758,-30.1443],[24.8804,-30.1589],[24.8816,-30.1733],[24.8862,-30.1777],[24.8952,-30.1842],[24.8957,-30.1964],[24.9,-30.2067],[24.9032,-30.209],[24.9104,-30.2096],[24.9137,-30.2077],[24.9203,-30.2007],[24.9251,-30.2007],[24.9274,-30.2024],[24.9302,-30.2069],[24.9322,-30.2149],[24.934,-30.2175],[24.9373,-30.22],[24.9426,-30.2215],[24.9461,-30.2253],[24.9516,-30.2249],[24.9542,-30.2261],[24.9558,-30.2311],[24.9553,-30.2386],[24.954,-30.2408],[24.9468,-30.2467],[24.946,-30.2498],[24.9465,-30.2518],[24.9486,-30.2545],[24.9546,-30.2589],[24.9632,-30.2675],[24.9761,-30.2733],[24.9786,-30.2782],[24.9803,-30.2842],[24.9863,-30.29],[24.9921,-30.2919],[25.0028,-30.2935],[25.0079,-30.2921],[25.0174,-30.2857],[25.0233,-30.2835],[25.0295,-30.2837],[25.0332,-30.2852],[25.035,-30.2869],[25.0397,-30.3013],[25.0417,-30.3056],[25.046,-30.3113],[25.0471,-30.3162],[25.0467,-30.3229],[25.0424,-30.3365],[25.0355,-30.3449],[25.0379,-30.3537],[25.0373,-30.3605],[25.0386,-30.3627],[25.0406,-30.3636],[25.043,-30.3634],[25.0472,-30.3591],[25.0511,-30.3572],[25.064,-30.3569],[25.0716,-30.3594],[25.0779,-30.3653],[25.0854,-30.3692],[25.0951,-30.3722],[25.0973,-30.3747],[25.0989,-30.3781],[25.1021,-30.3913],[25.1112,-30.4036],[25.1135,-30.4092],[25.1214,-30.4156],[25.1256,-30.4202],[25.1303,-30.4221],[25.1365,-30.4226],[25.1399,-30.4242],[25.1449,-30.4292],[25.1467,-30.4329],[25.1577,-30.4426],[25.1612,-30.4495],[25.1531,-30.4532],[25.1519,-30.4573],[25.1527,-30.4593],[25.1601,-30.4647],[25.1671,-30.4737],[25.1759,-30.4798],[25.1816,-30.4823],[25.1837,-30.484],[25.1862,-30.4875],[25.187,-30.4946],[25.1896,-30.4984],[25.1963,-30.5006],[25.203,-30.504],[25.21,-30.5051],[25.2252,-30.5036],[25.2313,-30.4995],[25.2353,-30.4999],[25.2376,-30.5018],[25.2395,-30.5046],[25.2434,-30.5136],[25.2465,-30.5159],[25.2548,-30.519],[25.2617,-30.5259],[25.2706,-30.5387],[25.279,-30.5441],[25.2806,-30.5474],[25.282,-30.5561],[25.2838,-30.559],[25.3001,-30.5713],[25.3042,-30.5758],[25.3071,-30.5771],[25.3109,-30.5772],[25.3238,-30.5724],[25.326,-30.5696],[25.3284,-30.561],[25.3298,-30.5593],[25.3337,-30.5577],[25.34,-30.5583],[25.3504,-30.5643],[25.3572,-30.5636],[25.3636,-30.5581],[25.3691,-30.5579],[25.3747,-30.5591],[25.3993,-30.5731],[25.4057,-30.5721],[25.4187,-30.5782],[25.42,-30.58],[25.4195,-30.5847],[25.4224,-30.5879],[25.4356,-30.5978],[25.4444,-30.6028],[25.456,-30.6112],[25.4601,-30.6169],[25.4663,-30.6227],[25.4674,-30.6254],[25.4675,-30.6313],[25.4692,-30.6336],[25.4711,-30.6345],[25.4768,-30.6346],[25.4845,-30.6317],[25.4878,-30.6292],[25.5022,-30.6255],[25.5201,-30.6155],[25.5282,-30.6133],[25.5385,-30.6134],[25.5563,-30.6166],[25.564,-30.6158],[25.5697,-30.6127],[25.5746,-30.6088],[25.5901,-30.5911],[25.5939,-30.59],[25.5967,-30.5904],[25.601,-30.5923],[25.6031,-30.5944],[25.6064,-30.6003],[25.609,-30.6072],[25.617,-30.6189],[25.6191,-30.621],[25.6248,-30.6243],[25.6249,-30.6269],[25.623,-30.6324],[25.6172,-30.6403],[25.6111,-30.6464],[25.6094,-30.6498],[25.6101,-30.653],[25.6137,-30.656],[25.6191,-30.6581],[25.6298,-30.6593],[25.6417,-30.6577],[25.654,-30.6524],[25.6608,-30.647],[25.6716,-30.6409],[25.6755,-30.6401],[25.681,-30.6429],[25.6853,-30.6471],[25.6854,-30.6506],[25.6801,-30.6598],[25.6797,-30.6662],[25.6818,-30.6689],[25.6932,-30.6761],[25.7006,-30.6796],[25.7166,-30.6825],[25.7303,-30.6832],[25.7429,-30.6818],[25.7498,-30.6825],[25.7568,-30.6875],[25.7615,-30.6886],[25.7642,-30.6885],[25.7715,-30.686],[25.7769,-30.6816],[25.7789,-30.6759],[25.7791,-30.6566],[25.7808,-30.649],[25.7831,-30.6452],[25.793,-30.6371],[25.8003,-30.6347],[25.8121,-30.6342],[25.819,-30.635],[25.8338,-30.6324],[25.8425,-30.634],[25.8467,-30.6336],[25.849,-30.6321],[25.8512,-30.6293],[25.8544,-30.6235],[25.8562,-30.6175],[25.8606,-30.6129],[25.8641,-30.6116],[25.8724,-30.6107],[25.8873,-30.6122],[25.891,-30.6103],[25.8923,-30.6083],[25.8932,-30.6045],[25.892,-30.5968],[25.8893,-30.5921],[25.8824,-30.5849],[25.8749,-30.5728],[25.8746,-30.5687],[25.8718,-30.5622],[25.8726,-30.5581],[25.8792,-30.549],[25.8856,-30.5438],[25.8952,-30.5406],[25.8994,-30.5411],[25.9032,-30.5432],[25.9167,-30.5583],[25.9216,-30.5616],[25.9238,-30.5643],[25.9264,-30.5688],[25.9268,-30.5713],[25.9255,-30.5748],[25.9227,-30.579],[25.923,-30.5813],[25.9257,-30.5836],[25.931,-30.585],[25.9377,-30.5836],[25.9398,-30.5822],[25.9413,-30.5796],[25.9406,-30.5649],[25.9413,-30.5608],[25.9438,-30.5569],[25.9503,-30.5506],[25.9552,-30.5471],[25.977,-30.5382],[25.9991,-30.5369],[26.019,-30.5332],[26.0295,-30.5321],[26.0368,-30.5298],[26.052,-30.5227],[26.0559,-30.5223],[26.0639,-30.5235],[26.0696,-30.5235],[26.0874,-30.5197],[26.0974,-30.5165],[26.1025,-30.5178],[26.1084,-30.5213],[26.1182,-30.5354],[26.1341,-30.5406],[26.1421,-30.5402],[26.1463,-30.5389],[26.1494,-30.5359],[26.1499,-30.5323],[26.1485,-30.5262],[26.1494,-30.5207],[26.1487,-30.5175],[26.1465,-30.5133],[26.1435,-30.5104],[26.1367,-30.5098],[26.1319,-30.5074],[26.1301,-30.5049],[26.1301,-30.5001],[26.1325,-30.4959],[26.1357,-30.4924],[26.1455,-30.4853],[26.1518,-30.4835],[26.1626,-30.4835],[26.1725,-30.4873],[26.1794,-30.4912],[26.1909,-30.5004],[26.1941,-30.5038],[26.196,-30.5094],[26.1962,-30.5129],[26.1959,-30.5191],[26.1938,-30.528],[26.1973,-30.5316],[26.2023,-30.5334],[26.206,-30.5336],[26.2186,-30.5316],[26.2298,-30.5354],[26.244,-30.537],[26.2563,-30.5394],[26.2631,-30.543],[26.2646,-30.5458],[26.2651,-30.5494],[26.2642,-30.56],[26.2653,-30.5663],[26.2696,-30.5715],[26.2805,-30.5781],[26.281,-30.58],[26.2804,-30.5814],[26.2777,-30.5837],[26.2768,-30.5855],[26.2775,-30.5879],[26.2802,-30.5896],[26.291,-30.5918],[26.2974,-30.5899],[26.3092,-30.584],[26.3164,-30.5825],[26.3206,-30.5834],[26.3309,-30.5885],[26.344,-30.5936],[26.3489,-30.595],[26.356,-30.595],[26.3616,-30.5928],[26.3678,-30.585],[26.3719,-30.5817],[26.3775,-30.5809],[26.3852,-30.5819],[26.3897,-30.5815],[26.3956,-30.5778],[26.4016,-30.5716],[26.4179,-30.5663],[26.4252,-30.5652],[26.4293,-30.5655],[26.4491,-30.5693],[26.4527,-30.5712],[26.4606,-30.5783],[26.4709,-30.5837],[26.4789,-30.5893],[26.4816,-30.5906],[26.4873,-30.5916],[26.4894,-30.5938],[26.4903,-30.5966],[26.49,-30.6],[26.487,-30.6065],[26.4857,-30.6131],[26.4815,-30.6187],[26.4807,-30.6213],[26.4809,-30.627],[26.4834,-30.6296],[26.4865,-30.6306],[26.4938,-30.6299],[26.5042,-30.6318],[26.5105,-30.636],[26.5217,-30.6402],[26.5405,-30.6529],[26.5512,-30.6618],[26.5579,-30.6641],[26.5755,-30.6667],[26.5824,-30.6656],[26.5909,-30.6626],[26.6078,-30.664],[26.6194,-30.6631],[26.6261,-30.6614],[26.629,-30.6617],[26.6317,-30.6641],[26.6365,-30.6728],[26.6348,-30.675],[26.6278,-30.6782],[26.6249,-30.6832],[26.6253,-30.6911],[26.6265,-30.6928],[26.6295,-30.6939],[26.6396,-30.6936],[26.6507,-30.6915],[26.6535,-30.6901],[26.6608,-30.6853],[26.6648,-30.6775],[26.6698,-30.6706],[26.6753,-30.6675],[26.6773,-30.6682],[26.6807,-30.6784],[26.6836,-30.684],[26.6857,-30.686],[26.6932,-30.6879],[26.6997,-30.6879],[26.7031,-30.6869],[26.7091,-30.684],[26.7188,-30.674],[26.7228,-30.6682],[26.7257,-30.6664],[26.7366,-30.6646],[26.7516,-30.6662],[26.762,-30.658],[26.7688,-30.6555],[26.7761,-30.6484],[26.799,-30.6405],[26.8053,-30.6394],[26.809,-30.64],[26.8141,-30.6427],[26.8234,-30.6525],[26.8283,-30.6596],[26.8353,-30.6671],[26.8388,-30.6694],[26.8413,-30.6743],[26.8429,-30.6807],[26.8443,-30.6826],[26.8477,-30.6839],[26.8566,-30.6847],[26.8669,-30.6834],[26.8727,-30.6813],[26.8755,-30.6789],[26.8773,-30.6741],[26.876,-30.6691],[26.876,-30.6639],[26.877,-30.6609],[26.8794,-30.6594],[26.8862,-30.6594],[26.8962,-30.6671],[26.9031,-30.6689],[26.9076,-30.6681],[26.9121,-30.666],[26.9181,-30.6651],[26.9286,-30.666],[26.9346,-30.6651],[26.943,-30.6621],[26.9488,-30.6586],[26.95,-30.6559],[26.9493,-30.6529],[26.9345,-30.632],[26.9301,-30.6276],[26.9293,-30.6245],[26.9316,-30.6202],[26.9331,-30.619],[26.9389,-30.6181],[26.946,-30.6096],[26.9495,-30.6069],[26.9822,-30.5972],[27.0006,-30.5946],[27.0034,-30.5947],[27.0056,-30.5957],[27.0103,-30.6041],[27.0138,-30.6064],[27.0279,-30.6046],[27.0332,-30.6011],[27.0373,-30.5965],[27.039,-30.5925],[27.0426,-30.5876],[27.0415,-30.5815],[27.0392,-30.5791],[27.0265,-30.5786],[27.0243,-30.5747],[27.0227,-30.569],[27.0178,-30.5613],[27.0151,-30.5597],[27.0054,-30.5579],[27.0004,-30.5534],[26.9983,-30.5505],[26.9981,-30.5487],[27.0024,-30.5398],[27.0057,-30.5373],[27.0129,-30.5363],[27.0226,-30.5375],[27.0238,-30.537],[27.0248,-30.5349],[27.0274,-30.5343],[27.0349,-30.5374],[27.0427,-30.537],[27.065,-30.5297],[27.0764,-30.5293],[27.0853,-30.528],[27.087,-30.5285],[27.089,-30.5305],[27.0871,-30.5393],[27.0876,-30.5416],[27.0913,-30.5477],[27.0963,-30.5536],[27.1061,-30.5583],[27.1135,-30.5534],[27.1214,-30.5409],[27.1299,-30.5393],[27.1327,-30.538],[27.1351,-30.5365],[27.138,-30.5322],[27.1377,-30.5294],[27.1349,-30.5237],[27.1335,-30.5216],[27.1288,-30.5178],[27.1272,-30.5153],[27.1282,-30.5118],[27.1305,-30.5101],[27.1337,-30.5092],[27.1395,-30.5097],[27.1611,-30.5142],[27.1649,-30.514],[27.1697,-30.5123],[27.1715,-30.5133],[27.173,-30.515],[27.1737,-30.5175],[27.1763,-30.5199],[27.18,-30.5214],[27.1827,-30.5237],[27.1864,-30.5246],[27.1891,-30.5231],[27.193,-30.5177],[27.1988,-30.514],[27.206,-30.5074],[27.2057,-30.5006],[27.2095,-30.4935],[27.2099,-30.489],[27.2128,-30.487],[27.2154,-30.4876],[27.2177,-30.4898],[27.219,-30.4923],[27.2195,-30.495],[27.2183,-30.5054],[27.2197,-30.5086],[27.2215,-30.5104],[27.2283,-30.5107],[27.2297,-30.5096],[27.2295,-30.4992],[27.2336,-30.4933],[27.2326,-30.4876],[27.2332,-30.4848],[27.2353,-30.4823],[27.2395,-30.4806],[27.2448,-30.4807],[27.2456,-30.4818],[27.2481,-30.4868],[27.2483,-30.4953],[27.2511,-30.5025],[27.253,-30.5031],[27.2577,-30.5027],[27.2622,-30.5037],[27.2644,-30.5058],[27.2665,-30.5063],[27.2704,-30.5054],[27.2747,-30.5022],[27.2834,-30.5031],[27.2862,-30.5052],[27.2902,-30.5103],[27.2964,-30.5122],[27.2994,-30.5108],[27.3008,-30.508],[27.3012,-30.5016],[27.2982,-30.4958],[27.2984,-30.4946],[27.3064,-30.4906],[27.3153,-30.4898],[27.3211,-30.4879],[27.3243,-30.4877],[27.3279,-30.4847],[27.3284,-30.4834],[27.3284,-30.4819],[27.3261,-30.4783],[27.3237,-30.4764],[27.3211,-30.4756],[27.3148,-30.469],[27.2991,-30.4639],[27.296,-30.4616],[27.2938,-30.4579],[27.2935,-30.4552],[27.3006,-30.4437],[27.3049,-30.4413],[27.3111,-30.4411],[27.3132,-30.4415],[27.3235,-30.4467],[27.3293,-30.4475],[27.3365,-30.4504],[27.3396,-30.4506],[27.3479,-30.4492],[27.3556,-30.4431],[27.361,-30.4402],[27.3681,-30.4381],[27.3687,-30.437],[27.3684,-30.4334],[27.3661,-30.4318],[27.3638,-30.427],[27.3615,-30.4253],[27.3463,-30.4304],[27.3407,-30.431],[27.3338,-30.4294],[27.3242,-30.4232],[27.323,-30.4203],[27.3236,-30.4177],[27.3261,-30.4165],[27.3319,-30.4157],[27.3346,-30.4121],[27.3364,-30.4074],[27.3391,-30.4035],[27.3389,-30.3983],[27.3446,-30.3973],[27.3522,-30.4011],[27.366,-30.403],[27.3691,-30.4048],[27.3734,-30.4053],[27.3769,-30.4088],[27.3809,-30.4064],[27.3832,-30.4013],[27.3991,-30.3951],[27.403,-30.393],[27.4038,-30.3916],[27.4019,-30.385],[27.4029,-30.3804],[27.3959,-30.3703],[27.3971,-30.363],[27.3967,-30.3611],[27.3914,-30.3575],[27.3834,-30.3583],[27.3799,-30.3619],[27.3799,-30.3682],[27.3787,-30.3744],[27.3745,-30.3751],[27.3721,-30.3745],[27.3683,-30.3709],[27.3669,-30.3642],[27.3629,-30.3552],[27.367,-30.3452],[27.3664,-30.3387],[27.3583,-30.3358],[27.3534,-30.3359],[27.3489,-30.3324],[27.3489,-30.3308],[27.3603,-30.3242],[27.3627,-30.3237],[27.3774,-30.3271],[27.3773,-30.3248],[27.3836,-30.3201],[27.3851,-30.32],[27.3863,-30.3236],[27.3872,-30.3241],[27.3906,-30.3226],[27.3917,-30.3207],[27.3917,-30.3186],[27.3857,-30.3125],[27.3853,-30.3111],[27.3877,-30.3082],[27.3922,-30.3102],[27.3946,-30.3104],[27.3953,-30.3092],[27.3947,-30.3053],[27.3924,-30.3033],[27.3835,-30.3043],[27.3799,-30.2998],[27.3821,-30.2975],[27.3855,-30.2965],[27.3891,-30.2935],[27.389,-30.2922],[27.3857,-30.2908],[27.385,-30.2892],[27.3892,-30.2857],[27.3897,-30.284],[27.3874,-30.2817],[27.3827,-30.2823],[27.3821,-30.2778],[27.3798,-30.2742],[27.3788,-30.2743],[27.3773,-30.2761],[27.3766,-30.2797],[27.3738,-30.2806],[27.3693,-30.279],[27.3669,-30.2737],[27.3674,-30.2723],[27.3701,-30.2703],[27.3708,-30.2672],[27.3703,-30.2657],[27.3673,-30.2631],[27.3658,-30.2591],[27.3679,-30.2534],[27.3701,-30.2509],[27.3706,-30.2486],[27.3685,-30.2397],[27.3666,-30.2372],[27.3691,-30.2319],[27.3701,-30.2274],[27.3699,-30.2251],[27.3656,-30.2191],[27.3654,-30.218],[27.3678,-30.2133],[27.3716,-30.2101],[27.3738,-30.2071],[27.3753,-30.1985],[27.3713,-30.1978],[27.3682,-30.1926],[27.3689,-30.1907],[27.3709,-30.1899],[27.3818,-30.1947],[27.3842,-30.1946],[27.3861,-30.1934],[27.3867,-30.191],[27.3862,-30.1826],[27.3811,-30.1808],[27.3806,-30.1794],[27.3811,-30.1773],[27.3829,-30.1771],[27.3875,-30.1786],[27.3899,-30.1776],[27.3918,-30.1755],[27.3921,-30.1723],[27.3915,-30.1692],[27.3923,-30.167],[27.397,-30.1647],[27.4017,-30.1637],[27.4014,-30.1584],[27.4085,-30.156],[27.4103,-30.1526],[27.4046,-30.1501],[27.4074,-30.1449],[27.4021,-30.1391],[27.3962,-30.1418],[27.39,-30.1434],[27.3844,-30.1439],[27.3804,-30.1433],[27.3652,-30.1442],[27.3581,-30.1454],[27.3411,-30.146],[27.336,-30.1478],[27.3269,-30.1481],[27.323,-30.1399],[27.2965,-30.0561],[27.2909,-30.0503],[27.2873,-30.0493],[27.2832,-30.047],[27.278,-30.0467],[27.2685,-30.043],[27.2654,-30.0332],[27.2695,-30.026],[27.2539,-30.0261],[27.2347,-30.0083],[27.2189,-30.01],[27.2194,-30.0089],[27.2241,-30.0058],[27.2229,-29.9968],[27.0966,-29.7299],[27.0833,-29.723],[27.088,-29.7195],[27.0783,-29.7144],[27.0644,-29.7051],[27.0385,-29.677],[27.0284,-29.6711],[27.0243,-29.6661],[27.0196,-29.6667],[27.0197,-29.6642],[27.0165,-29.6632],[27.0133,-29.6609],[27.0135,-29.6562],[27.0113,-29.6506],[27.0116,-29.6485],[27.0177,-29.6448],[27.026,-29.642],[27.0281,-29.6388],[27.0259,-29.6333],[27.025,-29.6282],[27.0182,-29.6206],[27.0174,-29.619],[27.018,-29.6171],[27.0203,-29.6158],[27.0285,-29.6157],[27.0316,-29.6136],[27.0339,-29.6134],[27.0355,-29.6157],[27.0368,-29.6215],[27.0433,-29.6295],[27.0487,-29.6343],[27.0572,-29.6371],[27.0592,-29.6351],[27.0659,-29.6195],[27.066,-29.6176],[27.064,-29.6116],[27.0666,-29.6064],[27.0666,-29.6036],[27.0649,-29.5993],[27.0663,-29.5973],[27.0695,-29.5978],[27.0754,-29.6021],[27.0775,-29.6052],[27.0777,-29.609],[27.0791,-29.6117],[27.0816,-29.6146],[27.0851,-29.6151],[27.0893,-29.6084],[27.0947,-29.6046],[27.0978,-29.6038],[27.1026,-29.604],[27.1061,-29.603],[27.1065,-29.6005],[27.1038,-29.5932],[27.104,-29.5903],[27.1081,-29.5877],[27.1145,-29.5852],[27.1194,-29.5777],[27.1251,-29.5764],[27.13,-29.5737],[27.1351,-29.5734],[27.1411,-29.5752],[27.1457,-29.5689],[27.1503,-29.5658],[27.1522,-29.5622],[27.1542,-29.561],[27.1587,-29.5596],[27.1651,-29.5625],[27.175,-29.5636],[27.185,-29.5659],[27.1895,-29.5699],[27.1913,-29.5698],[27.1949,-29.5676],[27.2027,-29.5687],[27.2075,-29.567],[27.2085,-29.5657],[27.2085,-29.5639],[27.206,-29.5605],[27.2068,-29.5578],[27.2171,-29.5528],[27.2217,-29.5495],[27.2206,-29.5458],[27.2221,-29.5445],[27.2269,-29.5436],[27.2303,-29.5531],[27.2315,-29.5543],[27.2341,-29.5545],[27.2383,-29.5531],[27.2439,-29.5545],[27.2559,-29.5475],[27.2563,-29.545],[27.2549,-29.5368],[27.2573,-29.5333],[27.2628,-29.5333],[27.2769,-29.5263],[27.2831,-29.528],[27.2864,-29.5317],[27.2891,-29.5334],[27.2925,-29.534],[27.3018,-29.5325],[27.3052,-29.5339],[27.3064,-29.5329],[27.3065,-29.5307],[27.3047,-29.5272],[27.3042,-29.5211],[27.3014,-29.5175],[27.3002,-29.5123],[27.304,-29.5085],[27.3051,-29.5062],[27.3043,-29.5003],[27.3064,-29.4968],[27.3243,-29.4852],[27.3294,-29.4807],[27.3335,-29.4807],[27.3401,-29.486],[27.3473,-29.488],[27.3513,-29.4881],[27.3613,-29.4856],[27.3634,-29.4818],[27.3636,-29.4786],[27.3624,-29.4748],[27.359,-29.469],[27.3567,-29.4666],[27.358,-29.4607],[27.3564,-29.457],[27.3567,-29.4527],[27.3622,-29.45],[27.3705,-29.4487],[27.3727,-29.4469],[27.3749,-29.4431],[27.3801,-29.4408],[27.381,-29.4395],[27.3812,-29.4353],[27.3824,-29.4325],[27.3895,-29.4272],[27.3922,-29.4229],[27.3918,-29.4162],[27.3958,-29.4112],[27.398,-29.4111],[27.401,-29.4133],[27.404,-29.414],[27.408,-29.4133],[27.4124,-29.4112],[27.4183,-29.411],[27.4211,-29.4092],[27.4246,-29.4041],[27.4239,-29.401],[27.4217,-29.3971],[27.4216,-29.3876],[27.4192,-29.385],[27.4113,-29.38],[27.4075,-29.3752],[27.4055,-29.3709],[27.4061,-29.3649],[27.4089,-29.3637],[27.4139,-29.3653],[27.4264,-29.3737],[27.43,-29.3742],[27.4323,-29.373],[27.4353,-29.3702],[27.4377,-29.3642],[27.4373,-29.3597],[27.4338,-29.3522],[27.4352,-29.3444],[27.4345,-29.3402],[27.4363,-29.3341],[27.4445,-29.3287],[27.4499,-29.3284],[27.4568,-29.3264],[27.4609,-29.3266],[27.4645,-29.3239],[27.4705,-29.3217],[27.4723,-29.3203],[27.472,-29.3181],[27.4647,-29.3135],[27.4637,-29.3076],[27.457,-29.3054],[27.456,-29.3011],[27.4543,-29.2988],[27.4546,-29.2977],[27.4619,-29.2963],[27.4656,-29.2941],[27.4717,-29.2953],[27.4807,-29.2936],[27.4844,-29.2965],[27.4846,-29.3018],[27.4893,-29.302],[27.4918,-29.3004],[27.4902,-29.2941],[27.4941,-29.2897],[27.4942,-29.2852],[27.4949,-29.284],[27.4997,-29.2844],[27.5051,-29.2822],[27.5105,-29.2832],[27.5145,-29.2819],[27.5202,-29.2762],[27.525,-29.2661],[27.5409,-29.2599],[27.5462,-29.2525],[27.5481,-29.2476],[27.5476,-29.2464],[27.5446,-29.2445],[27.542,-29.2413],[27.5339,-29.2402],[27.5304,-29.237],[27.5283,-29.2373],[27.5251,-29.2409],[27.5223,-29.2407],[27.5205,-29.2385],[27.5243,-29.2346],[27.5247,-29.2317],[27.52,-29.2269],[27.5147,-29.2255],[27.5149,-29.2244],[27.5208,-29.2196],[27.5254,-29.217],[27.5296,-29.2194],[27.535,-29.2175],[27.5406,-29.2059],[27.5456,-29.2037],[27.5483,-29.1993],[27.5514,-29.1962],[27.5559,-29.1939],[27.5651,-29.1925],[27.5671,-29.1876],[27.5748,-29.1848],[27.5767,-29.1823],[27.5782,-29.1717],[27.5806,-29.1663],[27.5906,-29.1661],[27.5929,-29.1695],[27.5964,-29.1711],[27.6002,-29.1685],[27.6063,-29.1677],[27.6142,-29.1642],[27.6171,-29.1575],[27.6169,-29.1523],[27.6127,-29.1475],[27.6091,-29.1458],[27.6026,-29.1401],[27.6014,-29.1371],[27.6109,-29.1335],[27.6183,-29.1353],[27.6331,-29.1315],[27.6348,-29.1293],[27.6358,-29.1234],[27.6353,-29.122],[27.6309,-29.1198],[27.6312,-29.1167],[27.6327,-29.1152],[27.6379,-29.1151],[27.6411,-29.1175],[27.6442,-29.1186],[27.6463,-29.1176],[27.6508,-29.1091],[27.65,-29.105],[27.6524,-29.1012],[27.6484,-29.0956],[27.6512,-29.0909],[27.647,-29.0856],[27.64,-29.0855],[27.6395,-29.0835],[27.6412,-29.0809],[27.6462,-29.0786],[27.65,-29.0783],[27.6552,-29.0815],[27.6576,-29.0853],[27.6604,-29.0863],[27.6622,-29.0851],[27.6633,-29.0815],[27.6659,-29.0778],[27.667,-29.0775],[27.669,-29.079],[27.6726,-29.0793],[27.6755,-29.0773],[27.6771,-29.0736],[27.6746,-29.07],[27.6751,-29.0681],[27.6765,-29.0668],[27.6749,-29.0651],[27.6727,-29.0638],[27.6674,-29.0636],[27.6619,-29.0568],[27.6599,-29.0557],[27.6578,-29.0568],[27.6548,-29.0614],[27.6521,-29.0614],[27.6526,-29.0563],[27.6501,-29.0556],[27.646,-29.0567],[27.6446,-29.0562],[27.6414,-29.0458],[27.6473,-29.0442],[27.6484,-29.0423],[27.6512,-29.0415],[27.6523,-29.042],[27.6551,-29.0468],[27.6588,-29.0487],[27.6613,-29.0465],[27.673,-29.044],[27.6756,-29.0389],[27.675,-29.0333],[27.6736,-29.0312],[27.6698,-29.0296],[27.6701,-29.0273],[27.6748,-29.026],[27.6781,-29.0282],[27.6812,-29.0284],[27.6821,-29.0276],[27.6811,-29.0252],[27.6816,-29.024],[27.686,-29.0251],[27.688,-29.0232],[27.6875,-29.0216],[27.6809,-29.0164],[27.6824,-29.0066],[27.6851,-29.0036],[27.6879,-29.0035],[27.6922,-29.0049],[27.6958,-29.0072],[27.7012,-29.0087],[27.7023,-29.0102],[27.7056,-29.0116],[27.711,-29.0118],[27.7136,-29.0101],[27.7154,-29.0068],[27.717,-29.0003],[27.7169,-28.9994],[27.7145,-28.9974],[27.7163,-28.9916],[27.7154,-28.9908],[27.7117,-28.9915],[27.7096,-28.9906],[27.7074,-28.9824],[27.7084,-28.9813],[27.7142,-28.9829],[27.7168,-28.9824],[27.7229,-28.9756],[27.7238,-28.9729],[27.7236,-28.9697],[27.725,-28.9674],[27.7245,-28.9664],[27.7211,-28.9646],[27.7201,-28.963],[27.721,-28.9576],[27.7247,-28.9572],[27.7255,-28.9564],[27.7257,-28.9529],[27.7231,-28.9516],[27.7231,-28.9494],[27.7239,-28.949],[27.7265,-28.9505],[27.7282,-28.9506],[27.7296,-28.9466],[27.7351,-28.9445],[27.7379,-28.939],[27.7393,-28.9377],[27.7426,-28.9422],[27.7459,-28.9419],[27.7461,-28.9406],[27.7428,-28.9375],[27.7435,-28.9357],[27.7473,-28.9386],[27.7474,-28.9407],[27.7483,-28.9417],[27.76,-28.9414],[27.762,-28.938],[27.7618,-28.9371],[27.7573,-28.9351],[27.7569,-28.9342],[27.7616,-28.9303],[27.7656,-28.9241],[27.7667,-28.917],[27.7624,-28.9125],[27.7603,-28.9122],[27.7577,-28.9131],[27.7569,-28.9125],[27.7549,-28.9084],[27.7541,-28.9038],[27.7536,-28.898],[27.7543,-28.8971],[27.7628,-28.8975],[27.7723,-28.9031],[27.7747,-28.9057],[27.7773,-28.9069],[27.7842,-28.908],[27.7868,-28.9095],[27.7935,-28.9092],[27.7938,-28.9107],[27.7918,-28.9146],[27.7983,-28.9184],[27.8031,-28.9185],[27.8078,-28.917],[27.8135,-28.9204],[27.8163,-28.9211],[27.8185,-28.9203],[27.8268,-28.9127],[27.8315,-28.9127],[27.8315,-28.9115],[27.8294,-28.9087],[27.8293,-28.9048],[27.8299,-28.9035],[27.8329,-28.9063],[27.838,-28.9145],[27.8398,-28.9153],[27.8481,-28.9096],[27.8476,-28.9038],[27.8515,-28.903],[27.8535,-28.9053],[27.8541,-28.9097],[27.8585,-28.9104],[27.8594,-28.914],[27.864,-28.9136],[27.8649,-28.9162],[27.8689,-28.9198],[27.8713,-28.9197],[27.8764,-28.9175],[27.8795,-28.9173],[27.8835,-28.9148],[27.8869,-28.9168],[27.8884,-28.9167],[27.8909,-28.9144],[27.8912,-28.9106],[27.8941,-28.9102],[27.8963,-28.9085],[27.8982,-28.9024],[27.8978,-28.8976],[27.9001,-28.8941],[27.8995,-28.8918],[27.8978,-28.8903],[27.893,-28.8909],[27.8879,-28.8884],[27.8894,-28.8847],[27.8927,-28.8816],[27.8931,-28.8792],[27.9,-28.8785],[27.9086,-28.8816],[27.9116,-28.8811],[27.92,-28.8775],[27.9209,-28.8753],[27.9201,-28.8719],[27.9158,-28.8662],[27.9187,-28.8603],[27.9211,-28.859],[27.9241,-28.8598],[27.9257,-28.862],[27.9274,-28.8619],[27.9281,-28.8605],[27.9267,-28.8568],[27.9294,-28.8546],[27.9298,-28.8529],[27.931,-28.8525],[27.9339,-28.8535],[27.9385,-28.8523],[27.9377,-28.8489],[27.9384,-28.8483],[27.9483,-28.8525],[27.9554,-28.8582],[27.9618,-28.8596],[27.9629,-28.8616],[27.9625,-28.8656],[27.9647,-28.8675],[27.9658,-28.871],[27.9679,-28.8719],[27.9701,-28.8743],[27.9758,-28.8748],[27.9817,-28.8771],[27.984,-28.8769],[27.9906,-28.883],[27.992,-28.8823],[27.9921,-28.8804],[27.9912,-28.8792],[27.9876,-28.8782],[27.9871,-28.877],[27.9935,-28.8761],[27.9941,-28.8727],[27.9958,-28.872],[27.9999,-28.8774],[28.0022,-28.8765],[28.0042,-28.8735],[28.0038,-28.8719],[28.0048,-28.8716],[28.0076,-28.8727],[28.0131,-28.8799],[28.0184,-28.8757],[28.0247,-28.8741],[28.0264,-28.8755],[28.0276,-28.8789],[28.0289,-28.8791],[28.0303,-28.8766],[28.0286,-28.8735],[28.0341,-28.8742],[28.0309,-28.8721],[28.0325,-28.8676],[28.0282,-28.8667],[28.0303,-28.8649],[28.0306,-28.862],[28.0297,-28.8598],[28.0288,-28.8595],[28.0271,-28.8621],[28.0257,-28.8624],[28.0242,-28.861],[28.024,-28.8594],[28.0259,-28.8586],[28.0285,-28.8556],[28.0315,-28.856],[28.0329,-28.8526],[28.0354,-28.8524],[28.0361,-28.8499],[28.0385,-28.8508],[28.0405,-28.8506],[28.0413,-28.8463],[28.0447,-28.8455],[28.0468,-28.8438],[28.0478,-28.8417],[28.0497,-28.8422],[28.0515,-28.8441],[28.0545,-28.8414],[28.0539,-28.8382],[28.0543,-28.8348],[28.0501,-28.83],[28.052,-28.8266],[28.0509,-28.8241],[28.0508,-28.818],[28.0538,-28.8174],[28.0565,-28.8153],[28.0591,-28.8144],[28.062,-28.8142],[28.0732,-28.8158],[28.0749,-28.815],[28.0754,-28.8111],[28.0784,-28.8103],[28.0771,-28.8084],[28.0773,-28.8073],[28.0806,-28.8062],[28.0814,-28.8043],[28.0836,-28.8032],[28.0857,-28.8001],[28.0868,-28.7998],[28.0856,-28.7972],[28.0856,-28.7941],[28.0831,-28.7942],[28.0827,-28.7932],[28.084,-28.7923],[28.0877,-28.7934],[28.0893,-28.793],[28.0927,-28.7896],[28.0934,-28.7867],[28.0954,-28.7853],[28.0946,-28.7834],[28.0978,-28.7819],[28.0961,-28.7782],[28.0973,-28.776],[28.0976,-28.7728],[28.1001,-28.7685],[28.1024,-28.766],[28.1059,-28.7661],[28.1083,-28.765],[28.1138,-28.7577],[28.1188,-28.7583],[28.12,-28.7575],[28.1202,-28.7524],[28.1193,-28.7495],[28.1201,-28.7455],[28.1191,-28.7416],[28.122,-28.7405],[28.1251,-28.7451],[28.1282,-28.7468],[28.1309,-28.7458],[28.1316,-28.7448],[28.13,-28.7411],[28.133,-28.7387],[28.1353,-28.7386],[28.1384,-28.7343],[28.1394,-28.7346],[28.1413,-28.7377],[28.1427,-28.738],[28.1422,-28.7331],[28.1437,-28.7316],[28.1433,-28.7294],[28.1467,-28.7276],[28.149,-28.7236],[28.1505,-28.7227],[28.1517,-28.7229],[28.1514,-28.7262],[28.1544,-28.7286],[28.1551,-28.7312],[28.1577,-28.7308],[28.1553,-28.7239],[28.1572,-28.7234],[28.1584,-28.7257],[28.1596,-28.7258],[28.1607,-28.7225],[28.1591,-28.7206],[28.1553,-28.7201],[28.1553,-28.7191],[28.1595,-28.7191],[28.1624,-28.7179],[28.1624,-28.7169],[28.16,-28.7161],[28.1598,-28.7152],[28.1662,-28.7127],[28.1667,-28.7108],[28.1682,-28.7095],[28.1667,-28.7071],[28.167,-28.7055],[28.1685,-28.7053],[28.1761,-28.7084],[28.184,-28.7088],[28.1834,-28.7042],[28.1815,-28.7014],[28.1835,-28.6978],[28.1852,-28.6969],[28.1831,-28.6939],[28.1844,-28.6938],[28.1902,-28.6968],[28.19,-28.6997],[28.1913,-28.7026],[28.1903,-28.7039],[28.1905,-28.7056],[28.1964,-28.7112],[28.1996,-28.7095],[28.2103,-28.7073],[28.2123,-28.7061],[28.2138,-28.7024],[28.2179,-28.702],[28.2207,-28.7043],[28.2234,-28.7042],[28.2288,-28.7023],[28.2297,-28.7013],[28.2296,-28.6983],[28.2318,-28.6958],[28.2335,-28.6951],[28.2363,-28.6963],[28.238,-28.6958],[28.2414,-28.6967],[28.2433,-28.7026],[28.2478,-28.703],[28.2495,-28.7008],[28.253,-28.7016],[28.2576,-28.7003],[28.2588,-28.7023],[28.2582,-28.7062],[28.2605,-28.7092],[28.2621,-28.7095],[28.2637,-28.708],[28.2661,-28.7083],[28.2683,-28.7061],[28.272,-28.709],[28.2732,-28.7112],[28.2774,-28.7125],[28.2812,-28.7149],[28.2841,-28.7133],[28.2859,-28.7132],[28.2871,-28.7102],[28.2903,-28.7114],[28.2919,-28.7078],[28.295,-28.7077],[28.2954,-28.7062],[28.2944,-28.7051],[28.2959,-28.7034],[28.2978,-28.7043],[28.2971,-28.7077],[28.299,-28.7072],[28.2993,-28.7048],[28.3003,-28.7051],[28.3006,-28.7067],[28.3018,-28.7062],[28.3022,-28.7053],[28.3001,-28.7034],[28.3014,-28.702],[28.3027,-28.703],[28.3035,-28.7021],[28.3031,-28.7008],[28.3042,-28.6985],[28.3035,-28.6973],[28.3048,-28.6965],[28.3043,-28.6949],[28.3049,-28.6924],[28.309,-28.6958],[28.3104,-28.6961],[28.3094,-28.6994],[28.3105,-28.7005],[28.317,-28.701],[28.3203,-28.7037],[28.3249,-28.7042],[28.3289,-28.7058],[28.33,-28.7055],[28.33,-28.7041],[28.328,-28.7034],[28.3272,-28.7017],[28.3254,-28.7016],[28.3258,-28.7003],[28.3313,-28.6994],[28.3328,-28.6961],[28.3356,-28.6985],[28.3363,-28.697],[28.3406,-28.6954],[28.3421,-28.6938],[28.344,-28.695],[28.3441,-28.6994],[28.3478,-28.6986],[28.3494,-28.6991],[28.35,-28.7012],[28.3485,-28.7021],[28.3496,-28.7034],[28.3532,-28.6997],[28.3554,-28.6951],[28.3562,-28.6948],[28.3566,-28.6958],[28.3573,-28.6957],[28.3568,-28.6922],[28.3594,-28.6926],[28.3603,-28.6918],[28.3609,-28.69],[28.3593,-28.6892],[28.3595,-28.6885],[28.3643,-28.6878],[28.3637,-28.6857],[28.3672,-28.6864],[28.3672,-28.6838],[28.3712,-28.6843],[28.372,-28.6837],[28.3716,-28.682],[28.3727,-28.6811],[28.3729,-28.6793],[28.3687,-28.675],[28.3706,-28.6737],[28.3703,-28.6704],[28.3685,-28.6673],[28.3659,-28.6654],[28.3686,-28.6657],[28.3697,-28.6666],[28.3706,-28.6653],[28.372,-28.6659],[28.3733,-28.6628],[28.3757,-28.6606],[28.3789,-28.6598],[28.3816,-28.6572],[28.3852,-28.6566],[28.3858,-28.6541],[28.3871,-28.6529],[28.3889,-28.6537],[28.3877,-28.6522],[28.3873,-28.649],[28.3884,-28.6479],[28.3902,-28.6481],[28.3908,-28.644],[28.394,-28.6442],[28.396,-28.6465],[28.399,-28.6438],[28.4028,-28.6443],[28.4036,-28.641],[28.4032,-28.6387],[28.4044,-28.6375],[28.4042,-28.6359],[28.401,-28.6321],[28.4008,-28.6309],[28.403,-28.6276],[28.4027,-28.6264],[28.4009,-28.6251],[28.4019,-28.6243],[28.4046,-28.6241],[28.4095,-28.622],[28.4107,-28.6228],[28.4114,-28.6262],[28.4132,-28.6274],[28.4152,-28.6273],[28.417,-28.6262],[28.4195,-28.6277],[28.4211,-28.6257],[28.4228,-28.6256],[28.4246,-28.6243],[28.4257,-28.6244],[28.4261,-28.6255],[28.4275,-28.6222],[28.4301,-28.6201],[28.4342,-28.6208],[28.4371,-28.6204],[28.4376,-28.6218],[28.4413,-28.6181],[28.4419,-28.6186],[28.4418,-28.6201],[28.4426,-28.6201],[28.4439,-28.6191],[28.4433,-28.6171],[28.4451,-28.6154],[28.4457,-28.616],[28.4451,-28.6175],[28.446,-28.6177],[28.4466,-28.6195],[28.4475,-28.6193],[28.4479,-28.6176],[28.4493,-28.6165],[28.4502,-28.6168],[28.4502,-28.6176],[28.4514,-28.6171],[28.4536,-28.6193],[28.4559,-28.6172],[28.4565,-28.6118],[28.4596,-28.6136],[28.4612,-28.6135],[28.4617,-28.6128],[28.4594,-28.6124],[28.4593,-28.6108],[28.461,-28.6119],[28.4628,-28.6089],[28.4641,-28.6096],[28.4665,-28.6081],[28.4674,-28.6098],[28.4699,-28.6095],[28.4707,-28.6084],[28.47,-28.6073],[28.4713,-28.6073],[28.4724,-28.6053],[28.4763,-28.6058],[28.4784,-28.6093],[28.4805,-28.6073],[28.4817,-28.6075],[28.4861,-28.6125],[28.4879,-28.6113],[28.4896,-28.6061],[28.4948,-28.6079],[28.4963,-28.6058],[28.4995,-28.6093],[28.5026,-28.6078],[28.503,-28.6092],[28.5014,-28.6117],[28.5015,-28.6131],[28.5027,-28.6155],[28.5071,-28.6181],[28.5082,-28.6174],[28.506,-28.615],[28.5083,-28.614],[28.5089,-28.6123],[28.5142,-28.6112],[28.5138,-28.6095],[28.517,-28.6087],[28.5196,-28.6092],[28.5209,-28.6082],[28.5205,-28.6072],[28.5176,-28.607],[28.5181,-28.6027],[28.5212,-28.6035],[28.5241,-28.6012],[28.5262,-28.6028],[28.5266,-28.6051],[28.5284,-28.6059],[28.5285,-28.6098],[28.5303,-28.6103],[28.5325,-28.6096],[28.5314,-28.6081],[28.5318,-28.6072],[28.5335,-28.6068],[28.5352,-28.6082],[28.5361,-28.6079],[28.5367,-28.606],[28.5388,-28.6049],[28.5403,-28.6025],[28.5422,-28.6045],[28.5429,-28.6068],[28.5464,-28.6071],[28.5485,-28.6096],[28.5496,-28.6092],[28.549,-28.6076],[28.5513,-28.6072],[28.5518,-28.6056],[28.554,-28.6066],[28.5543,-28.6038],[28.5557,-28.6024],[28.5583,-28.604],[28.5637,-28.605],[28.5668,-28.6077],[28.5662,-28.6095],[28.567,-28.6104],[28.5681,-28.6084],[28.5725,-28.6073],[28.5737,-28.6077],[28.5742,-28.6102],[28.5757,-28.6102],[28.5784,-28.6038],[28.5806,-28.6045],[28.5837,-28.6038],[28.5852,-28.6058],[28.5871,-28.6051],[28.5879,-28.606],[28.5874,-28.6066],[28.5907,-28.6084],[28.5913,-28.6065],[28.5933,-28.6056],[28.5943,-28.6037],[28.5939,-28.6024],[28.5967,-28.6011],[28.5986,-28.6022],[28.6011,-28.6005],[28.604,-28.6006],[28.604,-28.5983],[28.6062,-28.5981],[28.6057,-28.5968],[28.6075,-28.5968],[28.6074,-28.5954],[28.6128,-28.5975],[28.6135,-28.5939],[28.6168,-28.5909],[28.6172,-28.5879],[28.6182,-28.5884],[28.6193,-28.5869],[28.6187,-28.5858],[28.6196,-28.5854],[28.6202,-28.583],[28.622,-28.5806],[28.6233,-28.58],[28.6278,-28.5815],[28.6287,-28.5808],[28.6299,-28.5821],[28.6324,-28.5826],[28.6326,-28.5789],[28.6351,-28.5788],[28.6366,-28.5756],[28.6376,-28.5754],[28.6388,-28.5778],[28.6386,-28.5764],[28.6395,-28.5754],[28.644,-28.5747],[28.6447,-28.5753],[28.645,-28.5731],[28.6466,-28.5733],[28.6481,-28.5714],[28.6514,-28.5708],[28.6511,-28.5722],[28.6519,-28.5733],[28.6551,-28.575],[28.6579,-28.5755],[28.6612,-28.5781],[28.6642,-28.5772],[28.6655,-28.5793],[28.6673,-28.5796],[28.6693,-28.5809],[28.6703,-28.583],[28.6722,-28.5835],[28.674,-28.5861],[28.6818,-28.5896],[28.6826,-28.5939],[28.6859,-28.5991],[28.6921,-28.604],[28.6939,-28.6075],[28.6969,-28.6082],[28.6982,-28.6124],[28.7036,-28.6181],[28.7037,-28.6188],[28.699,-28.6236],[28.6977,-28.6262],[28.6981,-28.631],[28.7009,-28.6366],[28.6961,-28.6382],[28.6969,-28.6397],[28.6948,-28.6444],[28.6981,-28.6451],[28.7042,-28.6494],[28.7064,-28.6523],[28.7047,-28.6563],[28.7055,-28.6596],[28.7073,-28.6609],[28.7081,-28.6638],[28.7047,-28.6698],[28.7047,-28.6714],[28.7083,-28.6739],[28.7142,-28.6756],[28.7192,-28.6795],[28.7242,-28.6816],[28.7265,-28.6843],[28.7261,-28.6877],[28.73,-28.689],[28.7345,-28.6864],[28.7381,-28.6875],[28.7399,-28.687],[28.7434,-28.6877],[28.7472,-28.6861],[28.7515,-28.6854],[28.7535,-28.6838],[28.7545,-28.6852],[28.7578,-28.6857],[28.7658,-28.6901],[28.7778,-28.7008],[28.7847,-28.7012],[28.7906,-28.6987],[28.7935,-28.699],[28.795,-28.6997],[28.7992,-28.7073],[28.8062,-28.7099],[28.806,-28.7116],[28.8072,-28.7137],[28.807,-28.7175],[28.8117,-28.7207],[28.809,-28.7229],[28.8059,-28.728],[28.8033,-28.73],[28.8012,-28.7379],[28.8015,-28.7405],[28.8004,-28.7426],[28.8009,-28.7454],[28.8042,-28.7474],[28.8032,-28.7504],[28.8041,-28.7507],[28.8047,-28.7533],[28.8039,-28.7592],[28.8075,-28.7643],[28.8077,-28.7705],[28.8085,-28.7715],[28.8124,-28.7741],[28.8179,-28.7757],[28.8231,-28.772],[28.8235,-28.7684],[28.8243,-28.7671],[28.8263,-28.7658],[28.829,-28.7658],[28.8304,-28.7633],[28.8335,-28.7627],[28.8351,-28.7612],[28.8404,-28.7603],[28.8415,-28.7586],[28.8466,-28.7599],[28.8524,-28.7596],[28.8576,-28.756],[28.8686,-28.7606],[28.8705,-28.7635],[28.8711,-28.7668],[28.8736,-28.7707],[28.883,-28.7487],[28.8913,-28.7465],[28.8921,-28.7449],[28.9,-28.7032],[28.8962,-28.6947],[28.8972,-28.6909],[28.8991,-28.6873],[28.9034,-28.6871],[28.9089,-28.6814],[28.9107,-28.6776],[28.9148,-28.6718],[28.922,-28.6637],[28.926,-28.6638],[28.9284,-28.6601],[28.9346,-28.6569],[28.9357,-28.6538],[28.9428,-28.6509],[28.9428,-28.6456],[28.9447,-28.6387],[28.9435,-28.6347],[28.9409,-28.6314],[28.9443,-28.6226],[28.9466,-28.6208],[28.9486,-28.6133],[28.9559,-28.6075],[28.966,-28.6053],[28.9613,-28.5972],[28.974,-28.5746],[29.0963,-28.5451],[29.135,-28.5663],[29.1615,-28.5421],[29.171,-28.53],[29.1787,-28.5427],[29.1964,-28.545],[29.2163,-28.519],[29.1915,-28.4938],[29.229,-28.4563],[29.2488,-28.4249],[29.2615,-28.4337],[29.2686,-28.4318],[29.2901,-28.4379],[29.3226,-28.424],[29.3229,-28.421],[29.3201,-28.4068],[29.3286,-28.4039],[29.3387,-28.3988],[29.3575,-28.3879],[29.3734,-28.3719],[29.4143,-28.3759],[29.4277,-28.3393],[29.4381,-28.3321],[29.4376,-28.3211],[29.4588,-28.3104],[29.4793,-28.2907],[29.4829,-28.2722],[29.5099,-28.2654],[29.5506,-28.2472],[29.5587,-28.2583],[29.6198,-28.2412],[29.6244,-28.225],[29.6096,-28.215],[29.6263,-28.1857],[29.6629,-28.1772],[29.6633,-28.142],[29.6541,-28.1383],[29.6606,-28.1261],[29.6526,-28.0988],[29.6555,-28.09],[29.6318,-28.069],[29.6169,-28.0468],[29.6394,-28.0155],[29.6359,-27.9945],[29.6508,-27.9667],[29.6636,-27.9573],[29.6668,-27.9584],[29.6737,-27.9576],[29.6769,-27.9595],[29.6798,-27.9574],[29.6772,-27.954],[29.6732,-27.9432],[29.6708,-27.9435],[29.6688,-27.9423],[29.6646,-27.9418],[29.66,-27.9382],[29.6577,-27.9374],[29.6632,-27.93],[29.6578,-27.9245],[29.6538,-27.9233],[29.6567,-27.9189],[29.6641,-27.9213],[29.6717,-27.917],[29.678,-27.9088],[29.682,-27.9068],[29.6904,-27.8957],[29.6869,-27.8907],[29.6827,-27.888],[29.683,-27.8836],[29.6859,-27.8831],[29.6872,-27.878],[29.6867,-27.8728],[29.685,-27.8675],[29.6896,-27.8644],[29.6884,-27.8631],[29.6871,-27.8585],[29.6957,-27.8586],[29.699,-27.8598],[29.7028,-27.8566],[29.7007,-27.8544],[29.6989,-27.8488],[29.6976,-27.8472],[29.6969,-27.8437],[29.6932,-27.8393],[29.6938,-27.8323],[29.6963,-27.8291],[29.697,-27.8245],[29.7023,-27.8222],[29.7038,-27.8189],[29.7095,-27.8157],[29.7134,-27.8181],[29.716,-27.8147],[29.7217,-27.8118],[29.7229,-27.8128],[29.7293,-27.812],[29.7313,-27.8081],[29.7283,-27.801],[29.724,-27.7968],[29.7178,-27.7968],[29.7109,-27.7956],[29.7115,-27.7927],[29.7175,-27.7875],[29.7127,-27.7805],[29.709,-27.7799],[29.7078,-27.7752],[29.7108,-27.7716],[29.7058,-27.7672],[29.7035,-27.7667],[29.703,-27.7614],[29.7084,-27.7571],[29.7067,-27.7547],[29.7066,-27.7519],[29.7047,-27.7468],[29.7091,-27.7389],[29.7103,-27.7302],[29.7086,-27.7262],[29.71,-27.7222],[29.7123,-27.7209],[29.7086,-27.7165],[29.7095,-27.7098],[29.709,-27.6985],[29.7052,-27.6991],[29.6997,-27.698],[29.6939,-27.6953],[29.6903,-27.6907],[29.6854,-27.6862],[29.6854,-27.6814],[29.6838,-27.6796],[29.6818,-27.6781],[29.6779,-27.6771],[29.6701,-27.6701],[29.6698,-27.6672],[29.6743,-27.66],[29.6712,-27.6505],[29.6741,-27.6475],[29.6768,-27.6397],[29.678,-27.6389],[29.6844,-27.6377],[29.6979,-27.6408],[29.7008,-27.6383],[29.7084,-27.6344],[29.7072,-27.6335],[29.7121,-27.6306],[29.7148,-27.6318],[29.7183,-27.6295],[29.7206,-27.6268],[29.7196,-27.6257],[29.7204,-27.6254],[29.7215,-27.6209],[29.7229,-27.6188],[29.7281,-27.6167],[29.7312,-27.6177],[29.7315,-27.613],[29.7348,-27.6071],[29.7402,-27.6056],[29.7489,-27.6137],[29.7522,-27.6051],[29.757,-27.604],[29.759,-27.6015],[29.7707,-27.5956],[29.774,-27.595],[29.7808,-27.5994],[29.7851,-27.5967],[29.7796,-27.5873],[29.7808,-27.584],[29.7808,-27.5791],[29.7838,-27.5735],[29.7839,-27.5712],[29.7804,-27.5595],[29.7761,-27.5575],[29.7721,-27.5534],[29.7711,-27.5464],[29.766,-27.5413],[29.7655,-27.5367],[29.7585,-27.5295],[29.7584,-27.5271],[29.748,-27.525],[29.7449,-27.5255],[29.7434,-27.5231],[29.7404,-27.5223],[29.736,-27.5196],[29.7246,-27.5243],[29.7124,-27.5184],[29.7093,-27.5136],[29.7109,-27.5101],[29.7105,-27.4987],[29.7216,-27.4883],[29.7251,-27.4894],[29.7319,-27.4879],[29.7166,-27.4808],[29.7143,-27.4804],[29.7032,-27.472],[29.7084,-27.4618],[29.7169,-27.4649],[29.7352,-27.4507],[29.7587,-27.4426],[29.7572,-27.4411],[29.7528,-27.439],[29.7496,-27.436],[29.7466,-27.4352],[29.7446,-27.4326],[29.7332,-27.431],[29.7311,-27.4318],[29.7275,-27.4315],[29.7212,-27.4329],[29.7197,-27.4383],[29.7189,-27.4389],[29.717,-27.4384],[29.7172,-27.4403],[29.7106,-27.4439],[29.7044,-27.4454],[29.7007,-27.4488],[29.6991,-27.4508],[29.7001,-27.4526],[29.6991,-27.4543],[29.6998,-27.4565],[29.6993,-27.4588],[29.7022,-27.4639],[29.7023,-27.4664],[29.6984,-27.4726],[29.6993,-27.4747],[29.6977,-27.4752],[29.6992,-27.4778],[29.7062,-27.4816],[29.7049,-27.4858],[29.7065,-27.4879],[29.7043,-27.4894],[29.7012,-27.4941],[29.6989,-27.4947],[29.6936,-27.4922],[29.6883,-27.4935],[29.6862,-27.4959],[29.6858,-27.4978],[29.681,-27.5001],[29.6801,-27.4997],[29.6795,-27.4968],[29.6741,-27.498],[29.671,-27.4965],[29.6669,-27.4959],[29.6638,-27.4968],[29.6623,-27.4961],[29.6614,-27.4967],[29.6608,-27.4958],[29.6551,-27.4962],[29.6505,-27.4997],[29.6506,-27.5029],[29.6494,-27.5042],[29.6442,-27.5037],[29.6429,-27.5045],[29.6368,-27.5047],[29.6297,-27.5023],[29.6255,-27.5057],[29.6189,-27.506],[29.6157,-27.5031],[29.6148,-27.501],[29.6127,-27.5001],[29.6093,-27.4964],[29.6068,-27.4966],[29.6059,-27.4952],[29.6048,-27.4955],[29.604,-27.4942],[29.6051,-27.4916],[29.6038,-27.4892],[29.6049,-27.4854],[29.6032,-27.4823],[29.6024,-27.4828],[29.6018,-27.4816],[29.6039,-27.4802],[29.601,-27.4768],[29.6027,-27.4757],[29.602,-27.4746],[29.603,-27.4741],[29.6016,-27.4718],[29.5998,-27.4728],[29.601,-27.4707],[29.6007,-27.4701],[29.5993,-27.4689],[29.5991,-27.47],[29.5979,-27.4701],[29.5944,-27.4674],[29.5929,-27.4679],[29.5897,-27.4663],[29.5888,-27.4653],[29.5895,-27.464],[29.589,-27.4632],[29.5873,-27.463],[29.5868,-27.464],[29.5845,-27.4644],[29.5836,-27.4623],[29.5846,-27.4619],[29.5829,-27.4616],[29.5824,-27.4602],[29.581,-27.4607],[29.5812,-27.4596],[29.58,-27.4584],[29.5781,-27.4596],[29.5781,-27.4579],[29.5767,-27.4569],[29.5787,-27.4565],[29.5781,-27.4557],[29.5791,-27.4544],[29.5776,-27.454],[29.5773,-27.4519],[29.5723,-27.4476],[29.5712,-27.4446],[29.5691,-27.4421],[29.5675,-27.4413],[29.5633,-27.4427],[29.5613,-27.4413],[29.5605,-27.4393],[29.5608,-27.4342],[29.5599,-27.4322],[29.5562,-27.431],[29.5541,-27.432],[29.5465,-27.4311],[29.5463,-27.4292],[29.5498,-27.4253],[29.55,-27.4241],[29.5426,-27.42],[29.5474,-27.4141],[29.552,-27.4136],[29.5492,-27.4092],[29.5489,-27.4047],[29.5497,-27.4018],[29.552,-27.3987],[29.5502,-27.3978],[29.547,-27.399],[29.5435,-27.399],[29.5416,-27.3915],[29.5381,-27.387],[29.5314,-27.3903],[29.5283,-27.3942],[29.5271,-27.3941],[29.5257,-27.3863],[29.5272,-27.3855],[29.5298,-27.3864],[29.5309,-27.3843],[29.5304,-27.3828],[29.5272,-27.3783],[29.5239,-27.3772],[29.5213,-27.3769],[29.5184,-27.3779],[29.5185,-27.3792],[29.5213,-27.3812],[29.5222,-27.3828],[29.52,-27.3844],[29.5119,-27.3796],[29.5088,-27.3764],[29.5087,-27.3727],[29.5095,-27.3692],[29.5124,-27.3678],[29.5118,-27.3668],[29.5052,-27.365],[29.503,-27.3614],[29.5029,-27.3582],[29.4988,-27.3588],[29.496,-27.361],[29.4907,-27.3611],[29.4866,-27.3628],[29.4828,-27.36],[29.4823,-27.3589],[29.483,-27.3569],[29.4871,-27.3506],[29.4849,-27.347],[29.4889,-27.346],[29.4899,-27.3447],[29.4901,-27.3369],[29.4878,-27.3375],[29.4865,-27.3407],[29.4845,-27.3405],[29.4837,-27.3388],[29.4852,-27.3353],[29.4864,-27.3274],[29.4833,-27.3281],[29.4826,-27.3294],[29.4826,-27.3322],[29.4807,-27.3328],[29.4694,-27.3248],[29.469,-27.3236],[29.4702,-27.3204],[29.4676,-27.3156],[29.4698,-27.3115],[29.472,-27.3114],[29.4722,-27.3095],[29.4698,-27.3036],[29.4709,-27.3015],[29.4687,-27.3015],[29.47,-27.3003],[29.4687,-27.2987],[29.4663,-27.299],[29.4654,-27.2924],[29.4634,-27.2902],[29.4637,-27.2877],[29.4617,-27.2868],[29.4617,-27.2853],[29.4605,-27.2856],[29.4611,-27.2867],[29.4591,-27.2863],[29.4589,-27.2853],[29.4603,-27.2844],[29.4565,-27.2842],[29.4571,-27.2829],[29.4566,-27.2815],[29.4548,-27.2826],[29.4542,-27.2814],[29.4552,-27.2796],[29.4533,-27.2769],[29.4518,-27.2763],[29.4515,-27.278],[29.4506,-27.2781],[29.4507,-27.2748],[29.4483,-27.2754],[29.4481,-27.273],[29.4464,-27.2719],[29.4434,-27.2669],[29.4395,-27.2676],[29.4394,-27.2664],[29.4386,-27.266],[29.4389,-27.2645],[29.4364,-27.261],[29.4355,-27.2611],[29.4363,-27.2624],[29.4357,-27.2628],[29.4344,-27.2613],[29.4333,-27.2625],[29.432,-27.2622],[29.4317,-27.2594],[29.4282,-27.2539],[29.4248,-27.2547],[29.4265,-27.2563],[29.424,-27.2565],[29.4233,-27.2576],[29.4213,-27.2566],[29.4225,-27.2552],[29.422,-27.254],[29.4203,-27.2539],[29.4201,-27.2554],[29.4194,-27.2554],[29.4151,-27.2505],[29.4119,-27.2511],[29.4107,-27.2523],[29.408,-27.2514],[29.4043,-27.2523],[29.4015,-27.2496],[29.3998,-27.2443],[29.4002,-27.2429],[29.3909,-27.2427],[29.3869,-27.2436],[29.3892,-27.2456],[29.3902,-27.2477],[29.3898,-27.2489],[29.3875,-27.2499],[29.3866,-27.2499],[29.3863,-27.2489],[29.389,-27.2475],[29.3884,-27.246],[29.3845,-27.249],[29.3807,-27.2474],[29.3751,-27.251],[29.3726,-27.2503],[29.3698,-27.2515],[29.3682,-27.2513],[29.3619,-27.247],[29.3589,-27.2488],[29.3546,-27.2486],[29.3532,-27.2498],[29.3515,-27.2487],[29.3482,-27.2493],[29.3427,-27.2485],[29.3397,-27.252],[29.3408,-27.2604],[29.3392,-27.2636],[29.3382,-27.2645],[29.3312,-27.2634],[29.3308,-27.2615],[29.3283,-27.2599],[29.3287,-27.2572],[29.3263,-27.2551],[29.3253,-27.2521],[29.3267,-27.2508],[29.3267,-27.249],[29.3279,-27.2481],[29.3281,-27.2466],[29.3322,-27.2446],[29.3328,-27.2421],[29.3352,-27.2398],[29.3344,-27.2364],[29.3362,-27.2351],[29.3382,-27.2351],[29.3362,-27.2338],[29.3362,-27.232],[29.3331,-27.2314],[29.3321,-27.2305],[29.3338,-27.2279],[29.3362,-27.2267],[29.3337,-27.2249],[29.3335,-27.2239],[29.3351,-27.2226],[29.3365,-27.2246],[29.3378,-27.2239],[29.3374,-27.2229],[29.3356,-27.2219],[29.3371,-27.2181],[29.3359,-27.2145],[29.3349,-27.2151],[29.3355,-27.2173],[29.3329,-27.217],[29.3329,-27.2191],[29.3315,-27.2182],[29.3325,-27.2151],[29.3341,-27.2141],[29.3311,-27.213],[29.3319,-27.2117],[29.3312,-27.2103],[29.3328,-27.2101],[29.3326,-27.2085],[29.3346,-27.2089],[29.3351,-27.2074],[29.3308,-27.208],[29.3311,-27.2047],[29.3299,-27.2036],[29.3287,-27.2058],[29.3272,-27.2063],[29.3255,-27.2085],[29.32,-27.2094],[29.3182,-27.2105],[29.3143,-27.2097],[29.313,-27.2114],[29.3112,-27.2113],[29.3107,-27.2123],[29.312,-27.2141],[29.3099,-27.2148],[29.309,-27.2162],[29.3059,-27.2147],[29.3046,-27.2151],[29.3005,-27.2119],[29.3019,-27.2097],[29.2988,-27.2092],[29.2972,-27.2058],[29.298,-27.2041],[29.2954,-27.2031],[29.2958,-27.201],[29.2935,-27.2009],[29.2917,-27.1996],[29.2887,-27.1965],[29.2876,-27.1927],[29.2849,-27.1925],[29.2849,-27.1917],[29.2871,-27.1911],[29.2864,-27.1903],[29.2849,-27.19],[29.2841,-27.1907],[29.2839,-27.1936],[29.2819,-27.1921],[29.282,-27.1935],[29.285,-27.195],[29.2819,-27.1996],[29.2807,-27.1989],[29.2824,-27.196],[29.282,-27.195],[29.2767,-27.1943],[29.2732,-27.1956],[29.2731,-27.1942],[29.2747,-27.1927],[29.2722,-27.1916],[29.2715,-27.1926],[29.2722,-27.1942],[29.2719,-27.1962],[29.2682,-27.1983],[29.2683,-27.1961],[29.2702,-27.1967],[29.2708,-27.1958],[29.2708,-27.1942],[29.2694,-27.1929],[29.2703,-27.1893],[29.2689,-27.1891],[29.2657,-27.1916],[29.2661,-27.1883],[29.2682,-27.1849],[29.2668,-27.184],[29.2658,-27.1867],[29.2633,-27.1874],[29.2602,-27.1838],[29.261,-27.183],[29.2627,-27.1836],[29.2629,-27.183],[29.2604,-27.1813],[29.2591,-27.1821],[29.2583,-27.1843],[29.2587,-27.1859],[29.2576,-27.187],[29.2581,-27.1889],[29.2566,-27.1899],[29.2575,-27.1918],[29.2563,-27.1946],[29.2542,-27.1948],[29.2535,-27.194],[29.2534,-27.1918],[29.2546,-27.1903],[29.2541,-27.1897],[29.2509,-27.1897],[29.2477,-27.1921],[29.2463,-27.192],[29.2453,-27.1909],[29.2465,-27.1885],[29.2443,-27.1862],[29.2426,-27.1861],[29.2419,-27.1884],[29.2396,-27.1863],[29.2406,-27.1846],[29.2434,-27.1852],[29.244,-27.1844],[29.2437,-27.1835],[29.2413,-27.1823],[29.2361,-27.1836],[29.2347,-27.1832],[29.2345,-27.1818],[29.2365,-27.1776],[29.2355,-27.1731],[29.2317,-27.1679],[29.2298,-27.1672],[29.2307,-27.1604],[29.2299,-27.1601],[29.2292,-27.1614],[29.2281,-27.1611],[29.2291,-27.1596],[29.2277,-27.1584],[29.2286,-27.1568],[29.227,-27.1553],[29.2292,-27.151],[29.2271,-27.1499],[29.2278,-27.1471],[29.2239,-27.1447],[29.2158,-27.1476],[29.2138,-27.1469],[29.2097,-27.1424],[29.2072,-27.1425],[29.204,-27.1449],[29.2023,-27.143],[29.2003,-27.1427],[29.1979,-27.1406],[29.195,-27.1402],[29.1927,-27.137],[29.1919,-27.1376],[29.1926,-27.1403],[29.1897,-27.1409],[29.1902,-27.1432],[29.1831,-27.1454],[29.1798,-27.1441],[29.179,-27.1462],[29.1782,-27.1465],[29.1757,-27.1459],[29.1742,-27.1438],[29.1701,-27.1414],[29.1682,-27.1415],[29.1669,-27.1427],[29.1658,-27.1421],[29.1614,-27.1434],[29.1595,-27.1431],[29.1595,-27.1451],[29.1588,-27.1461],[29.1562,-27.1449],[29.1527,-27.146],[29.1523,-27.1496],[29.151,-27.1519],[29.1474,-27.1491],[29.1461,-27.1527],[29.1437,-27.1527],[29.1417,-27.1538],[29.1391,-27.1522],[29.1377,-27.1524],[29.1363,-27.1546],[29.138,-27.1584],[29.1372,-27.1612],[29.1334,-27.1626],[29.1328,-27.1602],[29.1321,-27.1602],[29.1316,-27.1624],[29.1296,-27.1628],[29.1304,-27.1666],[29.1296,-27.1684],[29.1269,-27.169],[29.1265,-27.1671],[29.1244,-27.1672],[29.1206,-27.1718],[29.1169,-27.1724],[29.1147,-27.1688],[29.1146,-27.1654],[29.1137,-27.1632],[29.1141,-27.1589],[29.1121,-27.1528],[29.1135,-27.1496],[29.1106,-27.1477],[29.1075,-27.1419],[29.1014,-27.1372],[29.1018,-27.1342],[29.1047,-27.1345],[29.1054,-27.1338],[29.104,-27.1303],[29.0992,-27.1269],[29.097,-27.1227],[29.0953,-27.1216],[29.093,-27.1223],[29.0917,-27.1211],[29.0916,-27.1199],[29.0927,-27.1182],[29.0888,-27.1185],[29.0882,-27.1171],[29.0862,-27.116],[29.0863,-27.1148],[29.0887,-27.113],[29.0857,-27.1103],[29.0864,-27.1067],[29.0833,-27.1054],[29.0822,-27.102],[29.0801,-27.1],[29.0781,-27.0959],[29.0777,-27.0926],[29.0765,-27.0911],[29.0749,-27.0919],[29.0737,-27.0908],[29.072,-27.088],[29.0718,-27.0857],[29.0673,-27.0855],[29.0647,-27.0837],[29.0619,-27.0853],[29.0557,-27.0813],[29.0558,-27.0787],[29.0597,-27.0794],[29.0609,-27.0785],[29.0621,-27.0755],[29.061,-27.0717],[29.0654,-27.0651],[29.0674,-27.0647],[29.0682,-27.0674],[29.0701,-27.0678],[29.072,-27.0659],[29.0707,-27.0647],[29.0708,-27.064],[29.0719,-27.0637],[29.0733,-27.065],[29.0743,-27.0635],[29.0708,-27.0601],[29.072,-27.0563],[29.0683,-27.055],[29.0635,-27.0514],[29.0618,-27.0489],[29.0615,-27.046],[29.0645,-27.0445],[29.0649,-27.0428],[29.055,-27.0357],[29.0533,-27.0337],[29.0536,-27.0299],[29.0562,-27.0262],[29.0598,-27.0173],[29.0584,-27.0113],[29.0556,-27.0079],[29.0445,-27.0039],[29.0388,-27.0048],[29.0383,-27.0064],[29.0398,-27.0164],[29.0388,-27.0225],[29.0352,-27.0273],[29.0312,-27.029],[29.0303,-27.0285],[29.0302,-27.0261],[29.0262,-27.0221],[29.0281,-27.0184],[29.027,-27.0164],[29.0227,-27.0153],[29.0097,-27.0064],[28.9935,-27.0032],[28.9775,-26.9958],[28.9737,-26.9927],[28.9695,-26.9916],[28.9672,-26.9916],[28.9661,-26.9949],[28.9615,-26.9989],[28.9601,-27.0026],[28.9573,-27.0061],[28.9544,-27.0117],[28.9495,-27.0125],[28.9412,-27.0155],[28.9346,-27.0154],[28.9289,-27.0147],[28.9252,-27.0121],[28.9204,-27.0111],[28.917,-27.0133],[28.9128,-27.0179],[28.9075,-27.0201],[28.9042,-27.0198],[28.8945,-27.0134],[28.8936,-27.0134],[28.8854,-27.0248],[28.8884,-27.026],[28.8939,-27.0265],[28.8969,-27.0281],[28.898,-27.0296],[28.8991,-27.0347],[28.8968,-27.0392],[28.8962,-27.0427],[28.8969,-27.044],[28.8991,-27.0454],[28.9005,-27.0481],[28.8963,-27.0539],[28.8913,-27.0581],[28.8886,-27.0593],[28.8799,-27.0552],[28.878,-27.0493],[28.8753,-27.0449],[28.8699,-27.0316],[28.8645,-27.0305],[28.8579,-27.0249],[28.8522,-27.0273],[28.8503,-27.0313],[28.8436,-27.0391],[28.839,-27.0416],[28.8344,-27.0417],[28.8259,-27.037],[28.8159,-27.0424],[28.814,-27.0426],[28.812,-27.0409],[28.8108,-27.0383],[28.8117,-27.0334],[28.8098,-27.0193],[28.8049,-27.0115],[28.8028,-27.0114],[28.8013,-27.0125],[28.8009,-27.0136],[28.8022,-27.0156],[28.802,-27.0172],[28.7978,-27.0264],[28.7962,-27.0288],[28.795,-27.0289],[28.7945,-27.0269],[28.7922,-27.0254],[28.7738,-27.019],[28.7736,-27.0174],[28.7768,-27.009],[28.7744,-27.0054],[28.7707,-27.003],[28.7678,-27.0031],[28.7639,-27.0019],[28.7552,-26.9974],[28.7524,-26.9982],[28.7437,-27.0034],[28.7365,-27.0017],[28.7311,-26.9955],[28.7287,-26.9898],[28.7254,-26.9846],[28.7158,-26.9791],[28.7147,-26.9771],[28.7138,-26.9716],[28.7109,-26.9692],[28.7062,-26.9687],[28.7036,-26.9729],[28.7,-26.9756],[28.6898,-26.9759],[28.6834,-26.9752],[28.6797,-26.9736],[28.6614,-26.9608],[28.6545,-26.9602],[28.6469,-26.953],[28.6455,-26.9527],[28.6434,-26.9542],[28.6369,-26.955],[28.6359,-26.9562],[28.6357,-26.9594],[28.6345,-26.962],[28.6215,-26.9688],[28.6102,-26.9869],[28.6064,-26.9906],[28.605,-26.9932],[28.6059,-26.9944],[28.6097,-26.9938],[28.6153,-26.9995],[28.6172,-27.0002],[28.6233,-26.9951],[28.633,-26.9909],[28.6458,-26.9924],[28.6535,-26.9953],[28.6555,-26.9969],[28.6558,-26.9986],[28.6513,-27.0094],[28.649,-27.0109],[28.6473,-27.0166],[28.6444,-27.0203],[28.6423,-27.021],[28.6394,-27.0199],[28.6307,-27.0131],[28.6255,-27.0107],[28.6136,-27.0084],[28.6083,-27.0082],[28.6079,-27.0115],[28.6095,-27.0188],[28.6089,-27.0207],[28.6045,-27.021],[28.5933,-27.0238],[28.5911,-27.026],[28.5851,-27.0364],[28.5833,-27.0378],[28.5799,-27.039],[28.5762,-27.0392],[28.5708,-27.0354],[28.569,-27.0349],[28.5619,-27.0388],[28.5592,-27.0409],[28.5607,-27.0479],[28.5599,-27.0542],[28.5572,-27.0563],[28.5542,-27.0609],[28.538,-27.0663],[28.5338,-27.0669],[28.5327,-27.0654],[28.5329,-27.063],[28.5364,-27.056],[28.5458,-27.0529],[28.5497,-27.045],[28.5496,-27.0413],[28.5429,-27.0347],[28.5385,-27.0337],[28.5308,-27.0271],[28.5299,-27.0215],[28.5276,-27.018],[28.5229,-27.0168],[28.5179,-27.014],[28.5115,-27.012],[28.5088,-27.0096],[28.5036,-27.008],[28.503,-27.0055],[28.5043,-27.0021],[28.5109,-26.9928],[28.5096,-26.9866],[28.5005,-26.9778],[28.4924,-26.9756],[28.4859,-26.9711],[28.4836,-26.9671],[28.482,-26.9587],[28.4791,-26.9517],[28.4777,-26.9502],[28.4754,-26.9505],[28.4703,-26.9565],[28.4712,-26.9584],[28.4757,-26.9602],[28.476,-26.9627],[28.4702,-26.9728],[28.4703,-26.9752],[28.4724,-26.98],[28.4676,-26.9828],[28.4645,-26.9829],[28.4616,-26.9774],[28.4613,-26.9723],[28.4514,-26.9638],[28.4438,-26.9603],[28.4366,-26.9645],[28.4359,-26.9657],[28.4365,-26.9669],[28.4426,-26.9709],[28.4515,-26.9789],[28.4514,-26.9813],[28.4317,-27.0057],[28.4234,-27.0098],[28.4202,-27.0126],[28.4185,-27.013],[28.4148,-27.0104],[28.4134,-27.0075],[28.4135,-27.0062],[28.4185,-27.0001],[28.4261,-26.994],[28.4291,-26.9892],[28.4265,-26.9871],[28.4207,-26.9781],[28.4149,-26.973],[28.4084,-26.9627],[28.405,-26.9551],[28.4004,-26.9509],[28.3999,-26.9489],[28.4013,-26.9446],[28.4012,-26.9385],[28.3996,-26.9357],[28.3928,-26.9317],[28.389,-26.9307],[28.3858,-26.931],[28.3726,-26.9347],[28.3692,-26.9344],[28.3621,-26.9318],[28.3571,-26.9311],[28.3529,-26.9316],[28.3476,-26.934],[28.3295,-26.9472],[28.3266,-26.9488],[28.3245,-26.949],[28.3206,-26.9419],[28.3197,-26.9365],[28.3228,-26.9331],[28.3303,-26.9284],[28.3313,-26.9259],[28.3301,-26.9239],[28.3265,-26.9225],[28.3219,-26.9226],[28.3146,-26.9247],[28.3125,-26.9279],[28.3111,-26.9359],[28.3087,-26.9389],[28.306,-26.9406],[28.3017,-26.9409],[28.2904,-26.9305],[28.2886,-26.9281],[28.2814,-26.9148],[28.2823,-26.9078],[28.2815,-26.9061],[28.28,-26.9055],[28.2775,-26.9065],[28.267,-26.9143],[28.2626,-26.9148],[28.2609,-26.9114],[28.2622,-26.9048],[28.2614,-26.902],[28.2517,-26.893],[28.2516,-26.8895],[28.2501,-26.8879],[28.2394,-26.8819],[28.2365,-26.8811],[28.2349,-26.8818],[28.2324,-26.8868],[28.2283,-26.8918],[28.2273,-26.8972],[28.2283,-26.9034],[28.2298,-26.9066],[28.2322,-26.9093],[28.2385,-26.913],[28.2399,-26.9146],[28.2403,-26.9164],[28.2308,-26.9229],[28.2259,-26.9237],[28.2236,-26.922],[28.2192,-26.915],[28.2162,-26.9121],[28.2125,-26.9111],[28.2057,-26.9122],[28.203,-26.9116],[28.1932,-26.8962],[28.1908,-26.8938],[28.1862,-26.892],[28.185,-26.8907],[28.1842,-26.8887],[28.1859,-26.8767],[28.185,-26.8715],[28.1799,-26.8618],[28.1799,-26.8576],[28.1786,-26.8532],[28.1742,-26.8474],[28.1714,-26.8458],[28.1599,-26.8454],[28.1562,-26.847],[28.1538,-26.8506],[28.1554,-26.8536],[28.1661,-26.865],[28.1678,-26.868],[28.1713,-26.8837],[28.1711,-26.8873],[28.1687,-26.89],[28.1668,-26.8908],[28.1638,-26.8904],[28.1581,-26.8849],[28.1539,-26.8841],[28.1501,-26.8846],[28.1429,-26.8898],[28.1401,-26.8899],[28.1354,-26.8879],[28.1324,-26.8877],[28.1251,-26.8909],[28.1191,-26.8893],[28.1161,-26.8833],[28.1156,-26.8764],[28.1162,-26.8735],[28.1208,-26.8694],[28.1215,-26.8645],[28.1213,-26.8558],[28.1205,-26.8526],[28.1148,-26.8444],[28.1122,-26.843],[28.1046,-26.8412],[28.0956,-26.8402],[28.088,-26.8378],[28.0763,-26.8323],[28.0709,-26.8264],[28.0657,-26.8235],[28.0656,-26.8209],[28.0582,-26.8176],[28.0548,-26.8151],[28.051,-26.8141],[28.0489,-26.8066],[28.0491,-26.8032],[28.0456,-26.7999],[28.0407,-26.7976],[28.0378,-26.7973],[28.035,-26.7948],[28.0216,-26.7958],[28.0166,-26.7951],[28.0146,-26.7936],[28.0143,-26.7913],[28.0155,-26.7896],[28.0171,-26.7885],[28.0213,-26.7876],[28.0265,-26.7844],[28.0281,-26.7827],[28.0284,-26.7804],[28.0276,-26.7796],[28.0246,-26.7796],[28.0201,-26.7754],[28.0094,-26.7708],[28.0067,-26.7684],[28.0068,-26.7631],[28.0055,-26.7589],[28.0025,-26.7533],[28.0017,-26.7483],[27.993,-26.7346],[27.992,-26.7275],[27.9946,-26.7187],[28.0004,-26.7058],[27.9998,-26.6967],[27.9965,-26.6921],[27.9869,-26.6827],[27.9827,-26.6801],[27.9812,-26.6768],[27.977,-26.6714]]]},"properties":{"OBJECTID_12":2,"OBJECTID_1":2,"OBJECTID":2,"CODE":"FS","PROVINCE":"Free State","GISDB.LDR.Provinces.Area":129825.163682,"Country":"South Africa","Shape_Leng":24.249596069999999,"Shape_STAr":11.97942799,"Shape_STLe":24.249596069999999,"Shape.STArea()":11.979427986449988,"Shape.STLength()":24.24959607277026}},{"type":"Feature","id":3,"geometry":{"type":"Polygon","coordinates":[[[28.7583,-25.1473],[28.7446,-25.1096],[28.7101,-25.1161],[28.6683,-25.1385],[28.6159,-25.1516],[28.6381,-25.1839],[28.6381,-25.1866],[28.6553,-25.2135],[28.6786,-25.2108],[28.6791,-25.212],[28.6768,-25.217],[28.6789,-25.2181],[28.6799,-25.2202],[28.6773,-25.2261],[28.6756,-25.227],[28.6757,-25.2347],[28.6734,-25.2364],[28.6729,-25.2385],[28.6691,-25.2414],[28.6699,-25.2426],[28.67,-25.2458],[28.6712,-25.2477],[28.6643,-25.2518],[28.6593,-25.2348],[28.6326,-25.28],[28.6313,-25.2802],[28.6044,-25.2521],[28.6047,-25.2535],[28.6029,-25.2542],[28.5948,-25.2494],[28.5637,-25.2494],[28.5643,-25.2521],[28.5133,-25.2561],[28.5012,-25.2654],[28.5036,-25.3088],[28.4393,-25.3102],[28.4337,-25.3224],[28.3826,-25.3211],[28.3792,-25.2921],[28.2982,-25.3104],[28.2981,-25.3393],[28.2896,-25.3411],[28.2895,-25.3383],[28.2834,-25.3381],[28.2826,-25.3426],[28.2283,-25.3542],[28.2015,-25.3237],[28.1768,-25.3286],[28.1767,-25.3659],[28.1107,-25.3789],[28.108,-25.367],[28.0834,-25.3848],[28.0555,-25.4],[28.0447,-25.4017],[28.0004,-25.3594],[27.9708,-25.3629],[27.9456,-25.4067],[27.9582,-25.4263],[27.9604,-25.4273],[27.9697,-25.4391],[27.9917,-25.4245],[28.036,-25.4706],[28.0119,-25.4805],[28.0075,-25.4841],[27.9924,-25.518],[28.0244,-25.5307],[28.0524,-25.5358],[28.0495,-25.5596],[28.0307,-25.5584],[27.9815,-25.5427],[27.9646,-25.5802],[27.9576,-25.5926],[27.9722,-25.5979],[27.9806,-25.6328],[27.9649,-25.6348],[27.9656,-25.6417],[27.9652,-25.6454],[27.9621,-25.6451],[27.959,-25.6435],[27.9571,-25.6436],[27.9573,-25.6476],[27.9541,-25.6502],[27.9523,-25.6536],[27.9531,-25.6557],[27.9519,-25.664],[27.9528,-25.6669],[27.9519,-25.6713],[27.9538,-25.6729],[27.9575,-25.6937],[27.9482,-25.6952],[27.9795,-25.7515],[27.9732,-25.7568],[27.9646,-25.7576],[27.9558,-25.7566],[27.9527,-25.7596],[27.9493,-25.7598],[27.9546,-25.7869],[27.9596,-25.786],[27.9632,-25.7871],[27.9623,-25.7919],[27.9637,-25.7991],[27.9572,-25.8005],[27.9602,-25.816],[27.9401,-25.8197],[27.9258,-25.8241],[27.9395,-25.8368],[27.9005,-25.8408],[27.8982,-25.8597],[27.8826,-25.8619],[27.8847,-25.8517],[27.8835,-25.8457],[27.8844,-25.8387],[27.8853,-25.8354],[27.8901,-25.8298],[27.8917,-25.8229],[27.8887,-25.8231],[27.8657,-25.8192],[27.8587,-25.8188],[27.8482,-25.8393],[27.8518,-25.8464],[27.844,-25.8489],[27.8315,-25.8602],[27.791,-25.8747],[27.7446,-25.8946],[27.7427,-25.863],[27.7427,-25.8502],[27.7358,-25.8553],[27.7303,-25.8552],[27.7046,-25.8683],[27.6849,-25.8754],[27.6642,-25.8418],[27.6639,-25.84],[27.6627,-25.8399],[27.6596,-25.8433],[27.6546,-25.8453],[27.6497,-25.8435],[27.6505,-25.8427],[27.6471,-25.8406],[27.6468,-25.8394],[27.6485,-25.8381],[27.6489,-25.835],[27.6455,-25.8198],[27.6411,-25.8128],[27.6418,-25.8114],[27.6466,-25.8141],[27.6436,-25.7959],[27.6403,-25.7963],[27.6056,-25.8082],[27.5993,-25.8127],[27.5983,-25.8196],[27.5746,-25.836],[27.5599,-25.8428],[27.546,-25.8462],[27.5477,-25.8505],[27.5474,-25.8514],[27.5425,-25.8526],[27.5336,-25.8521],[27.5323,-25.85],[27.5133,-25.8603],[27.5002,-25.8613],[27.4975,-25.8596],[27.4844,-25.8635],[27.462,-25.8676],[27.47,-25.8881],[27.457,-25.8883],[27.4633,-25.9215],[27.4536,-25.9202],[27.457,-25.9818],[27.4498,-26.0162],[27.4389,-26.0143],[27.4357,-26.0226],[27.434,-26.0225],[27.4338,-26.0249],[27.4353,-26.0251],[27.4352,-26.0269],[27.4314,-26.0523],[27.4252,-26.0894],[27.4224,-26.0892],[27.4194,-26.1175],[27.3617,-26.1157],[27.3583,-26.1546],[27.2914,-26.1446],[27.3084,-26.2252],[27.3301,-26.2818],[27.2993,-26.3045],[27.2748,-26.3142],[27.2348,-26.3383],[27.188,-26.3779],[27.2249,-26.444],[27.2246,-26.4516],[27.2238,-26.4518],[27.2314,-26.5055],[27.2125,-26.5148],[27.1986,-26.518],[27.1828,-26.5203],[27.1883,-26.5258],[27.1786,-26.521],[27.1563,-26.5243],[27.1588,-26.5254],[27.1671,-26.5514],[27.1746,-26.5492],[27.1826,-26.5631],[27.1826,-26.5746],[27.2284,-26.571],[27.2345,-26.5949],[27.2332,-26.5955],[27.235,-26.6186],[27.2419,-26.6365],[27.2474,-26.6344],[27.2482,-26.6348],[27.2478,-26.636],[27.2489,-26.636],[27.2494,-26.6341],[27.2497,-26.6349],[27.2513,-26.6347],[27.2508,-26.6339],[27.2522,-26.6338],[27.2537,-26.6325],[27.2575,-26.632],[27.2574,-26.6308],[27.2605,-26.6315],[27.2617,-26.6335],[27.2644,-26.6317],[27.2657,-26.6325],[27.2671,-26.6306],[27.2677,-26.6312],[27.2673,-26.6324],[27.2683,-26.6329],[27.2718,-26.6304],[27.2728,-26.6309],[27.2723,-26.6315],[27.2731,-26.6322],[27.2746,-26.6308],[27.2745,-26.6298],[27.2769,-26.629],[27.2768,-26.6259],[27.2789,-26.6265],[27.2785,-26.6253],[27.2793,-26.6244],[27.2797,-26.6258],[27.2855,-26.625],[27.2859,-26.6244],[27.2842,-26.6222],[27.2851,-26.6224],[27.2862,-26.6214],[27.2933,-26.6223],[27.2969,-26.6203],[27.2974,-26.6216],[27.2991,-26.6221],[27.3442,-26.6131],[27.3315,-26.5903],[27.3389,-26.5781],[27.3386,-26.5717],[27.3658,-26.5738],[27.3854,-26.6043],[27.3784,-26.6107],[27.4258,-26.6495],[27.4347,-26.6318],[27.4548,-26.6303],[27.5065,-26.6462],[27.5691,-26.6472],[27.5702,-26.6836],[27.5742,-26.6841],[27.5742,-26.7158],[27.5753,-26.7157],[27.6028,-26.6924],[27.6017,-26.7149],[27.6022,-26.7228],[27.5891,-26.7241],[27.5869,-26.7273],[27.5814,-26.731],[27.5888,-26.7357],[27.5904,-26.7384],[27.5936,-26.7371],[27.5967,-26.7373],[27.6009,-26.7406],[27.6061,-26.7413],[27.6072,-26.7411],[27.6087,-26.7392],[27.6092,-26.7341],[27.6105,-26.7326],[27.6295,-26.7323],[27.6334,-26.7337],[27.6345,-26.7357],[27.6347,-26.7388],[27.6323,-26.7455],[27.6358,-26.7515],[27.6287,-26.764],[27.6285,-26.7668],[27.6313,-26.7714],[27.6357,-26.772],[27.639,-26.771],[27.641,-26.7689],[27.6431,-26.7685],[27.6572,-26.7708],[27.6623,-26.7735],[27.6662,-26.7736],[27.6753,-26.7717],[27.6882,-26.7618],[27.6938,-26.7634],[27.7017,-26.764],[27.7265,-26.7604],[27.732,-26.7624],[27.7352,-26.7648],[27.7382,-26.7683],[27.7397,-26.7685],[27.7415,-26.77],[27.7466,-26.7797],[27.7475,-26.7854],[27.7489,-26.7872],[27.7545,-26.791],[27.7597,-26.7969],[27.7682,-26.7993],[27.7707,-26.7989],[27.7727,-26.7946],[27.7719,-26.7918],[27.768,-26.7865],[27.7671,-26.7829],[27.767,-26.7806],[27.7685,-26.7753],[27.7682,-26.7652],[27.7705,-26.759],[27.7824,-26.7508],[27.7902,-26.7496],[27.8098,-26.7509],[27.8216,-26.7495],[27.8306,-26.7511],[27.8495,-26.7456],[27.8579,-26.747],[27.8663,-26.7462],[27.8722,-26.7477],[27.88,-26.7462],[27.883,-26.744],[27.8847,-26.7343],[27.8886,-26.7294],[27.8928,-26.7259],[27.8949,-26.7212],[27.8955,-26.7178],[27.8918,-26.7144],[27.8932,-26.7109],[27.8952,-26.7097],[27.9016,-26.7083],[27.908,-26.7059],[27.9135,-26.7065],[27.9228,-26.7051],[27.9256,-26.7038],[27.9298,-26.6998],[27.9352,-26.6927],[27.9357,-26.6876],[27.9388,-26.6797],[27.941,-26.6759],[27.9425,-26.6746],[27.953,-26.6717],[27.9636,-26.6712],[27.9691,-26.6688],[27.9735,-26.6694],[27.9775,-26.6719],[27.9827,-26.6801],[27.9869,-26.6827],[27.9965,-26.6921],[27.9996,-26.696],[28.0003,-26.6992],[28.0004,-26.7058],[27.9946,-26.7187],[27.992,-26.7275],[27.993,-26.7346],[28.0017,-26.7483],[28.0025,-26.7533],[28.0055,-26.7589],[28.0068,-26.7631],[28.0069,-26.7688],[28.0111,-26.7717],[28.0201,-26.7754],[28.0246,-26.7796],[28.0276,-26.7796],[28.0284,-26.7804],[28.0281,-26.7827],[28.0265,-26.7844],[28.0213,-26.7876],[28.0171,-26.7885],[28.0155,-26.7896],[28.0142,-26.7916],[28.0151,-26.7942],[28.0186,-26.7955],[28.0233,-26.7959],[28.035,-26.7948],[28.0378,-26.7973],[28.0407,-26.7976],[28.0456,-26.7999],[28.0491,-26.8032],[28.0489,-26.8066],[28.051,-26.8141],[28.0548,-26.8151],[28.0582,-26.8176],[28.0656,-26.8209],[28.0657,-26.8235],[28.0709,-26.8264],[28.0763,-26.8323],[28.088,-26.8378],[28.0956,-26.8402],[28.1046,-26.8412],[28.1122,-26.843],[28.1148,-26.8444],[28.1205,-26.8526],[28.1213,-26.8558],[28.1215,-26.8645],[28.1208,-26.8694],[28.1162,-26.8735],[28.1156,-26.8774],[28.116,-26.8827],[28.117,-26.886],[28.1191,-26.8893],[28.1211,-26.8903],[28.1251,-26.8909],[28.1324,-26.8877],[28.1354,-26.8879],[28.1401,-26.8899],[28.1429,-26.8898],[28.1501,-26.8846],[28.1539,-26.8841],[28.1581,-26.8849],[28.1638,-26.8904],[28.1668,-26.8908],[28.1687,-26.89],[28.1711,-26.8873],[28.1713,-26.8837],[28.1678,-26.868],[28.1661,-26.865],[28.1554,-26.8536],[28.1538,-26.8506],[28.1562,-26.847],[28.1599,-26.8454],[28.1708,-26.8457],[28.1735,-26.8467],[28.1786,-26.8532],[28.1799,-26.8576],[28.1799,-26.8618],[28.1852,-26.872],[28.1859,-26.8767],[28.1842,-26.8887],[28.185,-26.8907],[28.1862,-26.892],[28.1908,-26.8938],[28.1932,-26.8962],[28.203,-26.9116],[28.2057,-26.9122],[28.2125,-26.9111],[28.2162,-26.9121],[28.2192,-26.915],[28.2236,-26.922],[28.2265,-26.9238],[28.2308,-26.9229],[28.2402,-26.9166],[28.2395,-26.9139],[28.2322,-26.9093],[28.2298,-26.9066],[28.2279,-26.9017],[28.2273,-26.8944],[28.2283,-26.8918],[28.2324,-26.8868],[28.2354,-26.8814],[28.2388,-26.8816],[28.2443,-26.8848],[28.2484,-26.8841],[28.2435,-26.8737],[28.2619,-26.8752],[28.2633,-26.8665],[28.2843,-26.8644],[28.2835,-26.8771],[28.3096,-26.8794],[28.325,-26.8411],[28.3226,-26.8202],[28.3193,-26.8194],[28.3183,-26.8118],[28.3216,-26.8117],[28.3194,-26.7927],[28.3224,-26.7923],[28.3394,-26.7856],[28.3435,-26.7855],[28.3426,-26.7791],[28.3491,-26.7779],[28.3482,-26.7729],[28.4069,-26.7617],[28.394,-26.7167],[28.383,-26.7175],[28.4001,-26.655],[28.415,-26.6562],[28.422,-26.6547],[28.4438,-26.6544],[28.4431,-26.6392],[28.4903,-26.6353],[28.4798,-26.6175],[28.4816,-26.6171],[28.4823,-26.6188],[28.4831,-26.6187],[28.4858,-26.6129],[28.486,-26.6096],[28.4877,-26.6086],[28.4911,-26.6105],[28.4959,-26.6057],[28.4988,-26.6039],[28.5076,-26.6038],[28.5063,-26.5965],[28.5087,-26.5949],[28.5089,-26.5938],[28.5054,-26.5897],[28.5278,-26.5906],[28.533,-26.5779],[28.5285,-26.5649],[28.526,-26.5625],[28.5265,-26.5555],[28.5242,-26.5285],[28.5277,-26.5022],[28.5332,-26.5009],[28.5375,-26.5033],[28.5392,-26.5014],[28.5418,-26.501],[28.5415,-26.5033],[28.5406,-26.5036],[28.5437,-26.507],[28.5738,-26.5161],[28.569,-26.525],[28.5772,-26.5268],[28.58,-26.518],[28.5867,-26.52],[28.5849,-26.5386],[28.6382,-26.5473],[28.6312,-26.5246],[28.6369,-26.5167],[28.6416,-26.5076],[28.6441,-26.508],[28.6499,-26.5111],[28.6508,-26.5104],[28.6498,-26.5094],[28.6502,-26.5079],[28.6534,-26.5087],[28.6618,-26.5059],[28.689,-26.5131],[28.7639,-26.518],[28.7659,-26.4714],[28.7803,-26.4505],[28.7865,-26.4492],[28.7838,-26.4381],[28.7899,-26.4264],[28.8,-26.424],[28.7991,-26.4211],[28.8055,-26.4222],[28.8322,-26.4078],[28.8613,-26.3986],[28.8503,-26.367],[28.8384,-26.3407],[28.8178,-26.3457],[28.8051,-26.3066],[28.7789,-26.3169],[28.7536,-26.3207],[28.7394,-26.3245],[28.7101,-26.3412],[28.6727,-26.3209],[28.6728,-26.3117],[28.6269,-26.2924],[28.6223,-26.2484],[28.582,-26.2373],[28.5305,-26.2253],[28.5343,-26.1722],[28.5272,-26.1787],[28.5213,-26.1445],[28.4905,-26.1264],[28.497,-26.1039],[28.5052,-26.0992],[28.5012,-26.0896],[28.5158,-26.0812],[28.5031,-26.0638],[28.5158,-26.0585],[28.5308,-26.0616],[28.5386,-26.0478],[28.5789,-26.0596],[28.5868,-26.016],[28.591,-26.0025],[28.6323,-25.9708],[28.6527,-25.9742],[28.7108,-25.9906],[28.7575,-25.9906],[28.7579,-25.9837],[28.7624,-25.9831],[28.7739,-26.0137],[28.7939,-26.0046],[28.8224,-26.0039],[28.8329,-26.0048],[28.8648,-26.0013],[28.8674,-26.007],[28.8851,-25.9744],[28.8852,-25.9714],[28.8833,-25.9714],[28.8825,-25.9698],[28.8795,-25.9252],[28.889,-25.8803],[28.8839,-25.8783],[28.8868,-25.8714],[28.9382,-25.8886],[28.9505,-25.8373],[28.9433,-25.8244],[28.9382,-25.8233],[28.9576,-25.7746],[28.9813,-25.7425],[28.9507,-25.7283],[28.9688,-25.6733],[29.0646,-25.6424],[29.0566,-25.6326],[29.0661,-25.6305],[29.0642,-25.6207],[29.04,-25.6175],[29.0456,-25.5808],[29.042,-25.5733],[29.0343,-25.5634],[29.0684,-25.5523],[29.0869,-25.5486],[29.0984,-25.5377],[29.0914,-25.5306],[29.08,-25.4946],[29.0774,-25.4962],[29.0787,-25.4996],[29.0587,-25.5272],[29.0564,-25.5263],[29.0482,-25.5202],[29.0486,-25.5188],[29.0474,-25.5169],[29.0422,-25.521],[29.036,-25.5213],[29.0323,-25.5207],[29.0268,-25.5185],[29.023,-25.5159],[29.0137,-25.5132],[29.0129,-25.5137],[29.019,-25.5278],[29.0106,-25.5332],[29.0067,-25.5376],[28.9932,-25.5425],[28.9882,-25.5395],[28.9869,-25.5402],[29.0078,-25.5742],[28.9465,-25.5998],[28.9152,-25.558],[28.9101,-25.5245],[28.8582,-25.5691],[28.8741,-25.5271],[28.8699,-25.5247],[28.8518,-25.5018],[28.8219,-25.5224],[28.7971,-25.542],[28.8085,-25.5732],[28.8431,-25.5664],[28.8584,-25.6348],[28.8629,-25.6355],[28.872,-25.6416],[28.8693,-25.6581],[28.8457,-25.6523],[28.8416,-25.6545],[28.8355,-25.6456],[28.836,-25.6374],[28.8115,-25.643],[28.81,-25.6591],[28.8229,-25.6589],[28.847,-25.6824],[28.8404,-25.686],[28.8193,-25.6951],[28.8082,-25.689],[28.7927,-25.7024],[28.7793,-25.7019],[28.7693,-25.6988],[28.7681,-25.7009],[28.7653,-25.7006],[28.7649,-25.7036],[28.7572,-25.7059],[28.7574,-25.6953],[28.7529,-25.6939],[28.759,-25.678],[28.7663,-25.647],[28.7382,-25.6339],[28.7239,-25.6318],[28.7221,-25.6442],[28.7088,-25.6828],[28.6838,-25.6754],[28.6727,-25.665],[28.6747,-25.6588],[28.6613,-25.6313],[28.6425,-25.5899],[28.6473,-25.5856],[28.6455,-25.5858],[28.635,-25.5592],[28.6267,-25.5311],[28.6258,-25.523],[28.634,-25.5199],[28.6321,-25.4884],[28.621,-25.4707],[28.6154,-25.4679],[28.6209,-25.4632],[28.6295,-25.4594],[28.6253,-25.4476],[28.6198,-25.4114],[28.6389,-25.394],[28.6226,-25.3336],[28.6332,-25.3315],[28.6413,-25.3276],[28.6689,-25.3108],[28.6792,-25.303],[28.6956,-25.2945],[28.7329,-25.2827],[28.7396,-25.2885],[28.7324,-25.2692],[28.7639,-25.2211],[28.7791,-25.2308],[28.7846,-25.2287],[28.7754,-25.1838],[28.7765,-25.1837],[28.7574,-25.1499],[28.7592,-25.1497],[28.7583,-25.1473]]]},"properties":{"OBJECTID_12":3,"OBJECTID_1":3,"OBJECTID":3,"CODE":"GT","PROVINCE":"Gauteng","GISDB.LDR.Provinces.Area":18178.3073367,"Country":"South Africa","Shape_Leng":10.967064969999999,"Shape_STAr":1.64038192,"Shape_STLe":10.967064969999999,"Shape.STArea()":1.6403819210499948,"Shape.STLength()":10.967064965652408}},{"type":"Feature","id":4,"geometry":{"type":"MultiPolygon","coordinates":[[[[30.517,-30.6631],[30.5186,-30.6609],[30.5179,-30.6595],[30.5195,-30.6568],[30.5261,-30.651],[30.5291,-30.647],[30.5304,-30.6465],[30.5307,-30.6451],[30.5328,-30.6429],[30.535,-30.6422],[30.5364,-30.639],[30.5375,-30.6383],[30.5365,-30.6374],[30.5371,-30.6355],[30.5434,-30.6293],[30.5473,-30.6274],[30.5447,-30.6243],[30.547,-30.6196],[30.5475,-30.6149],[30.5514,-30.6094],[30.5565,-30.6051],[30.5627,-30.5962],[30.5691,-30.5915],[30.5693,-30.5896],[30.5721,-30.5847],[30.5717,-30.5836],[30.5748,-30.579],[30.5755,-30.5789],[30.5762,-30.5758],[30.5781,-30.5735],[30.5777,-30.5715],[30.5807,-30.5678],[30.584,-30.5601],[30.589,-30.5554],[30.5909,-30.5549],[30.5902,-30.5539],[30.5936,-30.5485],[30.5999,-30.5433],[30.6061,-30.5397],[30.6087,-30.5345],[30.6075,-30.5316],[30.6109,-30.5266],[30.611,-30.5244],[30.6136,-30.5213],[30.62,-30.5161],[30.6213,-30.5163],[30.6247,-30.5127],[30.6254,-30.5101],[30.625,-30.5077],[30.629,-30.5037],[30.6304,-30.5012],[30.6302,-30.4999],[30.6328,-30.4975],[30.6331,-30.4941],[30.6346,-30.4913],[30.6337,-30.4894],[30.6343,-30.4874],[30.6392,-30.4811],[30.6426,-30.4748],[30.6481,-30.4691],[30.651,-30.4672],[30.6536,-30.464],[30.6532,-30.462],[30.6542,-30.4604],[30.654,-30.4563],[30.6547,-30.4545],[30.6578,-30.4498],[30.6604,-30.4474],[30.6612,-30.4436],[30.6644,-30.4399],[30.6682,-30.4372],[30.668,-30.4352],[30.6707,-30.4318],[30.6738,-30.4299],[30.6731,-30.4263],[30.6719,-30.4249],[30.6737,-30.4203],[30.6789,-30.4139],[30.6806,-30.413],[30.6827,-30.407],[30.6855,-30.4021],[30.6907,-30.398],[30.691,-30.3965],[30.6933,-30.3958],[30.6958,-30.3881],[30.7001,-30.3848],[30.701,-30.3831],[30.7024,-30.376],[30.7081,-30.3689],[30.7179,-30.3607],[30.7186,-30.3564],[30.7227,-30.3508],[30.7324,-30.3427],[30.7339,-30.3398],[30.7357,-30.3388],[30.7346,-30.3346],[30.7351,-30.3328],[30.7412,-30.3224],[30.7436,-30.3131],[30.7469,-30.3052],[30.7518,-30.2975],[30.7598,-30.2889],[30.7603,-30.2822],[30.7611,-30.2808],[30.7596,-30.2801],[30.7595,-30.2782],[30.7614,-30.2736],[30.7707,-30.2612],[30.779,-30.2522],[30.7818,-30.2506],[30.782,-30.2495],[30.7812,-30.2481],[30.7822,-30.2443],[30.7878,-30.2373],[30.7893,-30.2321],[30.7914,-30.2285],[30.7984,-30.2215],[30.7982,-30.2165],[30.7999,-30.2112],[30.8031,-30.2062],[30.8034,-30.2022],[30.8045,-30.2012],[30.8052,-30.1983],[30.8068,-30.1968],[30.8071,-30.1952],[30.8109,-30.1906],[30.8111,-30.1878],[30.8194,-30.1715],[30.8283,-30.1587],[30.8322,-30.1504],[30.8366,-30.144],[30.8466,-30.1324],[30.8498,-30.1264],[30.8529,-30.1174],[30.8566,-30.1109],[30.8593,-30.1028],[30.8635,-30.0967],[30.8627,-30.0955],[30.8633,-30.0935],[30.8672,-30.0867],[30.8735,-30.0782],[30.8736,-30.0764],[30.8759,-30.0723],[30.8819,-30.065],[30.8849,-30.0585],[30.8915,-30.0517],[30.8917,-30.0495],[30.8988,-30.0417],[30.9254,-30.0183],[30.9432,-30.0054],[30.9509,-29.9974],[30.9515,-29.9951],[30.9536,-29.993],[30.9613,-29.9875],[30.9638,-29.9867],[30.9651,-29.9847],[30.9685,-29.9823],[30.9685,-29.9813],[30.9751,-29.9733],[30.9831,-29.9643],[30.9888,-29.9594],[30.9886,-29.9584],[30.991,-29.9556],[31.0071,-29.9399],[31.0105,-29.9354],[31.0134,-29.9334],[31.0144,-29.9306],[31.0213,-29.9224],[31.0358,-29.9086],[31.0443,-29.8971],[31.0597,-29.8795],[31.0614,-29.876],[31.0616,-29.8734],[31.0605,-29.8715],[31.0605,-29.8688],[31.064,-29.8654],[31.0591,-29.8664],[31.0554,-29.8701],[31.0492,-29.8674],[31.0467,-29.8654],[31.0408,-29.8549],[31.0387,-29.8483],[31.0368,-29.8345],[31.0386,-29.8224],[31.044,-29.8044],[31.0487,-29.7925],[31.0599,-29.771],[31.0888,-29.7281],[31.096,-29.7116],[31.1057,-29.6968],[31.1097,-29.6876],[31.1129,-29.6838],[31.1175,-29.673],[31.1231,-29.6663],[31.1247,-29.6605],[31.1313,-29.6483],[31.1481,-29.6254],[31.1591,-29.6128],[31.1613,-29.6084],[31.1669,-29.6011],[31.1719,-29.5912],[31.1841,-29.5767],[31.1857,-29.5718],[31.2055,-29.5528],[31.2113,-29.5488],[31.2137,-29.5461],[31.2164,-29.5449],[31.218,-29.542],[31.2235,-29.5366],[31.2231,-29.5339],[31.2281,-29.5245],[31.2278,-29.522],[31.2297,-29.5202],[31.23,-29.5177],[31.2357,-29.508],[31.2387,-29.5051],[31.2389,-29.5039],[31.2443,-29.4974],[31.2501,-29.4922],[31.2512,-29.49],[31.2576,-29.4859],[31.2629,-29.4792],[31.2648,-29.4783],[31.2653,-29.4763],[31.2764,-29.4641],[31.2765,-29.4628],[31.2776,-29.4623],[31.2787,-29.46],[31.2853,-29.455],[31.2872,-29.4518],[31.287,-29.45],[31.2878,-29.4485],[31.2903,-29.4472],[31.2919,-29.4457],[31.2922,-29.4443],[31.2934,-29.4437],[31.2926,-29.4422],[31.2948,-29.4385],[31.3009,-29.4326],[31.3058,-29.4262],[31.3112,-29.4215],[31.3134,-29.4175],[31.3135,-29.4158],[31.318,-29.4099],[31.3223,-29.4053],[31.3342,-29.3967],[31.3341,-29.3958],[31.336,-29.3935],[31.3349,-29.3925],[31.3353,-29.3902],[31.3402,-29.3826],[31.3487,-29.3758],[31.355,-29.3695],[31.3578,-29.3656],[31.3689,-29.3577],[31.3781,-29.3486],[31.3918,-29.3382],[31.3954,-29.3311],[31.4052,-29.3216],[31.4094,-29.3162],[31.4145,-29.3122],[31.4225,-29.3079],[31.4254,-29.3053],[31.4258,-29.3025],[31.4293,-29.2985],[31.4378,-29.2927],[31.4382,-29.2906],[31.4409,-29.2862],[31.4434,-29.284],[31.4437,-29.2826],[31.4426,-29.2808],[31.4432,-29.2796],[31.4522,-29.2688],[31.4611,-29.2622],[31.4707,-29.2532],[31.4803,-29.2477],[31.4821,-29.2476],[31.4828,-29.2441],[31.4858,-29.2412],[31.486,-29.2398],[31.4891,-29.2351],[31.5003,-29.2301],[31.5047,-29.2247],[31.5229,-29.2105],[31.5267,-29.206],[31.5398,-29.194],[31.5577,-29.1809],[31.5713,-29.1682],[31.5931,-29.1426],[31.6033,-29.1327],[31.62,-29.1113],[31.6285,-29.1024],[31.6304,-29.0985],[31.6374,-29.0902],[31.6484,-29.0802],[31.6583,-29.0731],[31.6642,-29.066],[31.6738,-29.0572],[31.6771,-29.0526],[31.6918,-29.0403],[31.7112,-29.0225],[31.7307,-28.9983],[31.7416,-28.9862],[31.7581,-28.9703],[31.768,-28.9639],[31.7797,-28.9586],[31.7949,-28.9532],[31.7998,-28.9506],[31.8156,-28.9465],[31.817,-28.9448],[31.8203,-28.9436],[31.8423,-28.9415],[31.8844,-28.9262],[31.9185,-28.9175],[31.9355,-28.9094],[31.9379,-28.9069],[31.9408,-28.9055],[31.9603,-28.9005],[32.0042,-28.8822],[32.0128,-28.877],[32.0281,-28.8646],[32.0293,-28.8654],[32.0662,-28.8316],[32.0886,-28.8147],[32.0997,-28.7999],[32.125,-28.7815],[32.1448,-28.7609],[32.1528,-28.7538],[32.1569,-28.7485],[32.163,-28.7446],[32.1941,-28.7194],[32.2091,-28.7043],[32.2137,-28.6973],[32.2257,-28.6853],[32.2498,-28.6665],[32.2738,-28.6528],[32.2897,-28.6406],[32.2975,-28.6342],[32.2982,-28.6317],[32.3027,-28.6254],[32.3123,-28.6144],[32.3397,-28.5959],[32.3593,-28.5787],[32.369,-28.5684],[32.3808,-28.553],[32.3994,-28.5253],[32.4012,-28.5177],[32.4086,-28.5026],[32.4115,-28.4951],[32.4123,-28.4885],[32.4145,-28.4808],[32.4148,-28.4764],[32.4706,-28.4853],[32.476,-28.4546],[32.483,-28.4303],[32.4833,-28.4228],[32.4796,-28.4061],[32.4804,-28.3963],[32.483,-28.3883],[32.4948,-28.3664],[32.5058,-28.3509],[32.5316,-28.3096],[32.5759,-28.2314],[32.5892,-28.2064],[32.5987,-28.186],[32.6065,-28.1664],[32.6147,-28.1417],[32.6155,-28.1355],[32.6143,-28.1299],[32.6142,-28.112],[32.6161,-28.0926],[32.6323,-28.0185],[32.6406,-27.9874],[32.6499,-27.9397],[32.6511,-27.928],[32.6484,-27.9234],[32.6457,-27.9017],[32.6516,-27.8569],[32.6549,-27.8407],[32.6555,-27.8319],[32.664,-27.79],[32.6737,-27.7586],[32.6791,-27.7365],[32.6874,-27.7138],[32.6946,-27.698],[32.6975,-27.6837],[32.7025,-27.6709],[32.7023,-27.6654],[32.7079,-27.6471],[32.7103,-27.6368],[32.7113,-27.6267],[32.7153,-27.604],[32.7268,-27.5766],[32.7318,-27.5579],[32.7351,-27.5508],[32.7361,-27.5412],[32.7341,-27.5403],[32.732,-27.5382],[32.7306,-27.535],[32.7297,-27.5301],[32.7302,-27.5212],[32.7328,-27.5106],[32.7378,-27.4984],[32.7536,-27.4658],[32.7663,-27.4477],[32.7664,-27.4451],[32.7704,-27.4342],[32.773,-27.4244],[32.7801,-27.4097],[32.7844,-27.4028],[32.7842,-27.3995],[32.7921,-27.3752],[32.7967,-27.3648],[32.8039,-27.3534],[32.8045,-27.3508],[32.8036,-27.3491],[32.8036,-27.3458],[32.8054,-27.3391],[32.8183,-27.3156],[32.8244,-27.3006],[32.8266,-27.2945],[32.8251,-27.2895],[32.8274,-27.2801],[32.8464,-27.2464],[32.8477,-27.2425],[32.8463,-27.2377],[32.8472,-27.2331],[32.8616,-27.2043],[32.8589,-27.2023],[32.8584,-27.2004],[32.8584,-27.1953],[32.8603,-27.1879],[32.8813,-27.1537],[32.8843,-27.1519],[32.881,-27.1491],[32.8822,-27.1446],[32.8911,-27.1277],[32.8964,-27.1208],[32.8945,-27.1169],[32.8943,-27.1124],[32.8959,-27.1074],[32.9007,-27.0984],[32.9035,-27.09],[32.9029,-27.0865],[32.9046,-27.0716],[32.914,-27.0507],[32.9156,-27.0454],[32.9153,-27.0413],[32.9165,-27.0361],[32.9222,-27.0226],[32.922,-27.0211],[32.9191,-27.0187],[32.919,-27.0133],[32.9211,-27.0052],[32.9264,-26.9929],[32.9281,-26.9826],[32.9309,-26.9745],[32.9306,-26.9679],[32.9282,-26.9611],[32.9278,-26.9567],[32.931,-26.9465],[32.9335,-26.9346],[32.933,-26.9312],[32.9366,-26.9052],[32.9367,-26.8957],[32.945,-26.872],[32.8913,-26.8579],[32.891,-26.8589],[32.8909,-26.8579],[32.8878,-26.858],[32.8573,-26.864],[32.8069,-26.8645],[32.7725,-26.8627],[32.7258,-26.8677],[32.683,-26.8681],[32.5657,-26.8645],[32.3469,-26.864],[32.3469,-26.856],[32.3459,-26.8559],[32.3461,-26.8551],[32.3412,-26.8556],[32.3388,-26.86],[32.3327,-26.8637],[32.3311,-26.8639],[32.3295,-26.8628],[32.3283,-26.8598],[32.3254,-26.8562],[32.3206,-26.8527],[32.3166,-26.8528],[32.3108,-26.856],[32.3082,-26.8565],[32.2957,-26.8528],[32.2879,-26.853],[32.2833,-26.8498],[32.2804,-26.8488],[32.2753,-26.8496],[32.2636,-26.8473],[32.2569,-26.8485],[32.2549,-26.8472],[32.2534,-26.8434],[32.2488,-26.8405],[32.2442,-26.8394],[32.2369,-26.8389],[32.2314,-26.8371],[32.2288,-26.8355],[32.2197,-26.8328],[32.2151,-26.8346],[32.2078,-26.8404],[32.2077,-26.8445],[32.2056,-26.8477],[32.2054,-26.8536],[32.2045,-26.8548],[32.1976,-26.8566],[32.1906,-26.8613],[32.1863,-26.863],[32.1821,-26.8631],[32.1645,-26.8594],[32.1547,-26.8559],[32.1439,-26.8486],[32.1422,-26.8426],[32.1405,-26.8408],[32.1237,-26.8401],[32.1202,-26.8388],[32.1151,-26.8302],[32.1084,-26.821],[32.1066,-26.8122],[32.1052,-26.8093],[32.1001,-26.8051],[32.0974,-26.8044],[32.093,-26.8048],[32.0848,-26.8074],[32.0716,-26.8097],[32.0655,-26.8118],[32.0602,-26.8172],[32.054,-26.8184],[32.0497,-26.8183],[32.0454,-26.817],[32.0387,-26.8122],[32.0352,-26.8073],[32.03,-26.806],[32.0177,-26.8074],[32.0113,-26.8102],[32.0159,-26.8199],[32.001,-26.9032],[31.996,-26.9241],[32.0005,-26.9381],[31.9844,-27.0012],[31.9867,-27.0062],[31.9849,-27.0386],[31.9796,-27.091],[31.9746,-27.1164],[31.9767,-27.1219],[31.977,-27.1306],[31.9741,-27.1484],[31.9771,-27.2228],[31.9758,-27.3108],[31.9765,-27.3157],[31.9778,-27.3175],[31.4937,-27.3152],[31.2743,-27.2432],[31.2048,-27.3171],[31.1659,-27.3685],[31.1409,-27.3627],[31.101,-27.3358],[31.1016,-27.3332],[31.0988,-27.3298],[31.084,-27.3356],[31.0788,-27.3431],[31.0712,-27.3413],[31.0685,-27.3393],[31.0652,-27.3383],[31.059,-27.3398],[31.0507,-27.3432],[31.0484,-27.3451],[31.0462,-27.3519],[31.044,-27.3533],[31.0406,-27.353],[31.038,-27.3515],[31.0349,-27.3458],[31.0309,-27.3463],[31.0274,-27.3505],[31.0243,-27.3519],[31.0206,-27.3606],[31.0189,-27.3601],[31.0172,-27.3576],[31.0139,-27.355],[31.0106,-27.3491],[31.0084,-27.3488],[31.0052,-27.3515],[31.0051,-27.3537],[31.0026,-27.3588],[30.9847,-27.3575],[30.9815,-27.3592],[30.9774,-27.358],[30.97,-27.3633],[30.9631,-27.3658],[30.9599,-27.3641],[30.9581,-27.3606],[30.9551,-27.3597],[30.9515,-27.362],[30.948,-27.3661],[30.9427,-27.3682],[30.9406,-27.3662],[30.9411,-27.3596],[30.9382,-27.3567],[30.9378,-27.3532],[30.9396,-27.3495],[30.9393,-27.3466],[30.9315,-27.3405],[30.9233,-27.3304],[30.9245,-27.3255],[30.9232,-27.3216],[30.9215,-27.3202],[30.921,-27.3187],[30.9214,-27.3164],[30.9245,-27.3114],[30.9234,-27.3073],[30.9239,-27.306],[30.9229,-27.3051],[30.9155,-27.3054],[30.9116,-27.3081],[30.9103,-27.3073],[30.9097,-27.3054],[30.9065,-27.3055],[30.9023,-27.3081],[30.8988,-27.3084],[30.8971,-27.3094],[30.8934,-27.3089],[30.8867,-27.3108],[30.8841,-27.3087],[30.8822,-27.3123],[30.8752,-27.3143],[30.8726,-27.3144],[30.8693,-27.313],[30.8659,-27.3127],[30.8647,-27.3142],[30.8637,-27.3196],[30.8636,-27.3245],[30.8651,-27.3279],[30.8648,-27.3318],[30.8618,-27.334],[30.8613,-27.3355],[30.8621,-27.3376],[30.8613,-27.3391],[30.8599,-27.3389],[30.8579,-27.3368],[30.8559,-27.337],[30.858,-27.3422],[30.8576,-27.3433],[30.8543,-27.3444],[30.852,-27.3431],[30.85,-27.3433],[30.8449,-27.3461],[30.8449,-27.3515],[30.8437,-27.3527],[30.8414,-27.3529],[30.8378,-27.35],[30.8302,-27.35],[30.8224,-27.3542],[30.8219,-27.353],[30.8234,-27.3503],[30.8233,-27.3458],[30.8286,-27.3447],[30.8282,-27.3433],[30.8255,-27.3408],[30.8213,-27.3395],[30.8215,-27.3368],[30.8205,-27.3361],[30.8178,-27.3373],[30.8161,-27.3401],[30.8083,-27.3389],[30.8085,-27.3377],[30.811,-27.3352],[30.8114,-27.3324],[30.8076,-27.3327],[30.8048,-27.3345],[30.803,-27.334],[30.8022,-27.3321],[30.8031,-27.3305],[30.8052,-27.3303],[30.8088,-27.3283],[30.8062,-27.3273],[30.8041,-27.3242],[30.8001,-27.3249],[30.7988,-27.3269],[30.7972,-27.3266],[30.7963,-27.3251],[30.797,-27.3224],[30.791,-27.3184],[30.7909,-27.3161],[30.7889,-27.3128],[30.7827,-27.3148],[30.7786,-27.3144],[30.7804,-27.317],[30.7855,-27.3192],[30.7844,-27.3243],[30.7742,-27.3243],[30.7728,-27.3261],[30.771,-27.3264],[30.7698,-27.3249],[30.769,-27.319],[30.7662,-27.3193],[30.7629,-27.3145],[30.76,-27.3136],[30.76,-27.3124],[30.7631,-27.3088],[30.7627,-27.3074],[30.7583,-27.3044],[30.7556,-27.3046],[30.7522,-27.3013],[30.7508,-27.2987],[30.749,-27.2996],[30.7454,-27.3035],[30.7445,-27.3057],[30.7433,-27.3061],[30.7419,-27.3032],[30.7439,-27.3006],[30.7412,-27.298],[30.7404,-27.2946],[30.7377,-27.2941],[30.7344,-27.2952],[30.7297,-27.2994],[30.7283,-27.2993],[30.7251,-27.2956],[30.7261,-27.2936],[30.7249,-27.2896],[30.7207,-27.2909],[30.7203,-27.2892],[30.7178,-27.287],[30.7188,-27.2846],[30.7179,-27.2838],[30.7132,-27.2861],[30.7115,-27.2847],[30.708,-27.2844],[30.7068,-27.2833],[30.6606,-27.2879],[30.5871,-27.3231],[30.5807,-27.3232],[30.5777,-27.3245],[30.5576,-27.3276],[30.5511,-27.3254],[30.5463,-27.3258],[30.5409,-27.3217],[30.5344,-27.3195],[30.5257,-27.3151],[30.5105,-27.3132],[30.5041,-27.3136],[30.4974,-27.3124],[30.4861,-27.3165],[30.4826,-27.3169],[30.4792,-27.319],[30.4751,-27.3195],[30.4663,-27.3243],[30.4659,-27.3263],[30.4621,-27.3252],[30.4584,-27.3267],[30.4561,-27.3253],[30.4532,-27.3251],[30.4503,-27.3258],[30.4483,-27.3277],[30.4484,-27.327],[30.4335,-27.3257],[30.426,-27.315],[30.4265,-27.2698],[30.3976,-27.2738],[30.3676,-27.2674],[30.3684,-27.2873],[30.3667,-27.3117],[30.3284,-27.2996],[30.3175,-27.302],[30.3022,-27.3174],[30.2825,-27.3144],[30.2816,-27.3282],[30.2802,-27.3291],[30.2787,-27.3326],[30.2805,-27.3503],[30.2799,-27.3686],[30.2548,-27.3718],[30.2466,-27.3739],[30.2347,-27.3807],[30.2286,-27.3653],[30.1981,-27.3552],[30.1901,-27.3689],[30.178,-27.3784],[30.1658,-27.3875],[30.1607,-27.3871],[30.1502,-27.3922],[30.1541,-27.397],[30.1527,-27.4043],[30.1486,-27.4091],[30.1434,-27.4134],[30.1116,-27.3865],[30.0868,-27.3685],[30.079,-27.3702],[30.0683,-27.3659],[30.0522,-27.3797],[30.0464,-27.3868],[30.0396,-27.3893],[30.0306,-27.3867],[30.0245,-27.3945],[30.0162,-27.3976],[29.9951,-27.3884],[29.9785,-27.373],[29.9555,-27.3649],[29.9172,-27.3544],[29.9094,-27.3738],[29.8988,-27.3858],[29.8978,-27.3849],[29.893,-27.386],[29.8902,-27.3855],[29.8865,-27.3817],[29.8865,-27.3782],[29.8851,-27.3766],[29.8819,-27.377],[29.8771,-27.3803],[29.8727,-27.382],[29.8697,-27.3823],[29.8662,-27.3841],[29.8463,-27.3787],[29.8402,-27.379],[29.8349,-27.3903],[29.836,-27.3969],[29.8338,-27.4038],[29.8249,-27.407],[29.8217,-27.4115],[29.8227,-27.4273],[29.8178,-27.4283],[29.8145,-27.4306],[29.8137,-27.4339],[29.8114,-27.4356],[29.8107,-27.4448],[29.8114,-27.4461],[29.8058,-27.4504],[29.7991,-27.4512],[29.7962,-27.4577],[29.7909,-27.4592],[29.7824,-27.4556],[29.7734,-27.4538],[29.7594,-27.4444],[29.7587,-27.4426],[29.7352,-27.4507],[29.7169,-27.4649],[29.7084,-27.4618],[29.7032,-27.4718],[29.7143,-27.4804],[29.7166,-27.4808],[29.7319,-27.4879],[29.7251,-27.4894],[29.7216,-27.4883],[29.7105,-27.4987],[29.7109,-27.5101],[29.7093,-27.5136],[29.7124,-27.5184],[29.7246,-27.5243],[29.736,-27.5196],[29.7404,-27.5223],[29.7434,-27.5231],[29.7449,-27.5255],[29.748,-27.525],[29.7584,-27.5271],[29.7585,-27.5295],[29.7655,-27.5367],[29.766,-27.5413],[29.7711,-27.5464],[29.7721,-27.5534],[29.7761,-27.5575],[29.7804,-27.5595],[29.7839,-27.5712],[29.7838,-27.5735],[29.7808,-27.5791],[29.7808,-27.584],[29.7796,-27.5873],[29.7851,-27.5967],[29.7808,-27.5994],[29.774,-27.595],[29.7707,-27.5956],[29.759,-27.6015],[29.757,-27.604],[29.7522,-27.6051],[29.7489,-27.6137],[29.7402,-27.6056],[29.7348,-27.6071],[29.7315,-27.613],[29.7312,-27.6177],[29.7281,-27.6167],[29.7229,-27.6188],[29.7215,-27.6209],[29.7204,-27.6254],[29.7196,-27.6257],[29.7206,-27.6268],[29.7183,-27.6295],[29.7148,-27.6318],[29.7121,-27.6306],[29.7072,-27.6335],[29.7084,-27.6344],[29.7008,-27.6383],[29.6979,-27.6408],[29.6844,-27.6377],[29.678,-27.6389],[29.6768,-27.6397],[29.6741,-27.6475],[29.6712,-27.6505],[29.6743,-27.66],[29.6698,-27.6672],[29.6701,-27.6701],[29.6779,-27.6771],[29.6818,-27.6781],[29.6838,-27.6796],[29.6854,-27.6814],[29.6854,-27.6862],[29.6903,-27.6907],[29.6939,-27.6953],[29.6997,-27.698],[29.7052,-27.6991],[29.709,-27.6985],[29.7095,-27.7098],[29.7086,-27.7165],[29.7123,-27.7209],[29.71,-27.7222],[29.7086,-27.7262],[29.7103,-27.7302],[29.7091,-27.7389],[29.7047,-27.7468],[29.7066,-27.7519],[29.7067,-27.7547],[29.7084,-27.7571],[29.703,-27.7614],[29.7035,-27.7667],[29.7058,-27.7672],[29.7108,-27.7716],[29.7078,-27.7752],[29.709,-27.7799],[29.7127,-27.7805],[29.7175,-27.7875],[29.7115,-27.7927],[29.7109,-27.7956],[29.7178,-27.7968],[29.724,-27.7968],[29.7283,-27.801],[29.7313,-27.8081],[29.7293,-27.812],[29.7229,-27.8128],[29.7217,-27.8118],[29.716,-27.8147],[29.7134,-27.8181],[29.7095,-27.8157],[29.7038,-27.8189],[29.7023,-27.8222],[29.697,-27.8245],[29.6963,-27.8291],[29.6938,-27.8323],[29.6932,-27.8393],[29.6969,-27.8437],[29.6976,-27.8472],[29.6989,-27.8488],[29.7007,-27.8544],[29.7028,-27.8566],[29.699,-27.8598],[29.6957,-27.8586],[29.6871,-27.8585],[29.6884,-27.8631],[29.6896,-27.8644],[29.685,-27.8675],[29.6867,-27.8728],[29.6872,-27.878],[29.6859,-27.8831],[29.683,-27.8836],[29.6827,-27.888],[29.6869,-27.8907],[29.6904,-27.8957],[29.682,-27.9068],[29.678,-27.9088],[29.6717,-27.917],[29.6641,-27.9213],[29.6567,-27.9189],[29.6538,-27.9233],[29.6578,-27.9245],[29.6632,-27.93],[29.6577,-27.9374],[29.66,-27.9382],[29.6646,-27.9418],[29.6688,-27.9423],[29.6708,-27.9435],[29.6732,-27.9432],[29.6772,-27.954],[29.6798,-27.9574],[29.6769,-27.9595],[29.6737,-27.9576],[29.6668,-27.9584],[29.6636,-27.9573],[29.6508,-27.9667],[29.6359,-27.9945],[29.6394,-28.0155],[29.6169,-28.0468],[29.6318,-28.069],[29.6555,-28.09],[29.6526,-28.0988],[29.6606,-28.1261],[29.6541,-28.1383],[29.6633,-28.142],[29.6629,-28.1772],[29.6263,-28.1857],[29.6096,-28.215],[29.6244,-28.225],[29.6198,-28.2412],[29.5587,-28.2583],[29.5506,-28.2472],[29.5099,-28.2654],[29.4829,-28.2722],[29.4793,-28.2907],[29.4588,-28.3104],[29.4376,-28.3211],[29.4381,-28.3321],[29.4277,-28.3393],[29.4143,-28.3759],[29.3734,-28.3719],[29.3575,-28.3879],[29.3387,-28.3988],[29.3286,-28.4039],[29.3201,-28.4068],[29.3229,-28.421],[29.3226,-28.424],[29.2901,-28.4379],[29.2686,-28.4318],[29.2615,-28.4337],[29.2488,-28.4249],[29.229,-28.4563],[29.1915,-28.4938],[29.2163,-28.519],[29.1964,-28.545],[29.1787,-28.5427],[29.171,-28.53],[29.1615,-28.5421],[29.135,-28.5663],[29.0963,-28.5451],[28.974,-28.5746],[28.9613,-28.5972],[28.966,-28.6053],[28.9559,-28.6075],[28.9486,-28.6133],[28.9466,-28.6208],[28.9443,-28.6226],[28.9409,-28.6314],[28.9435,-28.6347],[28.9447,-28.6387],[28.9428,-28.6456],[28.9428,-28.6509],[28.9357,-28.6538],[28.9346,-28.6569],[28.9284,-28.6601],[28.926,-28.6638],[28.922,-28.6637],[28.9148,-28.6718],[28.9107,-28.6776],[28.9089,-28.6814],[28.9053,-28.6853],[28.9034,-28.6871],[28.8991,-28.6873],[28.8962,-28.6947],[28.9,-28.7032],[28.8921,-28.7449],[28.8913,-28.7465],[28.883,-28.7487],[28.8758,-28.7646],[28.8735,-28.7721],[28.8823,-28.775],[28.8883,-28.775],[28.8937,-28.7662],[28.9004,-28.7628],[28.905,-28.7591],[28.9064,-28.759],[28.9078,-28.7605],[28.9087,-28.7599],[28.9124,-28.7606],[28.9135,-28.763],[28.9154,-28.7643],[28.9145,-28.7684],[28.9154,-28.77],[28.921,-28.7707],[28.9259,-28.7732],[28.9321,-28.7749],[28.9438,-28.7827],[28.9453,-28.7872],[28.9421,-28.7875],[28.939,-28.7853],[28.9379,-28.7888],[28.9359,-28.7918],[28.9322,-28.7919],[28.9365,-28.7927],[28.9404,-28.7953],[28.9478,-28.798],[28.9493,-28.8008],[28.949,-28.8043],[28.9404,-28.8066],[28.9362,-28.8048],[28.9342,-28.8068],[28.9348,-28.8094],[28.9297,-28.8097],[28.9219,-28.8125],[28.9242,-28.8171],[28.931,-28.8203],[28.9351,-28.8204],[28.9396,-28.8184],[28.9377,-28.8236],[28.9424,-28.8238],[28.9459,-28.8251],[28.945,-28.8272],[28.9483,-28.8286],[28.9457,-28.8339],[28.9467,-28.8342],[28.946,-28.8356],[28.9469,-28.8362],[28.9478,-28.8409],[28.9446,-28.843],[28.9463,-28.8462],[28.951,-28.8492],[28.953,-28.8534],[28.9521,-28.8551],[28.9465,-28.8539],[28.9434,-28.8549],[28.9442,-28.8571],[28.9403,-28.8589],[28.9391,-28.8605],[28.9401,-28.8628],[28.9485,-28.8689],[28.9535,-28.8678],[28.9563,-28.8683],[28.958,-28.8696],[28.962,-28.8688],[28.9609,-28.8701],[28.9629,-28.8712],[28.961,-28.8735],[28.9574,-28.8757],[28.9572,-28.8768],[28.9597,-28.8785],[28.9613,-28.8811],[28.9642,-28.8821],[28.9627,-28.8845],[28.9639,-28.887],[28.9743,-28.8912],[28.975,-28.8939],[28.974,-28.9007],[28.975,-28.9039],[28.9728,-28.9072],[28.9761,-28.9093],[28.9802,-28.9147],[28.9866,-28.9157],[28.9909,-28.9143],[28.9942,-28.9052],[29.0011,-28.9037],[29.0035,-28.9025],[29.0055,-28.8976],[29.0121,-28.8973],[29.0134,-28.8944],[29.01,-28.8904],[29.0114,-28.8873],[29.0101,-28.8859],[29.0121,-28.8853],[29.011,-28.8844],[29.0123,-28.8835],[29.0144,-28.8833],[29.0169,-28.8816],[29.019,-28.8819],[29.0193,-28.8832],[29.0291,-28.888],[29.0299,-28.8933],[29.0286,-28.8961],[29.029,-28.8982],[29.0307,-28.9006],[29.0378,-28.9055],[29.039,-28.9079],[29.0381,-28.9112],[29.0413,-28.9151],[29.0488,-28.9141],[29.0516,-28.9158],[29.0546,-28.9162],[29.0579,-28.9185],[29.059,-28.9181],[29.0599,-28.9162],[29.0638,-28.9157],[29.0712,-28.9185],[29.0748,-28.9188],[29.0778,-28.918],[29.075,-28.9205],[29.075,-28.9215],[29.0724,-28.9227],[29.0747,-28.9251],[29.0751,-28.9269],[29.0772,-28.9285],[29.0758,-28.9293],[29.076,-28.9314],[29.0736,-28.9351],[29.0739,-28.9376],[29.0789,-28.9393],[29.0822,-28.9383],[29.0856,-28.9358],[29.0892,-28.9375],[29.0933,-28.9367],[29.0935,-28.9386],[29.0994,-28.9422],[29.1012,-28.9481],[29.1083,-28.9493],[29.1099,-28.9505],[29.1102,-28.9513],[29.1095,-28.9517],[29.1113,-28.9532],[29.1218,-28.9615],[29.1267,-28.9639],[29.1305,-28.969],[29.1286,-28.9696],[29.1263,-28.9682],[29.1252,-28.9699],[29.1233,-28.9704],[29.1245,-28.9719],[29.1234,-28.9731],[29.1245,-28.9803],[29.1303,-28.9824],[29.1336,-28.9851],[29.1376,-28.9837],[29.1378,-28.9814],[29.1408,-28.9817],[29.1434,-28.9847],[29.1517,-28.9878],[29.1517,-28.9886],[29.1493,-28.9891],[29.1492,-28.9897],[29.1528,-28.9902],[29.153,-28.9931],[29.1546,-28.9975],[29.1592,-29.0031],[29.1624,-29.0035],[29.1669,-29.002],[29.1709,-29.0031],[29.1734,-29.0023],[29.1783,-29.0033],[29.1818,-29.0073],[29.1841,-29.0118],[29.1856,-29.0133],[29.192,-29.0149],[29.1985,-29.0146],[29.202,-29.0154],[29.2061,-29.0184],[29.2088,-29.0224],[29.2153,-29.0261],[29.2173,-29.0311],[29.215,-29.0348],[29.2122,-29.0357],[29.2111,-29.0372],[29.2136,-29.0407],[29.2134,-29.0435],[29.2119,-29.0461],[29.2153,-29.0485],[29.2257,-29.0494],[29.2296,-29.0568],[29.2296,-29.0602],[29.2278,-29.0617],[29.2279,-29.0631],[29.2355,-29.0705],[29.2398,-29.073],[29.2413,-29.076],[29.244,-29.0767],[29.2526,-29.0822],[29.2529,-29.0863],[29.2548,-29.0895],[29.2588,-29.0906],[29.2611,-29.0895],[29.2632,-29.0856],[29.2693,-29.0812],[29.2746,-29.0797],[29.278,-29.0762],[29.2795,-29.0756],[29.2841,-29.0765],[29.2891,-29.0753],[29.2939,-29.0769],[29.3078,-29.0766],[29.3125,-29.0793],[29.3134,-29.0836],[29.3146,-29.0856],[29.3255,-29.0972],[29.3261,-29.1013],[29.3295,-29.1016],[29.338,-29.1069],[29.3388,-29.1096],[29.3429,-29.1123],[29.3438,-29.115],[29.3495,-29.1187],[29.3489,-29.1208],[29.3564,-29.1282],[29.3563,-29.1296],[29.3548,-29.1311],[29.3571,-29.1352],[29.3536,-29.1375],[29.3513,-29.1423],[29.3512,-29.1442],[29.3526,-29.1453],[29.3531,-29.1476],[29.3516,-29.1485],[29.3488,-29.1485],[29.3439,-29.1535],[29.3449,-29.1562],[29.3485,-29.1609],[29.3487,-29.1627],[29.3467,-29.165],[29.3472,-29.1738],[29.3445,-29.1761],[29.344,-29.1777],[29.3446,-29.1875],[29.3513,-29.1933],[29.3548,-29.1949],[29.3571,-29.202],[29.3628,-29.2051],[29.3681,-29.2052],[29.3778,-29.203],[29.3811,-29.2014],[29.388,-29.2048],[29.4009,-29.2081],[29.4084,-29.2123],[29.4136,-29.2212],[29.4102,-29.2211],[29.4089,-29.2219],[29.4069,-29.2288],[29.4153,-29.2318],[29.4171,-29.2337],[29.4182,-29.2369],[29.4217,-29.2384],[29.4237,-29.242],[29.4242,-29.2456],[29.4261,-29.2498],[29.4228,-29.2525],[29.4187,-29.2521],[29.4185,-29.2581],[29.4209,-29.2601],[29.4266,-29.2603],[29.4348,-29.2631],[29.437,-29.2646],[29.4401,-29.2698],[29.4409,-29.2729],[29.4396,-29.2755],[29.4396,-29.2798],[29.4352,-29.2797],[29.4365,-29.286],[29.4397,-29.289],[29.4402,-29.2941],[29.4432,-29.2987],[29.4427,-29.3011],[29.4393,-29.3037],[29.439,-29.306],[29.4398,-29.3077],[29.4383,-29.3093],[29.4425,-29.3119],[29.4416,-29.3145],[29.4471,-29.3163],[29.4486,-29.3208],[29.4517,-29.321],[29.4523,-29.3293],[29.4557,-29.3363],[29.4556,-29.3412],[29.4493,-29.3436],[29.4442,-29.3442],[29.4414,-29.346],[29.4431,-29.349],[29.4434,-29.3514],[29.4417,-29.3543],[29.4416,-29.3578],[29.4446,-29.3649],[29.4489,-29.3684],[29.4483,-29.3713],[29.4461,-29.3725],[29.447,-29.3763],[29.4454,-29.3787],[29.4415,-29.3805],[29.4388,-29.3849],[29.437,-29.3852],[29.4364,-29.3861],[29.4364,-29.3924],[29.4373,-29.3944],[29.4359,-29.3961],[29.4325,-29.3966],[29.43,-29.3958],[29.4248,-29.3965],[29.4213,-29.396],[29.4195,-29.3968],[29.4185,-29.4063],[29.4226,-29.4141],[29.42,-29.4166],[29.4105,-29.4171],[29.4066,-29.4207],[29.4058,-29.4245],[29.4023,-29.4297],[29.4019,-29.4339],[29.3996,-29.4358],[29.4006,-29.4402],[29.4034,-29.4445],[29.4,-29.4451],[29.4009,-29.4462],[29.4004,-29.447],[29.3974,-29.4471],[29.3936,-29.4512],[29.3885,-29.4518],[29.3876,-29.4557],[29.3833,-29.4563],[29.3802,-29.4541],[29.3771,-29.4548],[29.3731,-29.4632],[29.3679,-29.4639],[29.3644,-29.4666],[29.3631,-29.4702],[29.3611,-29.4691],[29.3585,-29.4695],[29.3517,-29.4677],[29.3459,-29.4652],[29.3453,-29.4663],[29.3428,-29.4664],[29.3426,-29.4678],[29.3404,-29.4684],[29.3394,-29.4722],[29.3297,-29.4701],[29.3278,-29.4707],[29.3258,-29.4742],[29.3212,-29.4757],[29.3209,-29.4773],[29.3197,-29.4779],[29.3201,-29.4798],[29.3231,-29.4838],[29.3238,-29.4868],[29.316,-29.488],[29.3099,-29.4862],[29.3071,-29.4829],[29.3005,-29.4863],[29.2966,-29.4865],[29.2933,-29.49],[29.2948,-29.4937],[29.3013,-29.5005],[29.3016,-29.502],[29.3041,-29.5034],[29.305,-29.5098],[29.3069,-29.5103],[29.3051,-29.517],[29.3016,-29.5178],[29.2997,-29.5192],[29.2951,-29.5184],[29.2935,-29.5166],[29.2932,-29.5172],[29.2945,-29.5198],[29.2972,-29.5223],[29.3031,-29.5262],[29.3032,-29.5274],[29.305,-29.5292],[29.3071,-29.5337],[29.3087,-29.5342],[29.3096,-29.5357],[29.3115,-29.5352],[29.313,-29.5369],[29.3127,-29.5458],[29.3088,-29.5473],[29.3089,-29.5493],[29.3069,-29.5494],[29.3056,-29.5542],[29.3083,-29.5548],[29.3118,-29.5573],[29.3148,-29.5585],[29.3165,-29.5625],[29.3205,-29.5631],[29.3212,-29.5661],[29.3241,-29.567],[29.3251,-29.5698],[29.3197,-29.5814],[29.3163,-29.5831],[29.3097,-29.5845],[29.3049,-29.5832],[29.3029,-29.5845],[29.2975,-29.5854],[29.2886,-29.5841],[29.2852,-29.5845],[29.2848,-29.5866],[29.2856,-29.59],[29.2881,-29.5924],[29.2895,-29.5973],[29.2925,-29.6008],[29.2931,-29.6088],[29.2911,-29.6132],[29.2925,-29.6147],[29.2924,-29.6163],[29.2897,-29.617],[29.2827,-29.6214],[29.2871,-29.6277],[29.2846,-29.6337],[29.2843,-29.6369],[29.2823,-29.6427],[29.2803,-29.6434],[29.2792,-29.6447],[29.2773,-29.6448],[29.2719,-29.6429],[29.269,-29.6429],[29.2647,-29.639],[29.2595,-29.6399],[29.2552,-29.6421],[29.2477,-29.6416],[29.2403,-29.6425],[29.235,-29.6397],[29.2303,-29.6429],[29.2296,-29.6465],[29.227,-29.6451],[29.2241,-29.646],[29.2219,-29.648],[29.218,-29.6474],[29.2144,-29.655],[29.2114,-29.6551],[29.2114,-29.6566],[29.2086,-29.6598],[29.2066,-29.6601],[29.2046,-29.6593],[29.2002,-29.6599],[29.1955,-29.6665],[29.1911,-29.6707],[29.1879,-29.6715],[29.1828,-29.6681],[29.1785,-29.6759],[29.1718,-29.6789],[29.1629,-29.6769],[29.1597,-29.6826],[29.1636,-29.6887],[29.1629,-29.6902],[29.1616,-29.6911],[29.1627,-29.6924],[29.1615,-29.695],[29.1622,-29.6973],[29.1591,-29.7016],[29.159,-29.7039],[29.1607,-29.7055],[29.1607,-29.7068],[29.1552,-29.7078],[29.1533,-29.7074],[29.1507,-29.7085],[29.1498,-29.7094],[29.1495,-29.7122],[29.1465,-29.7135],[29.1452,-29.7164],[29.1468,-29.7224],[29.1495,-29.729],[29.1509,-29.7307],[29.1516,-29.7336],[29.1489,-29.7347],[29.1487,-29.7355],[29.1499,-29.7369],[29.1465,-29.7384],[29.146,-29.741],[29.1418,-29.7404],[29.1384,-29.7388],[29.136,-29.7391],[29.1358,-29.7439],[29.137,-29.7449],[29.138,-29.7485],[29.1407,-29.7503],[29.14,-29.7591],[29.1338,-29.7612],[29.1353,-29.7641],[29.1348,-29.765],[29.1314,-29.7652],[29.1285,-29.7643],[29.1236,-29.7674],[29.1311,-29.7732],[29.1295,-29.7766],[29.13,-29.7828],[29.1294,-29.7893],[29.1264,-29.792],[29.1249,-29.7952],[29.1237,-29.8073],[29.126,-29.8094],[29.1272,-29.8123],[29.1312,-29.8136],[29.1325,-29.8148],[29.1319,-29.8168],[29.1295,-29.8189],[29.1316,-29.8259],[29.1288,-29.8316],[29.1235,-29.8333],[29.1183,-29.8334],[29.1137,-29.8414],[29.1106,-29.8427],[29.1101,-29.8441],[29.103,-29.845],[29.1012,-29.8469],[29.1014,-29.8486],[29.1026,-29.8501],[29.1083,-29.8514],[29.1119,-29.8542],[29.1159,-29.8535],[29.1318,-29.8599],[29.1361,-29.8597],[29.1388,-29.861],[29.1393,-29.8643],[29.144,-29.8665],[29.1454,-29.8682],[29.1452,-29.87],[29.1412,-29.875],[29.1414,-29.8771],[29.1459,-29.8789],[29.1489,-29.8839],[29.1543,-29.885],[29.1605,-29.8828],[29.1629,-29.8838],[29.1621,-29.8878],[29.1636,-29.8928],[29.1609,-29.8955],[29.1616,-29.9031],[29.1584,-29.9049],[29.1582,-29.906],[29.1612,-29.9083],[29.1645,-29.9087],[29.1651,-29.9102],[29.1684,-29.912],[29.1696,-29.9161],[29.1621,-29.9214],[29.158,-29.9219],[29.1554,-29.9258],[29.1521,-29.9249],[29.1486,-29.925],[29.1376,-29.9293],[29.1335,-29.929],[29.1256,-29.9302],[29.1222,-29.933],[29.1186,-29.9331],[29.115,-29.9369],[29.1114,-29.9357],[29.109,-29.937],[29.1091,-29.9423],[29.1065,-29.9443],[29.1044,-29.9512],[29.1045,-29.9548],[29.1025,-29.9571],[29.1041,-29.9591],[29.1034,-29.9611],[29.1037,-29.967],[29.0838,-29.9531],[29.0671,-29.9724],[29.0596,-29.9777],[29.0509,-29.9822],[29.0446,-29.9821],[29.0418,-29.985],[29.0387,-29.9841],[29.034,-29.986],[29.0323,-29.9876],[29.0334,-29.9923],[29.03,-29.9972],[29.0271,-29.9977],[29.0243,-29.9992],[29.0222,-29.9972],[29.0202,-29.9967],[29.0148,-30.0018],[29.045,-30.013],[29.0678,-30.044],[29.0901,-30.0567],[29.1073,-30.0785],[29.1119,-30.0972],[29.1137,-30.0963],[29.1172,-30.1002],[29.1204,-30.0984],[29.1212,-30.0988],[29.121,-30.1002],[29.1187,-30.1029],[29.1202,-30.1045],[29.1196,-30.1054],[29.1174,-30.1054],[29.1145,-30.1023],[29.1123,-30.1055],[29.113,-30.1067],[29.1152,-30.1078],[29.1148,-30.1106],[29.1185,-30.1094],[29.12,-30.1106],[29.1153,-30.1144],[29.1173,-30.1165],[29.1194,-30.1222],[29.1158,-30.1247],[29.1177,-30.1259],[29.1159,-30.1299],[29.1166,-30.1315],[29.1154,-30.1328],[29.1167,-30.1351],[29.1163,-30.1364],[29.1188,-30.1386],[29.1179,-30.1406],[29.1161,-30.1408],[29.1163,-30.1421],[29.1172,-30.143],[29.1203,-30.1422],[29.1216,-30.1435],[29.1206,-30.1512],[29.12,-30.1522],[29.1181,-30.1528],[29.1139,-30.1518],[29.1104,-30.1538],[29.1134,-30.1576],[29.1204,-30.1604],[29.1172,-30.1633],[29.1161,-30.1634],[29.1147,-30.1618],[29.1139,-30.1621],[29.1128,-30.1646],[29.1131,-30.1682],[29.1103,-30.1683],[29.1067,-30.1721],[29.1069,-30.1762],[29.1041,-30.1753],[29.1026,-30.1771],[29.1037,-30.1805],[29.1099,-30.1838],[29.111,-30.1877],[29.1132,-30.1904],[29.1174,-30.1898],[29.1221,-30.192],[29.1208,-30.1943],[29.1141,-30.1939],[29.1108,-30.1969],[29.1103,-30.1993],[29.1128,-30.2062],[29.1124,-30.2096],[29.1143,-30.2095],[29.1197,-30.2059],[29.1216,-30.2072],[29.1215,-30.2098],[29.1237,-30.2111],[29.1271,-30.2112],[29.1308,-30.2133],[29.1323,-30.215],[29.1318,-30.2166],[29.1241,-30.2179],[29.1224,-30.2219],[29.123,-30.2228],[29.1282,-30.2242],[29.1303,-30.2267],[29.1297,-30.2337],[29.126,-30.2386],[29.1293,-30.2398],[29.1283,-30.2418],[29.1289,-30.2478],[29.133,-30.2497],[29.1319,-30.2516],[29.1332,-30.2527],[29.1336,-30.2549],[29.1355,-30.2562],[29.136,-30.2612],[29.1373,-30.2624],[29.1411,-30.2617],[29.1518,-30.2567],[29.1538,-30.2611],[29.1537,-30.2623],[29.1523,-30.2626],[29.1518,-30.2647],[29.1565,-30.2648],[29.1553,-30.263],[29.1556,-30.2619],[29.157,-30.2633],[29.1627,-30.2636],[29.1621,-30.2663],[29.1578,-30.2668],[29.156,-30.2685],[29.1579,-30.2701],[29.161,-30.2707],[29.1593,-30.2742],[29.1618,-30.2723],[29.1629,-30.2727],[29.1632,-30.2738],[29.1613,-30.2759],[29.1579,-30.2744],[29.1568,-30.2756],[29.1579,-30.277],[29.1558,-30.2775],[29.1674,-30.2816],[29.1704,-30.2816],[29.1705,-30.2804],[29.1742,-30.2808],[29.174,-30.2819],[29.1758,-30.282],[29.1757,-30.2828],[29.1727,-30.2825],[29.1726,-30.2834],[29.1881,-30.2887],[29.2275,-30.2974],[29.2334,-30.3063],[29.2547,-30.3048],[29.2315,-30.2691],[29.2364,-30.2677],[29.2368,-30.2669],[29.2622,-30.2784],[29.284,-30.3004],[29.3019,-30.3201],[29.2987,-30.3343],[29.2919,-30.3456],[29.2988,-30.3532],[29.305,-30.3799],[29.2902,-30.3786],[29.2771,-30.3762],[29.2824,-30.3957],[29.2382,-30.4049],[29.2276,-30.4103],[29.2273,-30.4263],[29.2185,-30.4212],[29.1968,-30.4344],[29.1984,-30.4623],[29.1879,-30.4842],[29.1773,-30.5157],[29.1504,-30.5104],[29.1456,-30.523],[29.1402,-30.5338],[29.1448,-30.531],[29.1466,-30.5316],[29.1455,-30.5327],[29.147,-30.5352],[29.1476,-30.5412],[29.1531,-30.547],[29.1518,-30.5486],[29.1528,-30.5546],[29.1557,-30.5554],[29.1578,-30.5538],[29.1614,-30.547],[29.1605,-30.5463],[29.1591,-30.5476],[29.1579,-30.5476],[29.1578,-30.5451],[29.1598,-30.5447],[29.1598,-30.5431],[29.1611,-30.5418],[29.1653,-30.5435],[29.1663,-30.5414],[29.1631,-30.5396],[29.1651,-30.538],[29.1673,-30.5404],[29.1672,-30.5427],[29.1681,-30.5442],[29.1703,-30.5474],[29.1728,-30.549],[29.1738,-30.5518],[29.1731,-30.5528],[29.1668,-30.5557],[29.1649,-30.5577],[29.163,-30.5582],[29.162,-30.5601],[29.1591,-30.5609],[29.1547,-30.5595],[29.1531,-30.561],[29.1515,-30.5604],[29.1153,-30.5796],[29.1238,-30.5871],[29.146,-30.5952],[29.1353,-30.6039],[29.1361,-30.6041],[29.1353,-30.6051],[29.1681,-30.6131],[29.168,-30.6176],[29.1728,-30.6242],[29.1741,-30.624],[29.1807,-30.6189],[29.1828,-30.6182],[29.1853,-30.6185],[29.1854,-30.6213],[29.1808,-30.6236],[29.1787,-30.6259],[29.1778,-30.6287],[29.1779,-30.6315],[29.1809,-30.6396],[29.183,-30.6413],[29.1856,-30.6404],[29.1919,-30.6348],[29.1979,-30.6344],[29.1987,-30.632],[29.1955,-30.6283],[29.1952,-30.6245],[29.2013,-30.6226],[29.2046,-30.6202],[29.209,-30.6216],[29.2111,-30.6215],[29.2179,-30.6185],[29.2202,-30.6207],[29.2284,-30.6197],[29.2613,-30.6212],[29.2773,-30.6373],[29.3035,-30.6393],[29.3198,-30.645],[29.3225,-30.6445],[29.3456,-30.6717],[29.3728,-30.649],[29.3855,-30.6501],[29.4013,-30.6394],[29.4243,-30.64],[29.443,-30.639],[29.4686,-30.6242],[29.5124,-30.6182],[29.5243,-30.6412],[29.5713,-30.6558],[29.5722,-30.6551],[29.5713,-30.6577],[29.5803,-30.654],[29.5876,-30.659],[29.5898,-30.6622],[29.5929,-30.6646],[29.5942,-30.6674],[29.5938,-30.6746],[29.5949,-30.6758],[29.5948,-30.6796],[29.5961,-30.6824],[29.5958,-30.6858],[29.5995,-30.6895],[29.6023,-30.6894],[29.6068,-30.6874],[29.6076,-30.688],[29.6103,-30.687],[29.6132,-30.6879],[29.6144,-30.6867],[29.617,-30.6889],[29.6192,-30.688],[29.6202,-30.6885],[29.6226,-30.6874],[29.6257,-30.6876],[29.6273,-30.686],[29.6285,-30.6861],[29.6316,-30.6843],[29.6339,-30.6848],[29.6349,-30.6839],[29.6365,-30.6859],[29.6371,-30.6838],[29.6458,-30.6845],[29.6487,-30.6837],[29.6493,-30.6854],[29.6515,-30.6858],[29.6539,-30.6832],[29.6561,-30.6829],[29.6564,-30.6816],[29.6577,-30.6813],[29.6568,-30.6811],[29.6572,-30.6806],[29.6641,-30.677],[29.6671,-30.6763],[29.6671,-30.675],[29.6685,-30.674],[29.6692,-30.6745],[29.6705,-30.6716],[29.6719,-30.6714],[29.6709,-30.6707],[29.6714,-30.67],[29.6738,-30.6692],[29.6766,-30.6715],[29.6763,-30.6737],[29.6779,-30.6737],[29.6802,-30.6758],[29.6868,-30.6795],[29.6872,-30.6809],[29.6865,-30.6819],[29.6849,-30.6821],[29.6831,-30.6835],[29.6835,-30.6854],[29.6859,-30.6861],[29.6874,-30.6883],[29.6918,-30.6862],[29.6937,-30.6874],[29.6935,-30.6907],[29.6948,-30.6931],[29.6943,-30.6958],[29.6965,-30.6967],[29.697,-30.6987],[29.6995,-30.7012],[29.6997,-30.7036],[29.7008,-30.7053],[29.7029,-30.7032],[29.7048,-30.703],[29.7079,-30.7048],[29.7105,-30.704],[29.7154,-30.7043],[29.7208,-30.7084],[29.7336,-30.7074],[29.735,-30.7091],[29.7296,-30.7157],[29.7344,-30.7196],[29.7389,-30.7177],[29.7407,-30.7187],[29.7411,-30.7199],[29.7389,-30.7215],[29.7407,-30.7234],[29.7445,-30.7228],[29.7497,-30.7195],[29.7507,-30.7164],[29.7494,-30.7126],[29.7511,-30.7112],[29.7514,-30.7079],[29.7525,-30.707],[29.7553,-30.7106],[29.7553,-30.7146],[29.7566,-30.7178],[29.7592,-30.7192],[29.7633,-30.7195],[29.7642,-30.7188],[29.7707,-30.7185],[29.7716,-30.7162],[29.7701,-30.7158],[29.7696,-30.7145],[29.7704,-30.7142],[29.7696,-30.713],[29.7688,-30.7135],[29.7685,-30.7128],[29.7718,-30.7121],[29.7712,-30.707],[29.7722,-30.7054],[29.7746,-30.7056],[29.7786,-30.7083],[29.7807,-30.708],[29.7861,-30.71],[29.786,-30.7084],[29.7808,-30.7047],[29.779,-30.7012],[29.7781,-30.6984],[29.7786,-30.698],[29.7777,-30.6974],[29.7806,-30.6954],[29.7856,-30.6962],[29.7857,-30.6988],[29.7879,-30.7004],[29.7906,-30.7005],[29.7921,-30.7028],[29.7963,-30.7044],[29.8003,-30.7089],[29.8022,-30.7079],[29.8058,-30.7035],[29.8059,-30.7022],[29.8044,-30.7012],[29.8048,-30.7003],[29.809,-30.6985],[29.813,-30.6994],[29.8154,-30.7016],[29.8148,-30.7064],[29.8066,-30.7144],[29.804,-30.7151],[29.8045,-30.7231],[29.8056,-30.7239],[29.8064,-30.7275],[29.808,-30.7296],[29.8101,-30.7309],[29.8142,-30.7315],[29.8154,-30.7288],[29.8175,-30.7269],[29.8187,-30.7236],[29.8252,-30.7206],[29.8275,-30.7231],[29.8243,-30.728],[29.8246,-30.7346],[29.831,-30.7349],[29.8337,-30.7381],[29.8334,-30.739],[29.8296,-30.7408],[29.8293,-30.7428],[29.8299,-30.7439],[29.8334,-30.7426],[29.8421,-30.7439],[29.8432,-30.743],[29.8448,-30.7367],[29.8477,-30.7365],[29.8496,-30.7396],[29.8498,-30.7446],[29.8518,-30.7488],[29.8515,-30.7524],[29.8478,-30.7584],[29.8495,-30.7607],[29.8519,-30.7617],[29.8595,-30.7565],[29.8638,-30.7575],[29.8712,-30.7548],[29.8727,-30.7554],[29.8733,-30.7586],[29.8752,-30.7578],[29.8766,-30.7581],[29.882,-30.7621],[29.8863,-30.7592],[29.8925,-30.7588],[29.8966,-30.766],[29.8961,-30.769],[29.8948,-30.7698],[29.8884,-30.7704],[29.886,-30.7726],[29.8853,-30.7775],[29.8857,-30.7835],[29.8867,-30.7847],[29.8879,-30.7844],[29.8899,-30.7807],[29.8969,-30.7742],[29.898,-30.774],[29.9011,-30.7756],[29.9041,-30.7754],[29.9064,-30.7743],[29.9118,-30.7699],[29.9147,-30.771],[29.916,-30.7745],[29.9098,-30.7807],[29.9092,-30.7829],[29.9097,-30.7845],[29.9063,-30.792],[29.9067,-30.7965],[29.908,-30.7982],[29.9107,-30.7976],[29.9119,-30.7954],[29.9144,-30.7934],[29.9219,-30.7896],[29.9232,-30.7905],[29.9237,-30.7928],[29.9266,-30.7941],[29.9279,-30.7937],[29.9293,-30.7919],[29.9296,-30.788],[29.9288,-30.7833],[29.9295,-30.7807],[29.9266,-30.775],[29.9216,-30.7708],[29.9214,-30.7698],[29.9224,-30.7687],[29.9342,-30.7684],[29.9493,-30.7708],[29.9513,-30.7744],[29.9502,-30.7811],[29.955,-30.7869],[29.9552,-30.7897],[29.9534,-30.7906],[29.9489,-30.7901],[29.9454,-30.7906],[29.9406,-30.7921],[29.9332,-30.8008],[29.9319,-30.8049],[29.9323,-30.8072],[29.9328,-30.8082],[29.9376,-30.8094],[29.9451,-30.8099],[29.9566,-30.808],[29.9658,-30.8082],[29.9685,-30.8064],[29.9685,-30.8037],[29.9725,-30.8023],[29.9742,-30.8049],[29.974,-30.8066],[29.968,-30.8095],[29.9673,-30.8108],[29.9678,-30.8124],[29.9666,-30.8172],[29.9701,-30.8183],[29.9705,-30.819],[29.9678,-30.8251],[29.9639,-30.8248],[29.9593,-30.8215],[29.9581,-30.8231],[29.9601,-30.8281],[29.9648,-30.8323],[29.9705,-30.8343],[29.9748,-30.8381],[29.9799,-30.8374],[29.9832,-30.835],[29.9899,-30.838],[29.9937,-30.836],[30.0003,-30.8375],[30.0006,-30.8298],[30.0014,-30.828],[30.0037,-30.8261],[30.0077,-30.8257],[30.0101,-30.8268],[30.0112,-30.8283],[30.0119,-30.8321],[30.0079,-30.8382],[30.007,-30.8423],[30.0079,-30.8432],[30.0098,-30.8432],[30.0162,-30.8396],[30.0218,-30.8392],[30.0224,-30.8475],[30.0199,-30.8506],[30.0194,-30.8529],[30.0198,-30.8548],[30.0221,-30.8568],[30.024,-30.8574],[30.0251,-30.8566],[30.0257,-30.854],[30.0248,-30.8505],[30.0255,-30.8488],[30.0364,-30.8466],[30.0389,-30.8445],[30.046,-30.848],[30.0496,-30.848],[30.0532,-30.8468],[30.0579,-30.8485],[30.0597,-30.8478],[30.0622,-30.8481],[30.0668,-30.8517],[30.0702,-30.8516],[30.0721,-30.855],[30.0742,-30.8564],[30.0725,-30.8652],[30.0734,-30.8659],[30.0818,-30.8659],[30.0828,-30.8637],[30.0854,-30.8632],[30.0874,-30.8641],[30.0927,-30.8622],[30.0948,-30.8623],[30.0951,-30.8649],[30.0926,-30.8686],[30.0933,-30.878],[30.0907,-30.8772],[30.0882,-30.8744],[30.0738,-30.8707],[30.0705,-30.8713],[30.0698,-30.8725],[30.0704,-30.8748],[30.0745,-30.8784],[30.0757,-30.8822],[30.081,-30.885],[30.0842,-30.8849],[30.0914,-30.883],[30.0984,-30.8848],[30.1093,-30.8845],[30.115,-30.8877],[30.1195,-30.888],[30.1211,-30.8897],[30.1211,-30.891],[30.114,-30.8991],[30.1136,-30.9004],[30.1204,-30.9037],[30.1262,-30.9049],[30.1269,-30.9058],[30.126,-30.9072],[30.1218,-30.9083],[30.1201,-30.9101],[30.1214,-30.9106],[30.1323,-30.9091],[30.1362,-30.9115],[30.1366,-30.9138],[30.1395,-30.9181],[30.1464,-30.9224],[30.1456,-30.9244],[30.1437,-30.9254],[30.1428,-30.927],[30.1464,-30.9311],[30.1465,-30.9339],[30.1444,-30.9376],[30.1413,-30.9375],[30.1392,-30.9387],[30.1379,-30.9406],[30.138,-30.9425],[30.1401,-30.9451],[30.1411,-30.951],[30.1392,-30.9544],[30.1369,-30.9548],[30.1347,-30.9562],[30.1345,-30.9638],[30.1411,-30.9664],[30.1478,-30.9713],[30.1551,-30.9729],[30.1564,-30.9759],[30.1551,-30.9804],[30.1521,-30.9853],[30.148,-30.9867],[30.1431,-30.9862],[30.1413,-30.9873],[30.1409,-30.99],[30.1418,-30.9936],[30.1409,-30.9967],[30.1418,-30.9978],[30.1452,-30.9984],[30.1466,-31.0002],[30.1469,-31.0026],[30.1446,-31.0054],[30.1362,-31.0074],[30.1354,-31.009],[30.14,-31.0141],[30.1396,-31.021],[30.1408,-31.0228],[30.1431,-31.0226],[30.1462,-31.0196],[30.1475,-31.0164],[30.1493,-31.0156],[30.152,-31.0172],[30.1556,-31.0224],[30.1632,-31.0251],[30.1682,-31.0244],[30.17,-31.0254],[30.1675,-31.0389],[30.1632,-31.0456],[30.1633,-31.0498],[30.1668,-31.054],[30.1698,-31.0598],[30.1759,-31.0655],[30.1883,-31.0691],[30.1922,-31.0738],[30.1944,-31.0785],[30.194,-31.0826],[30.1966,-31.0821],[30.1975,-31.0803],[30.2034,-31.0766],[30.2096,-31.0747],[30.2125,-31.0719],[30.2132,-31.07],[30.2186,-31.0668],[30.2188,-31.066],[30.2275,-31.0583],[30.2306,-31.0501],[30.2283,-31.0433],[30.231,-31.0414],[30.233,-31.038],[30.2365,-31.0363],[30.2363,-31.0343],[30.2378,-31.0326],[30.2413,-31.0301],[30.2431,-31.0308],[30.2444,-31.03],[30.2454,-31.0286],[30.2455,-31.0251],[30.2471,-31.0223],[30.2551,-31.0188],[30.256,-31.0159],[30.2588,-31.0143],[30.259,-31.012],[30.2582,-31.0116],[30.2583,-31.0106],[30.2615,-31.0091],[30.2633,-31.0057],[30.2677,-31.0031],[30.2693,-30.9983],[30.2685,-30.9972],[30.2689,-30.9957],[30.2748,-30.9921],[30.2758,-30.9893],[30.2776,-30.9874],[30.2775,-30.9835],[30.2837,-30.9741],[30.2864,-30.971],[30.2905,-30.9683],[30.2922,-30.9682],[30.2983,-30.9629],[30.3,-30.9585],[30.3017,-30.9571],[30.3026,-30.9537],[30.3009,-30.9513],[30.3012,-30.9489],[30.3034,-30.9449],[30.3048,-30.9446],[30.3041,-30.9436],[30.3045,-30.9413],[30.3075,-30.9389],[30.3077,-30.9369],[30.3111,-30.9336],[30.3138,-30.9326],[30.3151,-30.93],[30.3162,-30.93],[30.3159,-30.9288],[30.3173,-30.9264],[30.3264,-30.9204],[30.3271,-30.9191],[30.3288,-30.9189],[30.3296,-30.9162],[30.3316,-30.9144],[30.3328,-30.9147],[30.3333,-30.9125],[30.3345,-30.9122],[30.3337,-30.9102],[30.3356,-30.9076],[30.3366,-30.9069],[30.3377,-30.9074],[30.3377,-30.9056],[30.3415,-30.9043],[30.3415,-30.9031],[30.3428,-30.9025],[30.3436,-30.9004],[30.3447,-30.9006],[30.347,-30.8986],[30.3465,-30.8953],[30.3474,-30.8934],[30.3488,-30.8933],[30.3496,-30.892],[30.3492,-30.8898],[30.35,-30.8886],[30.3518,-30.8888],[30.3518,-30.8881],[30.3534,-30.8876],[30.3544,-30.8863],[30.3544,-30.8849],[30.3564,-30.8841],[30.3573,-30.8818],[30.3584,-30.8812],[30.3578,-30.8807],[30.3581,-30.8788],[30.3616,-30.8759],[30.3632,-30.8762],[30.3638,-30.8746],[30.3659,-30.8732],[30.3668,-30.8735],[30.367,-30.8721],[30.3682,-30.8721],[30.368,-30.8707],[30.3695,-30.871],[30.3704,-30.8702],[30.3704,-30.8687],[30.372,-30.8677],[30.3714,-30.8667],[30.3725,-30.8662],[30.3719,-30.8648],[30.3726,-30.8638],[30.3718,-30.8628],[30.3722,-30.8618],[30.3786,-30.8565],[30.3817,-30.856],[30.3847,-30.8534],[30.3863,-30.8532],[30.3864,-30.8519],[30.389,-30.85],[30.3894,-30.8484],[30.3925,-30.8452],[30.3923,-30.8444],[30.3938,-30.8437],[30.3963,-30.8381],[30.3963,-30.8368],[30.3952,-30.8358],[30.3959,-30.8346],[30.3991,-30.8335],[30.4006,-30.8309],[30.4045,-30.8284],[30.4067,-30.8215],[30.4052,-30.8203],[30.4059,-30.8181],[30.4116,-30.814],[30.4115,-30.8109],[30.4139,-30.809],[30.4127,-30.8079],[30.4131,-30.805],[30.4146,-30.8039],[30.4151,-30.8025],[30.4165,-30.8021],[30.4191,-30.7968],[30.422,-30.7948],[30.4217,-30.7935],[30.4238,-30.7903],[30.4234,-30.7887],[30.4242,-30.7871],[30.4289,-30.7822],[30.4321,-30.7801],[30.4324,-30.7782],[30.4345,-30.7764],[30.4364,-30.7726],[30.4384,-30.771],[30.4394,-30.7712],[30.4417,-30.7693],[30.4427,-30.767],[30.4433,-30.7672],[30.4443,-30.7662],[30.4447,-30.764],[30.446,-30.7633],[30.4461,-30.7619],[30.4472,-30.7617],[30.4467,-30.7608],[30.4482,-30.7594],[30.4481,-30.7559],[30.4555,-30.7478],[30.4573,-30.7472],[30.4579,-30.7446],[30.4599,-30.7428],[30.4598,-30.7412],[30.4585,-30.7398],[30.4626,-30.7331],[30.4668,-30.7293],[30.468,-30.7266],[30.4757,-30.7206],[30.4761,-30.719],[30.4783,-30.7166],[30.4806,-30.7155],[30.4812,-30.7141],[30.4804,-30.7118],[30.4832,-30.7078],[30.4918,-30.7008],[30.4952,-30.6957],[30.4956,-30.6938],[30.4987,-30.6901],[30.4988,-30.6881],[30.5102,-30.677],[30.5105,-30.6731],[30.5133,-30.6693],[30.5137,-30.6663],[30.517,-30.6631]]],[[[30.517,-30.6631],[30.517,-30.6632],[30.5171,-30.6632],[30.517,-30.6631]]],[[[30.5258,-30.6513],[30.5259,-30.6514],[30.5259,-30.6514],[30.5258,-30.6513]]]]},"properties":{"OBJECTID_12":4,"OBJECTID_1":4,"OBJECTID":4,"CODE":"KZN","PROVINCE":"KwaZulu-Natal","GISDB.LDR.Provinces.Area":94361.321967399999,"Country":"South Africa","Shape_Leng":19.024784140000001,"Shape_STAr":8.7153788300000006,"Shape_STLe":19.024784140000001,"Shape.STArea()":8.7153788315500371,"Shape.STLength()":19.024784136020195}},{"type":"Feature","id":5,"geometry":{"type":"Polygon","coordinates":[[[29.6552,-22.1251],[29.6505,-22.1267],[29.6407,-22.1323],[29.6328,-22.1335],[29.6282,-22.1356],[29.6221,-22.1415],[29.6165,-22.1521],[29.6134,-22.1548],[29.6102,-22.1557],[29.6062,-22.1558],[29.6019,-22.1544],[29.5883,-22.1434],[29.5802,-22.1409],[29.5748,-22.1423],[29.5625,-22.1498],[29.5393,-22.1527],[29.5355,-22.1552],[29.5342,-22.1583],[29.5352,-22.1665],[29.5348,-22.1703],[29.531,-22.1761],[29.5265,-22.1782],[29.5179,-22.1781],[29.5108,-22.1769],[29.4991,-22.172],[29.4832,-22.1673],[29.4722,-22.1656],[29.4641,-22.1661],[29.4278,-22.1722],[29.4169,-22.175],[29.4096,-22.1782],[29.4083,-22.1814],[29.4058,-22.1833],[29.3992,-22.1842],[29.3856,-22.1921],[29.3629,-22.1995],[29.3591,-22.1997],[29.3528,-22.198],[29.3498,-22.1934],[29.3466,-22.1928],[29.3402,-22.2021],[29.3378,-22.2038],[29.3338,-22.2048],[29.3303,-22.2029],[29.3275,-22.2002],[29.326,-22.1976],[29.3241,-22.1891],[29.3206,-22.187],[29.3092,-22.1883],[29.2994,-22.186],[29.291,-22.1881],[29.2862,-22.186],[29.2842,-22.1861],[29.2805,-22.1888],[29.2772,-22.1926],[29.2712,-22.1932],[29.2687,-22.1902],[29.266,-22.1894],[29.2605,-22.1928],[29.2577,-22.1934],[29.2557,-22.193],[29.2517,-22.1891],[29.2457,-22.1865],[29.2383,-22.1818],[29.227,-22.1788],[29.2189,-22.1781],[29.2159,-22.1788],[29.2115,-22.182],[29.198,-22.1834],[29.1908,-22.1858],[29.1873,-22.1894],[29.1805,-22.1928],[29.1745,-22.2006],[29.1662,-22.2074],[29.1608,-22.2099],[29.1585,-22.2125],[29.1555,-22.2143],[29.15,-22.2159],[29.1433,-22.2164],[29.1333,-22.2136],[29.1218,-22.2145],[29.108,-22.2124],[29.1047,-22.2128],[29.0988,-22.2164],[29.0864,-22.2206],[29.0813,-22.2211],[29.0782,-22.2208],[29.0711,-22.2182],[29.0631,-22.2188],[29.056,-22.2182],[29.049,-22.2192],[29.0448,-22.2168],[29.0359,-22.2166],[29.0326,-22.2187],[29.0305,-22.2214],[29.0304,-22.2259],[29.0289,-22.2284],[29.0268,-22.229],[29.0217,-22.2263],[29.0194,-22.2262],[29.0142,-22.2309],[29.0128,-22.2379],[29.0137,-22.2569],[29.0049,-22.2626],[29.0046,-22.2675],[29.0028,-22.2747],[28.9965,-22.2805],[28.9894,-22.2837],[28.984,-22.2842],[28.9821,-22.2852],[28.9807,-22.2882],[28.9777,-22.2913],[28.9779,-22.2963],[28.9761,-22.3005],[28.9687,-22.305],[28.9666,-22.3075],[28.9637,-22.3185],[28.9627,-22.3288],[28.9641,-22.3376],[28.9635,-22.3472],[28.9645,-22.3495],[28.9679,-22.3536],[28.969,-22.3574],[28.9703,-22.3642],[28.9718,-22.368],[28.9722,-22.3727],[28.9715,-22.377],[28.9677,-22.3841],[28.9599,-22.393],[28.9524,-22.4041],[28.9512,-22.4155],[28.9492,-22.4203],[28.9445,-22.4262],[28.9443,-22.432],[28.9381,-22.4387],[28.9341,-22.4417],[28.9323,-22.4448],[28.9263,-22.4512],[28.9233,-22.457],[28.9185,-22.4606],[28.916,-22.4615],[28.9118,-22.4614],[28.9093,-22.4604],[28.9044,-22.456],[28.8993,-22.453],[28.8867,-22.4505],[28.8799,-22.4477],[28.8689,-22.4477],[28.8561,-22.4512],[28.8453,-22.4566],[28.8325,-22.4618],[28.8297,-22.4646],[28.8289,-22.4673],[28.8289,-22.4707],[28.8337,-22.4798],[28.8332,-22.4849],[28.8311,-22.4882],[28.8228,-22.4908],[28.8124,-22.4917],[28.7901,-22.4964],[28.7762,-22.5007],[28.7691,-22.5004],[28.7647,-22.501],[28.7602,-22.5031],[28.7566,-22.5027],[28.7533,-22.5035],[28.7381,-22.5043],[28.7223,-22.5119],[28.718,-22.5135],[28.7104,-22.5147],[28.7077,-22.516],[28.7012,-22.5206],[28.7005,-22.5263],[28.6974,-22.5274],[28.6878,-22.5335],[28.686,-22.5339],[28.6823,-22.5323],[28.6781,-22.5319],[28.6698,-22.5347],[28.6642,-22.5391],[28.658,-22.5483],[28.6525,-22.5523],[28.6413,-22.558],[28.6371,-22.5589],[28.633,-22.5587],[28.6254,-22.5611],[28.6174,-22.5625],[28.5755,-22.5598],[28.5641,-22.561],[28.5611,-22.5622],[28.557,-22.5667],[28.5491,-22.572],[28.5463,-22.5753],[28.5419,-22.5786],[28.5328,-22.5816],[28.5235,-22.5874],[28.5192,-22.5875],[28.5144,-22.5892],[28.5083,-22.5888],[28.502,-22.5824],[28.4966,-22.5785],[28.4851,-22.5727],[28.4798,-22.571],[28.4754,-22.5707],[28.4578,-22.5726],[28.45,-22.5694],[28.4429,-22.569],[28.4359,-22.5711],[28.4231,-22.5731],[28.4061,-22.5696],[28.3928,-22.5704],[28.3833,-22.5693],[28.3791,-22.5696],[28.3665,-22.573],[28.3595,-22.5728],[28.3536,-22.5717],[28.3472,-22.5719],[28.344,-22.5729],[28.3408,-22.5756],[28.3391,-22.5811],[28.3348,-22.5885],[28.3257,-22.5971],[28.3185,-22.6007],[28.3113,-22.6063],[28.3062,-22.609],[28.2988,-22.6087],[28.2912,-22.6123],[28.2777,-22.6155],[28.2739,-22.6213],[28.2715,-22.6282],[28.271,-22.6325],[28.2672,-22.6388],[28.262,-22.6425],[28.2571,-22.6439],[28.2514,-22.6495],[28.2463,-22.6566],[28.2406,-22.6562],[28.2366,-22.657],[28.2261,-22.6604],[28.2192,-22.6646],[28.2128,-22.6638],[28.2097,-22.6645],[28.1979,-22.6777],[28.1826,-22.6886],[28.1797,-22.6922],[28.1783,-22.6955],[28.164,-22.7116],[28.1592,-22.7195],[28.1582,-22.7243],[28.1639,-22.7419],[28.1642,-22.748],[28.1629,-22.7548],[28.1564,-22.7608],[28.151,-22.7696],[28.1451,-22.7748],[28.1316,-22.7813],[28.1246,-22.7829],[28.1214,-22.7845],[28.1195,-22.7881],[28.1177,-22.7896],[28.1175,-22.7911],[28.1101,-22.8005],[28.1029,-22.8071],[28.0972,-22.8108],[28.0948,-22.8137],[28.0866,-22.8153],[28.0826,-22.8172],[28.0791,-22.8201],[28.0737,-22.8222],[28.068,-22.8278],[28.0643,-22.8289],[28.0562,-22.8278],[28.0468,-22.8296],[28.0414,-22.8331],[28.0394,-22.8395],[28.0392,-22.8425],[28.042,-22.8495],[28.0463,-22.8569],[28.0474,-22.8606],[28.0465,-22.8673],[28.0445,-22.8719],[28.05,-22.8797],[28.0513,-22.8846],[28.05,-22.8891],[28.0455,-22.8931],[28.0454,-22.8994],[28.0395,-22.9103],[28.0335,-22.9152],[28.0244,-22.92],[28.0138,-22.931],[27.9936,-22.9374],[27.986,-22.9423],[27.9788,-22.9486],[27.9662,-22.9546],[27.9611,-22.9599],[27.955,-22.9616],[27.9484,-22.9611],[27.9457,-22.9601],[27.9432,-22.9563],[27.941,-22.9556],[27.9354,-22.9626],[27.9355,-22.9662],[27.9406,-22.9806],[27.9427,-22.9942],[27.9414,-23.0005],[27.9386,-23.0033],[27.9376,-23.0059],[27.9375,-23.0154],[27.9431,-23.0282],[27.9437,-23.0332],[27.9424,-23.0392],[27.9391,-23.0467],[27.936,-23.0517],[27.9276,-23.0574],[27.9201,-23.0683],[27.9159,-23.0699],[27.9102,-23.0751],[27.8997,-23.0781],[27.8974,-23.0795],[27.8949,-23.0828],[27.8929,-23.083],[27.8884,-23.0855],[27.8811,-23.0905],[27.873,-23.0923],[27.8707,-23.0941],[27.8597,-23.0976],[27.8578,-23.0991],[27.854,-23.0997],[27.8479,-23.1048],[27.8442,-23.1051],[27.8346,-23.1085],[27.8318,-23.1088],[27.8285,-23.107],[27.8226,-23.1081],[27.8209,-23.1069],[27.8204,-23.1049],[27.8196,-23.1046],[27.8141,-23.1065],[27.8121,-23.1102],[27.8133,-23.1151],[27.8164,-23.1182],[27.8189,-23.1196],[27.8196,-23.1243],[27.8184,-23.1281],[27.8118,-23.1307],[27.8095,-23.1345],[27.8066,-23.1358],[27.7938,-23.1375],[27.7911,-23.1414],[27.7876,-23.141],[27.7819,-23.1431],[27.7808,-23.1428],[27.7798,-23.1407],[27.7794,-23.1386],[27.7808,-23.1354],[27.7799,-23.133],[27.7785,-23.1318],[27.7745,-23.1309],[27.7667,-23.1339],[27.7653,-23.1368],[27.7653,-23.1424],[27.7711,-23.146],[27.7833,-23.1577],[27.7856,-23.1647],[27.7851,-23.1708],[27.7837,-23.174],[27.7809,-23.1769],[27.7696,-23.1805],[27.7684,-23.1846],[27.7657,-23.1856],[27.7596,-23.1906],[27.7596,-23.1959],[27.7561,-23.1989],[27.7541,-23.2038],[27.7508,-23.2057],[27.7511,-23.213],[27.7526,-23.2172],[27.7521,-23.2193],[27.7416,-23.2304],[27.7353,-23.2332],[27.73,-23.2325],[27.726,-23.2329],[27.7251,-23.2322],[27.7253,-23.23],[27.7241,-23.229],[27.7221,-23.2289],[27.7199,-23.2305],[27.714,-23.2286],[27.7118,-23.226],[27.712,-23.2221],[27.7113,-23.22],[27.7069,-23.2124],[27.7037,-23.2037],[27.6998,-23.2],[27.6893,-23.1962],[27.672,-23.2005],[27.6677,-23.2052],[27.6669,-23.2111],[27.6624,-23.2163],[27.6602,-23.2176],[27.6604,-23.2207],[27.6587,-23.2222],[27.6543,-23.2214],[27.6524,-23.2219],[27.6509,-23.2248],[27.6495,-23.2257],[27.6408,-23.2248],[27.639,-23.2261],[27.6318,-23.2236],[27.6295,-23.2212],[27.6244,-23.2206],[27.6213,-23.2181],[27.6191,-23.2182],[27.6165,-23.2197],[27.6131,-23.2197],[27.6095,-23.2186],[27.6048,-23.2159],[27.6025,-23.2162],[27.5993,-23.2179],[27.5979,-23.2197],[27.5966,-23.2237],[27.5978,-23.2261],[27.5965,-23.2282],[27.5961,-23.2329],[27.5964,-23.2354],[27.6012,-23.244],[27.6012,-23.2472],[27.5915,-23.2568],[27.5886,-23.2566],[27.5864,-23.2583],[27.5825,-23.2576],[27.5808,-23.2582],[27.5761,-23.2608],[27.5729,-23.2653],[27.574,-23.2693],[27.5731,-23.2722],[27.5741,-23.2756],[27.5757,-23.2776],[27.5763,-23.2809],[27.5726,-23.2904],[27.5731,-23.2942],[27.5687,-23.2989],[27.568,-23.3003],[27.5683,-23.303],[27.5638,-23.3058],[27.5602,-23.3149],[27.5619,-23.3174],[27.5707,-23.326],[27.5684,-23.332],[27.5671,-23.3411],[27.5628,-23.3496],[27.5575,-23.3505],[27.5552,-23.3533],[27.555,-23.3555],[27.5539,-23.3571],[27.548,-23.3582],[27.5417,-23.365],[27.5385,-23.3658],[27.5366,-23.3757],[27.5323,-23.3778],[27.5286,-23.3828],[27.5287,-23.3853],[27.523,-23.3873],[27.5211,-23.387],[27.5186,-23.3854],[27.5138,-23.3855],[27.5044,-23.388],[27.4956,-23.3841],[27.4941,-23.3843],[27.4932,-23.387],[27.4828,-23.3846],[27.4806,-23.3861],[27.474,-23.3866],[27.4711,-23.3845],[27.4673,-23.3864],[27.4645,-23.3859],[27.4612,-23.384],[27.4584,-23.3838],[27.4553,-23.3858],[27.4508,-23.3857],[27.4484,-23.3865],[27.4453,-23.3849],[27.442,-23.3847],[27.4414,-23.3922],[27.435,-23.3979],[27.4333,-23.4129],[27.4306,-23.4164],[27.4306,-23.4186],[27.4283,-23.4247],[27.427,-23.4258],[27.4218,-23.4265],[27.4173,-23.4266],[27.41,-23.4243],[27.4052,-23.4199],[27.4037,-23.4158],[27.4012,-23.413],[27.401,-23.412],[27.4102,-23.3996],[27.4105,-23.3912],[27.4084,-23.3891],[27.3996,-23.3887],[27.3943,-23.3901],[27.3877,-23.39],[27.3857,-23.3911],[27.3833,-23.3947],[27.3772,-23.399],[27.3767,-23.4039],[27.373,-23.4077],[27.3728,-23.41],[27.3808,-23.4203],[27.3795,-23.4216],[27.3757,-23.4228],[27.3743,-23.4271],[27.371,-23.4266],[27.3581,-23.4278],[27.352,-23.4272],[27.3495,-23.426],[27.348,-23.4224],[27.3505,-23.4202],[27.3525,-23.4136],[27.3552,-23.4123],[27.3564,-23.4106],[27.3567,-23.4065],[27.3555,-23.4037],[27.357,-23.4024],[27.3566,-23.4],[27.353,-23.3979],[27.3488,-23.3975],[27.337,-23.4004],[27.3329,-23.4026],[27.3298,-23.4031],[27.3252,-23.4066],[27.3254,-23.4087],[27.3243,-23.4105],[27.3258,-23.4144],[27.325,-23.4171],[27.3201,-23.4207],[27.3189,-23.4238],[27.3167,-23.426],[27.3164,-23.429],[27.3127,-23.4309],[27.3118,-23.4336],[27.3126,-23.4344],[27.3156,-23.4351],[27.3152,-23.4376],[27.3133,-23.4386],[27.313,-23.4407],[27.3141,-23.4428],[27.3166,-23.4446],[27.3169,-23.4461],[27.3147,-23.4472],[27.3117,-23.4464],[27.3104,-23.4471],[27.3107,-23.4484],[27.3129,-23.4493],[27.3132,-23.4505],[27.311,-23.4523],[27.3084,-23.4509],[27.3054,-23.4532],[27.3057,-23.458],[27.3025,-23.463],[27.2949,-23.4601],[27.2876,-23.4623],[27.2869,-23.4631],[27.2869,-23.4655],[27.2843,-23.4706],[27.2793,-23.4721],[27.2745,-23.4751],[27.2672,-23.4779],[27.2636,-23.4781],[27.2604,-23.4722],[27.2586,-23.4723],[27.2552,-23.4772],[27.2519,-23.4785],[27.2466,-23.4786],[27.2428,-23.483],[27.2391,-23.4829],[27.2364,-23.4849],[27.2355,-23.4875],[27.2355,-23.4944],[27.2333,-23.4959],[27.2265,-23.4972],[27.2238,-23.4947],[27.2236,-23.4928],[27.2269,-23.4861],[27.227,-23.4855],[27.2261,-23.4851],[27.2191,-23.4869],[27.2161,-23.4886],[27.2093,-23.4899],[27.2073,-23.4921],[27.1924,-23.4981],[27.1935,-23.5012],[27.1928,-23.5091],[27.194,-23.5146],[27.1997,-23.5155],[27.2026,-23.519],[27.2091,-23.5214],[27.2109,-23.526],[27.2104,-23.5274],[27.2048,-23.5268],[27.2019,-23.5287],[27.2009,-23.5302],[27.2021,-23.5328],[27.201,-23.5343],[27.197,-23.5347],[27.1937,-23.5315],[27.1924,-23.5317],[27.1918,-23.534],[27.1882,-23.533],[27.1798,-23.5264],[27.1762,-23.5251],[27.1722,-23.5219],[27.1692,-23.5239],[27.1661,-23.5247],[27.1674,-23.5286],[27.1655,-23.5318],[27.1647,-23.5363],[27.1599,-23.537],[27.1589,-23.5362],[27.159,-23.5332],[27.158,-23.5333],[27.1564,-23.5354],[27.1548,-23.5346],[27.1544,-23.5304],[27.1488,-23.5258],[27.1479,-23.5237],[27.1437,-23.5248],[27.139,-23.5229],[27.1357,-23.5232],[27.1338,-23.5254],[27.1333,-23.5286],[27.1343,-23.5287],[27.1376,-23.5269],[27.1395,-23.5288],[27.1393,-23.53],[27.1365,-23.5313],[27.1348,-23.5336],[27.134,-23.5379],[27.1346,-23.5436],[27.14,-23.5533],[27.1484,-23.5513],[27.15,-23.5594],[27.1533,-23.5643],[27.1548,-23.5692],[27.1539,-23.5691],[27.1527,-23.5674],[27.1508,-23.5676],[27.1508,-23.5721],[27.1458,-23.5748],[27.1448,-23.5748],[27.1427,-23.5729],[27.1408,-23.5728],[27.1381,-23.5741],[27.1348,-23.5732],[27.1299,-23.5741],[27.1296,-23.5735],[27.1317,-23.5708],[27.1312,-23.5694],[27.1289,-23.5685],[27.1245,-23.5686],[27.1208,-23.5661],[27.1184,-23.5622],[27.1172,-23.5622],[27.1171,-23.5665],[27.1133,-23.5705],[27.1101,-23.5704],[27.1092,-23.5678],[27.108,-23.5674],[27.1073,-23.5732],[27.1083,-23.5791],[27.1065,-23.5833],[27.1086,-23.5903],[27.1076,-23.5919],[27.1072,-23.5955],[27.1055,-23.5974],[27.0997,-23.599],[27.0997,-23.6029],[27.0978,-23.603],[27.0965,-23.6013],[27.0941,-23.6006],[27.0896,-23.6007],[27.086,-23.5993],[27.0816,-23.5989],[27.0795,-23.6001],[27.0804,-23.6027],[27.0797,-23.6072],[27.0825,-23.609],[27.0843,-23.608],[27.0851,-23.609],[27.084,-23.6107],[27.08,-23.6135],[27.0764,-23.6147],[27.0736,-23.6145],[27.071,-23.6119],[27.0732,-23.6102],[27.0726,-23.6094],[27.0655,-23.6114],[27.0619,-23.6114],[27.0594,-23.6126],[27.0613,-23.6158],[27.0612,-23.6215],[27.063,-23.6256],[27.0649,-23.6273],[27.0668,-23.6256],[27.0688,-23.6256],[27.0699,-23.6301],[27.0743,-23.6321],[27.0753,-23.6338],[27.0752,-23.6358],[27.0772,-23.6371],[27.0787,-23.6404],[27.0812,-23.6433],[27.0813,-23.6445],[27.0794,-23.6457],[27.0789,-23.6481],[27.0811,-23.6518],[27.0813,-23.6551],[27.0776,-23.6539],[27.0746,-23.6548],[27.0746,-23.6559],[27.0775,-23.6576],[27.0778,-23.6608],[27.0737,-23.6637],[27.0707,-23.6706],[27.0644,-23.6709],[27.0588,-23.6762],[27.0512,-23.679],[27.0456,-23.6827],[27.0419,-23.6835],[27.038,-23.6827],[27.0317,-23.677],[27.0311,-23.6757],[27.0334,-23.6699],[27.035,-23.6677],[27.0366,-23.6565],[27.0357,-23.6559],[27.0329,-23.6569],[27.031,-23.6598],[27.0264,-23.6595],[27.022,-23.6563],[27.0211,-23.6547],[27.026,-23.651],[27.0257,-23.6445],[27.024,-23.6435],[27.0194,-23.6438],[27.0146,-23.6396],[27.0115,-23.6378],[27.0103,-23.638],[27.0081,-23.6427],[27.0029,-23.6443],[26.9997,-23.6524],[26.9982,-23.6528],[26.9972,-23.6518],[26.9957,-23.6524],[26.9971,-23.6559],[27.0009,-23.6578],[27.0008,-23.6607],[27.0027,-23.6652],[27.0018,-23.6702],[26.9993,-23.6719],[26.9978,-23.6772],[26.9991,-23.6804],[27.0005,-23.6811],[27.0025,-23.6864],[27.0022,-23.6885],[26.9952,-23.6904],[26.9932,-23.6919],[26.9895,-23.6927],[26.9877,-23.6943],[26.9794,-23.6966],[26.9711,-23.7028],[26.9735,-23.7071],[26.9743,-23.7134],[26.9701,-23.7163],[26.9698,-23.7195],[26.9683,-23.7234],[26.9704,-23.7259],[26.9705,-23.728],[26.9696,-23.729],[26.9666,-23.7298],[26.9667,-23.7336],[26.9646,-23.7361],[26.9646,-23.74],[26.9614,-23.7469],[26.9654,-23.7545],[26.9639,-23.7577],[26.9628,-23.7635],[26.9645,-23.7651],[26.9655,-23.7689],[26.9638,-23.7714],[26.9634,-23.7743],[26.964,-23.7771],[26.9633,-23.7786],[26.9575,-23.784],[26.9519,-23.794],[26.9532,-23.8001],[26.9534,-23.8055],[26.9491,-23.8139],[26.9488,-23.8235],[26.9545,-23.8261],[26.9588,-23.8304],[26.9562,-23.8327],[26.9509,-23.8415],[26.9463,-23.8419],[26.9398,-23.8439],[26.9323,-23.8511],[26.9339,-23.8568],[26.937,-23.8564],[26.9432,-23.8595],[26.9474,-23.8598],[26.951,-23.8627],[26.9539,-23.8671],[26.9552,-23.874],[26.9527,-23.8784],[26.9486,-23.8804],[26.9428,-23.8867],[26.9434,-23.89],[26.9413,-23.894],[26.9424,-23.8967],[26.9425,-23.9034],[26.9401,-23.905],[26.938,-23.9096],[26.93,-23.9185],[26.9278,-23.9224],[26.9317,-23.9368],[26.9311,-23.9408],[26.9325,-23.9518],[26.9322,-23.9554],[26.9268,-23.9613],[26.9237,-23.9632],[26.9214,-23.9637],[26.9192,-23.9672],[26.9146,-23.9714],[26.9121,-23.9819],[26.9126,-23.9855],[26.9113,-23.9871],[26.9111,-23.9889],[26.9128,-23.9962],[26.9106,-23.9995],[26.9101,-24.004],[26.9125,-24.012],[26.9093,-24.0284],[26.9038,-24.0327],[26.9004,-24.0382],[26.8942,-24.0446],[26.8892,-24.0548],[26.8884,-24.0589],[26.8889,-24.0742],[26.8848,-24.0895],[26.8817,-24.0941],[26.8722,-24.0978],[26.8632,-24.0997],[26.8602,-24.1066],[26.8603,-24.1083],[26.8629,-24.1103],[26.8642,-24.1124],[26.8676,-24.1239],[26.8617,-24.1385],[26.8665,-24.1436],[26.872,-24.1466],[26.8745,-24.147],[26.8761,-24.1531],[26.8791,-24.1601],[26.8787,-24.1656],[26.8759,-24.1691],[26.8715,-24.1714],[26.8655,-24.172],[26.8645,-24.1791],[26.8675,-24.1821],[26.8676,-24.1889],[26.8687,-24.1904],[26.8718,-24.1912],[26.8756,-24.1895],[26.8798,-24.1914],[26.8809,-24.1901],[26.8805,-24.1884],[26.8812,-24.1876],[26.8825,-24.1881],[26.8833,-24.1896],[26.8829,-24.1909],[26.8801,-24.1929],[26.8809,-24.1965],[26.8786,-24.1962],[26.8798,-24.1978],[26.8794,-24.201],[26.8772,-24.2042],[26.8749,-24.2048],[26.873,-24.2069],[26.8723,-24.2106],[26.871,-24.2125],[26.871,-24.2152],[26.8674,-24.2158],[26.8647,-24.2152],[26.863,-24.2168],[26.8621,-24.2163],[26.8616,-24.2176],[26.8626,-24.2197],[26.8593,-24.2231],[26.8598,-24.2239],[26.8592,-24.2248],[26.8602,-24.2253],[26.8611,-24.2283],[26.8605,-24.2299],[26.8615,-24.2297],[26.8618,-24.2315],[26.8639,-24.2306],[26.8634,-24.2326],[26.8646,-24.2351],[26.8625,-24.2362],[26.8626,-24.238],[26.866,-24.2392],[26.8673,-24.2419],[26.8668,-24.2427],[26.8691,-24.2441],[26.8685,-24.245],[26.8653,-24.2457],[26.8664,-24.248],[26.8644,-24.2495],[26.8659,-24.251],[26.8627,-24.2513],[26.8623,-24.2523],[26.8595,-24.2531],[26.8591,-24.2554],[26.8575,-24.2549],[26.8548,-24.2597],[26.8561,-24.2604],[26.8554,-24.2611],[26.8557,-24.2635],[26.8541,-24.2637],[26.8537,-24.2622],[26.8527,-24.2632],[26.8513,-24.263],[26.8517,-24.2643],[26.85,-24.265],[26.8514,-24.2675],[26.8505,-24.2677],[26.8495,-24.2663],[26.8496,-24.2671],[26.8485,-24.2674],[26.8473,-24.2696],[26.8457,-24.2692],[26.8444,-24.273],[26.8427,-24.2744],[26.8408,-24.2747],[26.8389,-24.2709],[26.8385,-24.2726],[26.8356,-24.2734],[26.834,-24.2701],[26.8334,-24.271],[26.8343,-24.2721],[26.8328,-24.2742],[26.831,-24.2733],[26.8311,-24.2718],[26.8302,-24.2722],[26.8286,-24.2707],[26.8277,-24.2715],[26.829,-24.2722],[26.829,-24.273],[26.8269,-24.2732],[26.8263,-24.272],[26.825,-24.273],[26.8245,-24.2773],[26.8233,-24.2797],[26.8223,-24.2797],[26.8224,-24.2783],[26.8188,-24.2792],[26.8194,-24.2819],[26.8165,-24.2846],[26.8144,-24.2852],[26.8156,-24.2866],[26.8141,-24.2865],[26.8129,-24.2853],[26.8125,-24.2861],[26.8108,-24.2855],[26.8099,-24.2882],[26.809,-24.2873],[26.8077,-24.2876],[26.8084,-24.2894],[26.8054,-24.2877],[26.8046,-24.2888],[26.8014,-24.2881],[26.8019,-24.2906],[26.8033,-24.2919],[26.8022,-24.292],[26.8028,-24.2937],[26.8019,-24.2944],[26.803,-24.2964],[26.8007,-24.2983],[26.8008,-24.2998],[26.7975,-24.2986],[26.7979,-24.3009],[26.7954,-24.3004],[26.7922,-24.3018],[26.7897,-24.3013],[26.7888,-24.302],[26.789,-24.3034],[26.7858,-24.3066],[26.7839,-24.3054],[26.7841,-24.3035],[26.7816,-24.299],[26.7807,-24.3003],[26.7779,-24.3002],[26.7768,-24.3013],[26.7757,-24.3007],[26.7765,-24.3022],[26.7753,-24.3025],[26.7754,-24.3036],[26.7733,-24.3051],[26.771,-24.3047],[26.7668,-24.3058],[26.7653,-24.3044],[26.7635,-24.3057],[26.7625,-24.3104],[26.7606,-24.3102],[26.7564,-24.3117],[26.7545,-24.3112],[26.754,-24.3116],[26.755,-24.3126],[26.7536,-24.3123],[26.7519,-24.3132],[26.7507,-24.3121],[26.7476,-24.3124],[26.7462,-24.3114],[26.7459,-24.3101],[26.7476,-24.3074],[26.7471,-24.3065],[26.744,-24.3059],[26.742,-24.3044],[26.7412,-24.3067],[26.7392,-24.3043],[26.735,-24.3048],[26.7334,-24.3041],[26.7311,-24.3085],[26.729,-24.3089],[26.7309,-24.3102],[26.731,-24.3111],[26.7286,-24.3115],[26.7296,-24.3125],[26.7277,-24.3128],[26.7279,-24.315],[26.727,-24.3153],[26.7264,-24.3136],[26.7236,-24.3152],[26.7228,-24.3165],[26.7216,-24.3164],[26.721,-24.3173],[26.7201,-24.3167],[26.7206,-24.3191],[26.7201,-24.3198],[26.719,-24.32],[26.7181,-24.3187],[26.7172,-24.3199],[26.7165,-24.3189],[26.7156,-24.3206],[26.7134,-24.3208],[26.7125,-24.3201],[26.7113,-24.3209],[26.7116,-24.3192],[26.7099,-24.3182],[26.7096,-24.32],[26.7076,-24.3202],[26.709,-24.3216],[26.706,-24.3204],[26.7039,-24.322],[26.7052,-24.3248],[26.7021,-24.3255],[26.7019,-24.3289],[26.7008,-24.3304],[26.7025,-24.3323],[26.7015,-24.3321],[26.7006,-24.3332],[26.7026,-24.3348],[26.6969,-24.3357],[26.697,-24.3392],[26.6937,-24.3377],[26.6903,-24.3381],[26.6894,-24.3367],[26.6869,-24.3385],[26.6852,-24.3381],[26.6838,-24.3403],[26.6841,-24.342],[26.6825,-24.3427],[26.6815,-24.3418],[26.6757,-24.344],[26.6755,-24.3461],[26.6766,-24.345],[26.6776,-24.3463],[26.6766,-24.3485],[26.6748,-24.3487],[26.6757,-24.3512],[26.6742,-24.3502],[26.674,-24.3518],[26.6724,-24.3512],[26.671,-24.3546],[26.6686,-24.3536],[26.6702,-24.3559],[26.6678,-24.3551],[26.6682,-24.3564],[26.6666,-24.3573],[26.6677,-24.3576],[26.6672,-24.3605],[26.6647,-24.361],[26.6641,-24.362],[26.6657,-24.362],[26.6681,-24.3669],[26.6692,-24.3667],[26.6701,-24.3677],[26.669,-24.3689],[26.6687,-24.3729],[26.6675,-24.373],[26.667,-24.3719],[26.6652,-24.3737],[26.6653,-24.3744],[26.6669,-24.3739],[26.6671,-24.3744],[26.6647,-24.3775],[26.6661,-24.3776],[26.6657,-24.3787],[26.6629,-24.3795],[26.6641,-24.3801],[26.6637,-24.3812],[26.6613,-24.3805],[26.6608,-24.3818],[26.6589,-24.3809],[26.658,-24.3812],[26.6573,-24.3826],[26.6588,-24.385],[26.6558,-24.386],[26.6541,-24.3844],[26.6521,-24.3839],[26.6511,-24.3844],[26.6466,-24.3818],[26.6454,-24.383],[26.6441,-24.383],[26.6444,-24.3845],[26.6356,-24.3875],[26.6373,-24.3902],[26.6354,-24.3899],[26.6352,-24.3911],[26.6361,-24.392],[26.6346,-24.392],[26.6343,-24.3941],[26.6327,-24.3956],[26.6297,-24.394],[26.628,-24.3948],[26.6256,-24.3937],[26.6229,-24.3951],[26.6191,-24.3994],[26.6182,-24.3984],[26.6171,-24.3984],[26.6139,-24.4025],[26.6142,-24.4039],[26.6131,-24.4066],[26.6086,-24.4071],[26.6055,-24.4095],[26.6031,-24.4103],[26.6001,-24.409],[26.5992,-24.41],[26.5975,-24.4102],[26.5975,-24.409],[26.596,-24.4085],[26.5946,-24.4102],[26.5902,-24.4092],[26.5876,-24.4106],[26.5877,-24.4113],[26.5897,-24.4114],[26.5898,-24.4123],[26.5882,-24.4127],[26.588,-24.416],[26.5862,-24.4207],[26.5853,-24.4223],[26.5822,-24.4222],[26.5816,-24.4229],[26.5818,-24.4263],[26.5835,-24.4256],[26.5841,-24.4264],[26.5814,-24.429],[26.5795,-24.4294],[26.5789,-24.4285],[26.5752,-24.431],[26.5737,-24.4329],[26.5762,-24.4332],[26.5746,-24.4346],[26.5713,-24.4336],[26.5684,-24.4354],[26.5656,-24.4361],[26.5677,-24.4364],[26.5682,-24.438],[26.566,-24.4392],[26.5668,-24.4404],[26.5658,-24.4426],[26.566,-24.4445],[26.5624,-24.4478],[26.5597,-24.4536],[26.5549,-24.4515],[26.5527,-24.4518],[26.5509,-24.4544],[26.5516,-24.4566],[26.5502,-24.461],[26.547,-24.4638],[26.5467,-24.4654],[26.5453,-24.4656],[26.5431,-24.4636],[26.5407,-24.4634],[26.5381,-24.4662],[26.5386,-24.4696],[26.5374,-24.4703],[26.5372,-24.4723],[26.536,-24.4727],[26.5363,-24.4751],[26.534,-24.4755],[26.5331,-24.4766],[26.5282,-24.4763],[26.5282,-24.4776],[26.53,-24.4776],[26.5292,-24.479],[26.5266,-24.4785],[26.5213,-24.482],[26.5194,-24.4842],[26.5157,-24.4847],[26.5133,-24.4871],[26.5103,-24.488],[26.5117,-24.4952],[26.5096,-24.4946],[26.5096,-24.4983],[26.511,-24.4995],[26.5102,-24.5027],[26.5084,-24.5048],[26.5065,-24.5049],[26.506,-24.5069],[26.5029,-24.5064],[26.5015,-24.5084],[26.5011,-24.51],[26.5028,-24.5106],[26.5011,-24.5138],[26.5016,-24.5156],[26.5006,-24.5178],[26.5002,-24.5228],[26.4976,-24.5258],[26.4966,-24.53],[26.4925,-24.5344],[26.4927,-24.536],[26.4897,-24.5386],[26.4901,-24.5419],[26.488,-24.5457],[26.4886,-24.5482],[26.4877,-24.5511],[26.4812,-24.557],[26.4806,-24.5621],[26.4821,-24.5669],[26.4716,-24.5882],[26.4694,-24.5911],[26.4616,-24.5962],[26.4584,-24.6007],[26.4559,-24.6061],[26.4518,-24.6106],[26.4474,-24.6131],[26.4439,-24.6117],[26.4415,-24.6119],[26.4394,-24.6152],[26.4331,-24.6185],[26.4299,-24.6186],[26.4282,-24.6195],[26.4263,-24.6178],[26.4222,-24.6251],[26.4214,-24.634],[26.4153,-24.6408],[26.4101,-24.6438],[26.4077,-24.6489],[26.408,-24.6501],[26.4114,-24.652],[26.4186,-24.655],[26.4264,-24.6569],[26.4276,-24.6582],[26.427,-24.6652],[26.4237,-24.6678],[26.4218,-24.6708],[26.4228,-24.6817],[26.4213,-24.6916],[26.4224,-24.6933],[26.4262,-24.6945],[26.4272,-24.6967],[26.4234,-24.7045],[26.423,-24.7099],[26.4197,-24.716],[26.4222,-24.719],[26.4226,-24.7206],[26.4209,-24.725],[26.4182,-24.729],[26.42,-24.7352],[26.426,-24.7461],[26.4277,-24.7513],[26.4271,-24.7529],[26.4282,-24.7538],[26.4269,-24.7579],[26.4291,-24.7618],[26.4297,-24.7654],[26.426,-24.7702],[26.426,-24.7712],[26.4272,-24.7732],[26.43,-24.7751],[26.4319,-24.779],[26.4354,-24.7829],[26.4386,-24.7845],[26.4436,-24.7901],[26.4468,-24.7918],[26.4486,-24.792],[26.4523,-24.7891],[26.454,-24.7888],[26.457,-24.7891],[26.4595,-24.7905],[26.4616,-24.7953],[26.4613,-24.8001],[26.4583,-24.8095],[26.5286,-24.8138],[26.5665,-24.8199],[26.601,-24.8158],[26.622,-24.8099],[26.6604,-24.8396],[26.6993,-24.8673],[26.7051,-24.857],[26.7513,-24.883],[26.7662,-24.8602],[26.7795,-24.8377],[26.7918,-24.8341],[26.9035,-24.7958],[26.9433,-24.7814],[26.9427,-24.7763],[26.9807,-24.7758],[26.9759,-24.7207],[27.0263,-24.7186],[27.0412,-24.887],[27.1012,-24.9],[27.1439,-24.9461],[27.1541,-24.979],[27.1834,-24.9485],[27.2261,-24.9639],[27.2091,-24.9956],[27.2035,-25.0332],[27.2317,-25.0361],[27.2236,-25.0674],[27.2719,-25.0367],[27.3136,-25.0421],[27.337,-25.0878],[27.3825,-25.08],[27.4246,-25.0689],[27.4313,-25.082],[27.4818,-25.0671],[27.4869,-25.0784],[27.498,-25.0732],[27.5212,-25.076],[27.5212,-25.0797],[27.5262,-25.0802],[27.5339,-25.0832],[27.5323,-25.0944],[27.5428,-25.098],[27.5436,-25.0959],[27.5653,-25.0827],[27.5654,-25.0797],[27.5598,-25.0773],[27.5678,-25.0594],[27.594,-25.0294],[27.5975,-24.9849],[27.6286,-24.9737],[27.6847,-24.9858],[27.6873,-24.9943],[27.706,-24.9897],[27.7389,-24.9831],[27.7591,-24.9689],[27.7889,-24.9665],[27.8217,-24.9746],[27.8331,-24.9735],[27.8867,-24.9883],[27.9129,-24.9911],[27.9465,-25.0012],[27.955,-24.9702],[27.9752,-24.9657],[27.9836,-24.9578],[27.9976,-24.9735],[28.0178,-24.974],[28.037,-24.9853],[28.0379,-24.9838],[28.0801,-24.9795],[28.12,-24.9795],[28.1252,-25.0048],[28.1587,-25.0206],[28.2598,-25.0504],[28.217,-25.113],[28.2171,-25.1229],[28.215,-25.1281],[28.1983,-25.1276],[28.1738,-25.12],[28.1751,-25.1136],[28.1539,-25.0868],[28.1366,-25.0933],[28.1179,-25.0981],[28.0839,-25.1004],[28.0944,-25.1485],[28.129,-25.1457],[28.1328,-25.1733],[28.1357,-25.2056],[28.1647,-25.2094],[28.1695,-25.2094],[28.2112,-25.1981],[28.2463,-25.2128],[28.2599,-25.2387],[28.2982,-25.2932],[28.2982,-25.3104],[28.3792,-25.2921],[28.3826,-25.3211],[28.4337,-25.3224],[28.4393,-25.3102],[28.5036,-25.3088],[28.5012,-25.2654],[28.5133,-25.2561],[28.5643,-25.2521],[28.5637,-25.2494],[28.5948,-25.2494],[28.6029,-25.2542],[28.6047,-25.2535],[28.6044,-25.2521],[28.6313,-25.2802],[28.6326,-25.28],[28.6593,-25.2348],[28.6643,-25.2518],[28.6712,-25.2477],[28.67,-25.2458],[28.6699,-25.2426],[28.6691,-25.2414],[28.6729,-25.2385],[28.6734,-25.2364],[28.6755,-25.235],[28.6756,-25.227],[28.6773,-25.2261],[28.6799,-25.2202],[28.6789,-25.2181],[28.6768,-25.217],[28.6789,-25.2129],[28.6786,-25.2108],[28.6553,-25.2135],[28.6381,-25.1866],[28.6381,-25.1839],[28.6159,-25.1516],[28.6516,-25.1429],[28.6489,-25.1129],[28.635,-25.1183],[28.6361,-25.1281],[28.5967,-25.1385],[28.5961,-25.1426],[28.5366,-25.1524],[28.5321,-25.1698],[28.4977,-25.1818],[28.4616,-25.2015],[28.4514,-25.2033],[28.3869,-25.2134],[28.411,-25.2048],[28.3919,-25.1641],[28.3793,-25.1553],[28.4005,-25.1478],[28.443,-25.129],[28.4466,-25.1359],[28.4952,-25.1318],[28.4737,-25.0893],[28.6069,-25.0704],[28.6095,-25.0599],[28.6343,-25.0582],[28.6191,-25.0308],[28.6057,-25.0034],[28.6338,-24.9844],[28.6589,-24.9722],[28.6884,-24.9628],[28.7138,-24.9536],[28.7594,-24.9113],[28.8374,-24.916],[28.8464,-24.9333],[28.8827,-24.9179],[28.9241,-24.9015],[28.937,-24.9228],[28.9418,-24.9336],[28.8916,-24.9555],[28.9094,-24.9955],[28.9053,-24.9959],[28.9103,-25.0071],[28.9349,-25.0],[28.9462,-25.017],[28.9569,-25.0408],[28.9717,-25.0702],[28.9754,-25.0687],[28.9764,-25.0708],[29.0188,-25.0549],[29.0707,-25.0655],[29.0857,-25.0888],[29.0903,-25.0918],[29.085,-25.0977],[29.0883,-25.1036],[29.0913,-25.1002],[29.0943,-25.1032],[29.0979,-25.1002],[29.1016,-25.1027],[29.1058,-25.1004],[29.1284,-25.113],[29.0869,-25.1365],[29.0898,-25.1484],[29.0425,-25.1405],[29.0449,-25.2022],[29.0318,-25.2509],[29.0414,-25.261],[29.0349,-25.2646],[29.0384,-25.2765],[29.0503,-25.2802],[29.0565,-25.2793],[29.0728,-25.2869],[29.0761,-25.2846],[29.0827,-25.2871],[29.0844,-25.2929],[29.0902,-25.2894],[29.0959,-25.3212],[29.1184,-25.3132],[29.167,-25.3034],[29.1706,-25.3124],[29.1746,-25.3185],[29.1641,-25.3545],[29.142,-25.3858],[29.1313,-25.3902],[29.1957,-25.3703],[29.2073,-25.4146],[29.2375,-25.4023],[29.243,-25.4036],[29.2531,-25.3835],[29.2644,-25.3755],[29.3214,-25.3799],[29.3421,-25.3731],[29.35,-25.4046],[29.399,-25.4148],[29.4,-25.4141],[29.453,-25.4065],[29.4528,-25.4072],[29.5188,-25.4228],[29.5226,-25.405],[29.587,-25.3952],[29.6128,-25.4006],[29.6739,-25.3722],[29.7277,-25.3842],[29.7559,-25.3951],[29.7702,-25.4015],[29.7932,-25.3621],[29.8171,-25.362],[29.8201,-25.3607],[29.8203,-25.3589],[29.8226,-25.361],[29.8229,-25.3623],[29.8245,-25.3617],[29.8258,-25.3621],[29.8273,-25.365],[29.8304,-25.3647],[29.832,-25.3655],[29.8327,-25.37],[29.8352,-25.3746],[29.8373,-25.3768],[29.8373,-25.3818],[29.84,-25.3844],[29.8403,-25.3863],[29.8878,-25.3643],[29.8879,-25.3386],[29.9376,-25.331],[30.0062,-25.3403],[30.0007,-25.2795],[30.0091,-25.2495],[30.0129,-25.231],[30.0098,-25.2313],[30.0054,-25.1444],[29.979,-25.0921],[30.0298,-25.0846],[30.0299,-25.0641],[30.0567,-25.0827],[30.0902,-25.1081],[30.0909,-25.1255],[30.1212,-25.1209],[30.1444,-25.1238],[30.1444,-25.0912],[30.1486,-25.0899],[30.1485,-25.0323],[30.1593,-25.028],[30.1987,-25.0364],[30.1972,-25.0309],[30.1792,-24.9991],[30.1795,-24.9896],[30.1721,-24.9892],[30.1717,-24.9698],[30.1785,-24.9221],[30.192,-24.8555],[30.1985,-24.8568],[30.2973,-24.8677],[30.3068,-24.8815],[30.3063,-24.8843],[30.308,-24.885],[30.3089,-24.8827],[30.3117,-24.8838],[30.3124,-24.8825],[30.31,-24.8806],[30.3099,-24.8778],[30.3086,-24.8754],[30.3089,-24.8738],[30.3109,-24.8729],[30.3164,-24.8748],[30.3529,-24.8834],[30.3542,-24.8493],[30.3965,-24.8712],[30.3986,-24.8683],[30.3966,-24.865],[30.396,-24.861],[30.394,-24.8608],[30.3916,-24.8623],[30.3897,-24.8603],[30.3908,-24.8521],[30.3898,-24.8494],[30.4251,-24.8549],[30.438,-24.8643],[30.4515,-24.912],[30.4942,-24.9533],[30.4963,-24.9147],[30.5629,-24.8965],[30.5812,-24.9169],[30.58,-24.8874],[30.6084,-24.8724],[30.6187,-24.8442],[30.6349,-24.8528],[30.6562,-24.8117],[30.6642,-24.7746],[30.6337,-24.7585],[30.6366,-24.7341],[30.6786,-24.7358],[30.6855,-24.7324],[30.7201,-24.7052],[30.7097,-24.6674],[30.6792,-24.6237],[30.7016,-24.5864],[30.7303,-24.6087],[30.7323,-24.5481],[30.7302,-24.4985],[30.759,-24.4602],[30.7993,-24.4989],[30.8717,-24.5385],[30.9089,-24.5258],[30.9543,-24.5213],[30.9593,-24.5821],[31.0537,-24.5703],[31.1111,-24.5661],[31.2262,-24.556],[31.2537,-24.4991],[31.2032,-24.4265],[31.16,-24.4374],[31.16,-24.3756],[31.242,-24.3654],[31.2001,-24.3049],[31.1525,-24.3187],[31.1022,-24.3237],[31.056,-24.3219],[31.0604,-24.2718],[31.0544,-24.2319],[31.0499,-24.1873],[31.1073,-24.1457],[31.0962,-24.1174],[31.1151,-24.1192],[31.1206,-24.0903],[31.086,-24.0945],[31.0634,-24.0915],[31.0669,-24.0896],[31.0721,-24.0833],[31.0806,-24.0797],[31.0943,-24.0755],[31.099,-24.0716],[31.1016,-24.0706],[31.1206,-24.0682],[31.1243,-24.0692],[31.1293,-24.0729],[31.1338,-24.0737],[31.1471,-24.0697],[31.1626,-24.06],[31.1699,-24.0586],[31.171,-24.0562],[31.1705,-24.0498],[31.1713,-24.0442],[31.1734,-24.0391],[31.1757,-24.0364],[31.1882,-24.0317],[31.1934,-24.031],[31.1968,-24.0327],[31.2015,-24.0378],[31.206,-24.041],[31.22,-24.0456],[31.2283,-24.0516],[31.2347,-24.0576],[31.2452,-24.0714],[31.247,-24.075],[31.2497,-24.0896],[31.2523,-24.0977],[31.2543,-24.1],[31.2573,-24.101],[31.2641,-24.0998],[31.2751,-24.0938],[31.2836,-24.0858],[31.2876,-24.0797],[31.2935,-24.0744],[31.2964,-24.0732],[31.3016,-24.0738],[31.3132,-24.0813],[31.3177,-24.0829],[31.3206,-24.0826],[31.3495,-24.0727],[31.36,-24.0712],[31.3651,-24.0685],[31.3736,-24.0575],[31.3791,-24.0522],[31.3835,-24.0513],[31.3864,-24.0522],[31.3901,-24.0622],[31.3926,-24.0658],[31.3956,-24.0676],[31.399,-24.0675],[31.409,-24.0629],[31.42,-24.0564],[31.4281,-24.0545],[31.4312,-24.0523],[31.436,-24.0467],[31.4406,-24.0383],[31.4409,-24.021],[31.4476,-24.0199],[31.4596,-24.0283],[31.4625,-24.0296],[31.482,-24.0316],[31.4934,-24.0369],[31.5055,-24.0408],[31.5099,-24.0432],[31.5209,-24.0543],[31.5291,-24.0567],[31.5379,-24.0559],[31.5426,-24.054],[31.5437,-24.0508],[31.5446,-24.0424],[31.5487,-24.0372],[31.5521,-24.0356],[31.5611,-24.0336],[31.5682,-24.0331],[31.571,-24.0344],[31.5737,-24.0373],[31.5803,-24.0471],[31.5869,-24.0528],[31.5947,-24.0564],[31.5981,-24.0563],[31.6059,-24.0506],[31.6083,-24.0476],[31.6092,-24.0451],[31.6096,-24.0363],[31.6209,-24.0232],[31.6267,-24.0198],[31.6326,-24.0179],[31.6524,-24.0142],[31.6593,-24.0141],[31.663,-24.0149],[31.666,-24.0167],[31.6688,-24.0209],[31.6743,-24.043],[31.6774,-24.0499],[31.6787,-24.0551],[31.68,-24.0566],[31.6837,-24.0595],[31.7019,-24.0599],[31.7187,-24.0568],[31.7317,-24.0497],[31.7358,-24.0461],[31.7376,-24.039],[31.7373,-24.0321],[31.7336,-24.0184],[31.7335,-24.0145],[31.7349,-24.0113],[31.7371,-24.0088],[31.7466,-24.0035],[31.7518,-23.9976],[31.77,-23.9832],[31.7764,-23.9812],[31.7827,-23.9821],[31.7875,-23.9865],[31.7916,-23.9884],[31.7946,-23.9919],[31.8012,-23.9941],[31.8047,-23.9972],[31.8125,-23.9993],[31.8204,-23.9984],[31.8221,-23.9965],[31.8224,-23.993],[31.8216,-23.9908],[31.825,-23.9862],[31.8289,-23.986],[31.8327,-23.9869],[31.8449,-23.9859],[31.8527,-23.9868],[31.8838,-23.9846],[31.8809,-23.9679],[31.8807,-23.955],[31.7692,-23.8878],[31.6974,-23.7219],[31.6906,-23.6294],[31.6658,-23.5914],[31.561,-23.482],[31.5507,-23.4103],[31.5559,-23.269],[31.5592,-23.2312],[31.5611,-23.2287],[31.5636,-23.1982],[31.5458,-23.1372],[31.3074,-22.4234],[31.3094,-22.422],[31.2992,-22.4129],[31.2902,-22.4072],[31.2871,-22.4044],[31.2783,-22.3904],[31.276,-22.3847],[31.2738,-22.3751],[31.269,-22.368],[31.2631,-22.3649],[31.2495,-22.3629],[31.2401,-22.3645],[31.2306,-22.3678],[31.2209,-22.3698],[31.217,-22.3698],[31.2131,-22.3687],[31.2009,-22.3608],[31.1962,-22.3541],[31.1904,-22.3426],[31.1874,-22.3389],[31.1741,-22.3315],[31.1636,-22.3286],[31.1565,-22.3286],[31.141,-22.3319],[31.1182,-22.3396],[31.1149,-22.3414],[31.1077,-22.3434],[31.0976,-22.3477],[31.0884,-22.349],[31.0828,-22.3478],[31.0648,-22.3407],[31.0501,-22.3371],[31.0272,-22.3275],[31.022,-22.3245],[30.9997,-22.3164],[30.9971,-22.3165],[30.9954,-22.3175],[30.9929,-22.3241],[30.9901,-22.3266],[30.9865,-22.3276],[30.9809,-22.3276],[30.9762,-22.3262],[30.9732,-22.3237],[30.9708,-22.3178],[30.9687,-22.3149],[30.9632,-22.3141],[30.9589,-22.3149],[30.9463,-22.3151],[30.9411,-22.312],[30.9338,-22.303],[30.9301,-22.3012],[30.9172,-22.3007],[30.9081,-22.2973],[30.9002,-22.2964],[30.8855,-22.3043],[30.8824,-22.3047],[30.8698,-22.2986],[30.8586,-22.2969],[30.8411,-22.2924],[30.8354,-22.292],[30.8112,-22.2967],[30.7959,-22.301],[30.7869,-22.3015],[30.7744,-22.3043],[30.7603,-22.3042],[30.7498,-22.3079],[30.7319,-22.3094],[30.7257,-22.3109],[30.713,-22.3163],[30.7086,-22.3171],[30.7014,-22.3167],[30.6694,-22.3106],[30.6633,-22.311],[30.6577,-22.3129],[30.6526,-22.3161],[30.6391,-22.3323],[30.6362,-22.3346],[30.6317,-22.3363],[30.6261,-22.3363],[30.6231,-22.3354],[30.616,-22.3307],[30.6072,-22.323],[30.6024,-22.3212],[30.5948,-22.3197],[30.5809,-22.3189],[30.5671,-22.3216],[30.5626,-22.3242],[30.5577,-22.3298],[30.5546,-22.3315],[30.5528,-22.3316],[30.5174,-22.323],[30.5059,-22.3226],[30.4938,-22.3172],[30.4894,-22.3163],[30.4831,-22.3169],[30.4757,-22.3191],[30.4522,-22.3315],[30.4407,-22.3356],[30.428,-22.3389],[30.3992,-22.3447],[30.3823,-22.3509],[30.3784,-22.3513],[30.3611,-22.3482],[30.3533,-22.3486],[30.3432,-22.3505],[30.3361,-22.3506],[30.3164,-22.3477],[30.3102,-22.3498],[30.302,-22.3544],[30.2953,-22.3561],[30.2902,-22.3562],[30.2829,-22.354],[30.2737,-22.3469],[30.2663,-22.3374],[30.2576,-22.3207],[30.2552,-22.318],[30.2497,-22.3141],[30.2498,-22.3134],[30.2406,-22.3084],[30.2392,-22.3068],[30.2363,-22.2998],[30.2345,-22.2977],[30.2311,-22.2959],[30.2275,-22.295],[30.2217,-22.2949],[30.2032,-22.2965],[30.1932,-22.2961],[30.1574,-22.2998],[30.1502,-22.3019],[30.133,-22.311],[30.1262,-22.311],[30.1216,-22.3087],[30.1013,-22.2867],[30.092,-22.2814],[30.0826,-22.2779],[30.0758,-22.2743],[30.0628,-22.2606],[30.0581,-22.2571],[30.0547,-22.2556],[30.0505,-22.2549],[30.0315,-22.256],[30.0256,-22.2536],[30.0219,-22.2498],[30.0196,-22.2446],[30.0192,-22.2414],[30.0199,-22.2334],[30.0189,-22.2305],[30.0176,-22.2289],[30.0113,-22.2274],[30.0,-22.2279],[29.9998,-22.2288],[29.9886,-22.2249],[29.9819,-22.2235],[29.9699,-22.2242],[29.9606,-22.213],[29.9534,-22.2092],[29.9398,-22.2002],[29.9352,-22.1962],[29.9257,-22.1899],[29.9224,-22.1891],[29.916,-22.1896],[29.9072,-22.1909],[29.8903,-22.1952],[29.8845,-22.1946],[29.8777,-22.191],[29.8599,-22.1752],[29.8531,-22.1744],[29.8311,-22.175],[29.814,-22.1695],[29.8052,-22.1655],[29.798,-22.1575],[29.7736,-22.1414],[29.766,-22.1405],[29.7395,-22.1418],[29.7319,-22.1413],[29.7166,-22.1434],[29.7002,-22.1371],[29.6922,-22.1364],[29.677,-22.139],[29.6726,-22.1388],[29.6701,-22.1373],[29.6628,-22.1276],[29.6588,-22.1254],[29.6552,-22.1251]]]},"properties":{"OBJECTID_12":5,"OBJECTID_1":5,"OBJECTID":5,"CODE":"LIM","PROVINCE":"Limpopo","GISDB.LDR.Provinces.Area":125754.52667000001,"Country":"South Africa","Shape_Leng":21.859563919999999,"Shape_STAr":11.141413350000001,"Shape_STLe":21.859563919999999,"Shape.STArea()":11.141413346199956,"Shape.STLength()":21.859563919297312}},{"type":"Feature","id":6,"geometry":{"type":"Polygon","coordinates":[[[31.8095,-23.9988],[31.8047,-23.9972],[31.8012,-23.9941],[31.7946,-23.9919],[31.7916,-23.9884],[31.7875,-23.9865],[31.7827,-23.9821],[31.7764,-23.9812],[31.77,-23.9832],[31.7518,-23.9976],[31.7466,-24.0035],[31.7371,-24.0088],[31.7349,-24.0113],[31.7335,-24.0145],[31.7336,-24.0184],[31.7373,-24.0321],[31.7376,-24.039],[31.7358,-24.0461],[31.7317,-24.0497],[31.7187,-24.0568],[31.7019,-24.0599],[31.6837,-24.0595],[31.68,-24.0566],[31.6787,-24.0551],[31.6774,-24.0499],[31.6743,-24.043],[31.6688,-24.0209],[31.666,-24.0167],[31.663,-24.0149],[31.6593,-24.0141],[31.6524,-24.0142],[31.6326,-24.0179],[31.6267,-24.0198],[31.6209,-24.0232],[31.6096,-24.0363],[31.6092,-24.0451],[31.6083,-24.0476],[31.6059,-24.0506],[31.5981,-24.0563],[31.5947,-24.0564],[31.5869,-24.0528],[31.5803,-24.0471],[31.5737,-24.0373],[31.571,-24.0344],[31.5682,-24.0331],[31.5611,-24.0336],[31.5521,-24.0356],[31.5487,-24.0372],[31.5446,-24.0424],[31.5437,-24.0508],[31.5426,-24.054],[31.5379,-24.0559],[31.5291,-24.0567],[31.5209,-24.0543],[31.5099,-24.0432],[31.5055,-24.0408],[31.4934,-24.0369],[31.482,-24.0316],[31.4625,-24.0296],[31.4596,-24.0283],[31.4476,-24.0199],[31.4409,-24.021],[31.4406,-24.0383],[31.436,-24.0467],[31.4312,-24.0523],[31.4281,-24.0545],[31.42,-24.0564],[31.409,-24.0629],[31.399,-24.0675],[31.3956,-24.0676],[31.3926,-24.0658],[31.3901,-24.0622],[31.3864,-24.0522],[31.3835,-24.0513],[31.3791,-24.0522],[31.3736,-24.0575],[31.3651,-24.0685],[31.36,-24.0712],[31.3495,-24.0727],[31.3206,-24.0826],[31.3177,-24.0829],[31.3132,-24.0813],[31.3016,-24.0738],[31.2964,-24.0732],[31.2935,-24.0744],[31.2876,-24.0797],[31.2836,-24.0858],[31.2751,-24.0938],[31.2641,-24.0998],[31.2573,-24.101],[31.2543,-24.1],[31.2523,-24.0977],[31.2497,-24.0896],[31.247,-24.075],[31.2452,-24.0714],[31.2347,-24.0576],[31.2283,-24.0516],[31.22,-24.0456],[31.206,-24.041],[31.2015,-24.0378],[31.1968,-24.0327],[31.1934,-24.031],[31.1882,-24.0317],[31.1757,-24.0364],[31.1734,-24.0391],[31.1713,-24.0442],[31.1705,-24.0498],[31.171,-24.0562],[31.1699,-24.0586],[31.1626,-24.06],[31.1471,-24.0697],[31.1338,-24.0737],[31.1293,-24.0729],[31.1243,-24.0692],[31.1206,-24.0682],[31.1016,-24.0706],[31.099,-24.0716],[31.0943,-24.0755],[31.0806,-24.0797],[31.0719,-24.0835],[31.0669,-24.0896],[31.0634,-24.0915],[31.086,-24.0945],[31.1206,-24.0903],[31.1151,-24.1192],[31.0962,-24.1174],[31.1073,-24.1457],[31.0499,-24.1873],[31.0544,-24.2319],[31.0604,-24.2718],[31.056,-24.3219],[31.1022,-24.3237],[31.1525,-24.3187],[31.2001,-24.3049],[31.242,-24.3654],[31.16,-24.3756],[31.16,-24.4374],[31.2032,-24.4265],[31.2537,-24.4991],[31.2262,-24.556],[31.1111,-24.5661],[31.0537,-24.5703],[30.9593,-24.5821],[30.9543,-24.5213],[30.9089,-24.5258],[30.8717,-24.5385],[30.7993,-24.4989],[30.759,-24.4602],[30.7302,-24.4985],[30.7323,-24.5481],[30.7303,-24.6087],[30.7016,-24.5864],[30.6792,-24.6237],[30.7097,-24.6674],[30.7201,-24.7052],[30.6855,-24.7324],[30.6786,-24.7358],[30.6366,-24.7341],[30.6337,-24.7585],[30.6642,-24.7746],[30.6562,-24.8117],[30.6349,-24.8528],[30.6187,-24.8442],[30.6084,-24.8724],[30.58,-24.8874],[30.5812,-24.9169],[30.5629,-24.8965],[30.4963,-24.9147],[30.4942,-24.9533],[30.4515,-24.912],[30.438,-24.8643],[30.4251,-24.8549],[30.3898,-24.8494],[30.3908,-24.8521],[30.3897,-24.8603],[30.3916,-24.8623],[30.394,-24.8608],[30.396,-24.861],[30.3966,-24.865],[30.3986,-24.8683],[30.3965,-24.8712],[30.3542,-24.8493],[30.3529,-24.8834],[30.3164,-24.8748],[30.3109,-24.8729],[30.3089,-24.8738],[30.3086,-24.8754],[30.3099,-24.8778],[30.31,-24.8806],[30.3124,-24.8825],[30.3117,-24.8838],[30.3089,-24.8827],[30.308,-24.885],[30.3063,-24.8843],[30.3068,-24.8815],[30.2973,-24.8677],[30.1985,-24.8568],[30.192,-24.8555],[30.1785,-24.9221],[30.1717,-24.9698],[30.1721,-24.9892],[30.1795,-24.9896],[30.1792,-24.9991],[30.1972,-25.0309],[30.1987,-25.0364],[30.1593,-25.028],[30.1485,-25.0323],[30.1486,-25.0899],[30.1444,-25.0912],[30.1444,-25.1238],[30.1212,-25.1209],[30.0909,-25.1255],[30.0902,-25.1081],[30.0567,-25.0827],[30.0299,-25.0641],[30.0298,-25.0846],[29.979,-25.0921],[30.0054,-25.1444],[30.0098,-25.2313],[30.0129,-25.231],[30.0091,-25.2495],[30.0007,-25.2795],[30.0062,-25.3403],[29.9376,-25.331],[29.8879,-25.3386],[29.8878,-25.3643],[29.8403,-25.3863],[29.84,-25.3844],[29.8373,-25.3818],[29.8373,-25.3768],[29.8352,-25.3746],[29.8327,-25.37],[29.832,-25.3655],[29.8304,-25.3647],[29.8273,-25.365],[29.8258,-25.3621],[29.8245,-25.3617],[29.8229,-25.3623],[29.8226,-25.361],[29.8203,-25.3589],[29.8201,-25.3607],[29.8171,-25.362],[29.7932,-25.3621],[29.7702,-25.4015],[29.7559,-25.3951],[29.7277,-25.3842],[29.6739,-25.3722],[29.6128,-25.4006],[29.587,-25.3952],[29.5226,-25.405],[29.5188,-25.4228],[29.4528,-25.4072],[29.453,-25.4065],[29.4,-25.4141],[29.399,-25.4148],[29.35,-25.4046],[29.3421,-25.3731],[29.3214,-25.3799],[29.2644,-25.3755],[29.2531,-25.3835],[29.243,-25.4036],[29.2375,-25.4023],[29.2073,-25.4146],[29.1957,-25.3703],[29.1313,-25.3902],[29.142,-25.3858],[29.1641,-25.3545],[29.1746,-25.3185],[29.1706,-25.3124],[29.167,-25.3034],[29.1184,-25.3132],[29.0959,-25.3212],[29.0902,-25.2894],[29.0844,-25.2929],[29.0827,-25.2871],[29.0761,-25.2846],[29.0728,-25.2869],[29.0565,-25.2793],[29.0503,-25.2802],[29.0384,-25.2765],[29.0349,-25.2646],[29.0414,-25.261],[29.0318,-25.2509],[29.0449,-25.2022],[29.0425,-25.1405],[29.0898,-25.1484],[29.0869,-25.1365],[29.1284,-25.113],[29.1058,-25.1004],[29.1016,-25.1027],[29.0979,-25.1002],[29.0943,-25.1032],[29.0913,-25.1002],[29.0883,-25.1036],[29.085,-25.0977],[29.0903,-25.0918],[29.0857,-25.0888],[29.0707,-25.0655],[29.0188,-25.0549],[28.9764,-25.0708],[28.9754,-25.0687],[28.9717,-25.0702],[28.9569,-25.0408],[28.9462,-25.017],[28.9349,-25.0],[28.9103,-25.0071],[28.9053,-24.9959],[28.9094,-24.9955],[28.8916,-24.9555],[28.9418,-24.9336],[28.937,-24.9228],[28.9241,-24.9015],[28.8827,-24.9179],[28.8464,-24.9333],[28.8374,-24.916],[28.7594,-24.9113],[28.7138,-24.9536],[28.6884,-24.9628],[28.6589,-24.9722],[28.6338,-24.9844],[28.6057,-25.0034],[28.6191,-25.0308],[28.6343,-25.0582],[28.6095,-25.0599],[28.6069,-25.0704],[28.4737,-25.0893],[28.4952,-25.1318],[28.4466,-25.1359],[28.443,-25.129],[28.4005,-25.1478],[28.3793,-25.1553],[28.3919,-25.1641],[28.411,-25.2048],[28.3869,-25.2134],[28.4616,-25.2015],[28.4977,-25.1818],[28.5321,-25.1698],[28.5366,-25.1524],[28.5961,-25.1426],[28.5967,-25.1385],[28.6361,-25.1281],[28.635,-25.1183],[28.6489,-25.1129],[28.6516,-25.1429],[28.6683,-25.1385],[28.7101,-25.1161],[28.7446,-25.1096],[28.7592,-25.1497],[28.7574,-25.1499],[28.7765,-25.1837],[28.7754,-25.1838],[28.7846,-25.2287],[28.7791,-25.2308],[28.7639,-25.2211],[28.7324,-25.2692],[28.7396,-25.2885],[28.7329,-25.2827],[28.6956,-25.2945],[28.6792,-25.303],[28.6689,-25.3108],[28.6413,-25.3276],[28.6332,-25.3315],[28.6226,-25.3336],[28.6389,-25.394],[28.6198,-25.4114],[28.6253,-25.4476],[28.6295,-25.4594],[28.6209,-25.4632],[28.6154,-25.4679],[28.621,-25.4707],[28.6321,-25.4884],[28.634,-25.5199],[28.6258,-25.523],[28.6267,-25.5311],[28.635,-25.5592],[28.6455,-25.5858],[28.6473,-25.5856],[28.6425,-25.5899],[28.6613,-25.6313],[28.6747,-25.6588],[28.6727,-25.665],[28.6838,-25.6754],[28.7088,-25.6828],[28.7221,-25.6442],[28.7239,-25.6318],[28.7382,-25.6339],[28.7663,-25.647],[28.759,-25.678],[28.7529,-25.6939],[28.7574,-25.6953],[28.7572,-25.7059],[28.7649,-25.7036],[28.7653,-25.7006],[28.7681,-25.7009],[28.7693,-25.6988],[28.7793,-25.7019],[28.7927,-25.7024],[28.8082,-25.689],[28.8193,-25.6951],[28.8404,-25.686],[28.847,-25.6824],[28.8229,-25.6589],[28.81,-25.6591],[28.8115,-25.643],[28.836,-25.6374],[28.8355,-25.6456],[28.8416,-25.6545],[28.8457,-25.6523],[28.8693,-25.6581],[28.872,-25.6416],[28.8629,-25.6355],[28.8584,-25.6348],[28.8431,-25.5664],[28.8085,-25.5732],[28.7971,-25.542],[28.8219,-25.5224],[28.8518,-25.5018],[28.8699,-25.5247],[28.8741,-25.5271],[28.8582,-25.5691],[28.9101,-25.5245],[28.9152,-25.558],[28.9465,-25.5998],[29.0078,-25.5742],[28.9869,-25.5402],[28.9882,-25.5395],[28.9932,-25.5425],[29.0067,-25.5376],[29.0106,-25.5332],[29.019,-25.5278],[29.0129,-25.5137],[29.0137,-25.5132],[29.023,-25.5159],[29.0268,-25.5185],[29.0323,-25.5207],[29.036,-25.5213],[29.0422,-25.521],[29.0474,-25.5169],[29.0486,-25.5188],[29.0482,-25.5202],[29.0564,-25.5263],[29.0587,-25.5272],[29.0787,-25.4996],[29.0774,-25.4962],[29.08,-25.4946],[29.0914,-25.5306],[29.0984,-25.5377],[29.0869,-25.5486],[29.0684,-25.5523],[29.0343,-25.5634],[29.042,-25.5733],[29.0456,-25.5808],[29.04,-25.6175],[29.0642,-25.6207],[29.0661,-25.6305],[29.0566,-25.6326],[29.0646,-25.6424],[28.9688,-25.6733],[28.9507,-25.7283],[28.9813,-25.7425],[28.9576,-25.7746],[28.9382,-25.8233],[28.9433,-25.8244],[28.9505,-25.8373],[28.9382,-25.8886],[28.8868,-25.8714],[28.8839,-25.8783],[28.889,-25.8803],[28.8795,-25.9252],[28.8825,-25.9698],[28.8833,-25.9714],[28.8852,-25.9714],[28.8851,-25.9744],[28.8674,-26.007],[28.8648,-26.0013],[28.8329,-26.0048],[28.8224,-26.0039],[28.7939,-26.0046],[28.7739,-26.0137],[28.7624,-25.9831],[28.7579,-25.9837],[28.7575,-25.9906],[28.7108,-25.9906],[28.6527,-25.9742],[28.6323,-25.9708],[28.591,-26.0025],[28.5868,-26.016],[28.5789,-26.0596],[28.5386,-26.0478],[28.5308,-26.0616],[28.5158,-26.0585],[28.5031,-26.0638],[28.5158,-26.0812],[28.5012,-26.0896],[28.5052,-26.0992],[28.497,-26.1039],[28.4905,-26.1264],[28.5213,-26.1445],[28.5272,-26.1787],[28.5343,-26.1722],[28.5305,-26.2253],[28.582,-26.2373],[28.6223,-26.2484],[28.6269,-26.2924],[28.6728,-26.3117],[28.6727,-26.3209],[28.7101,-26.3412],[28.7394,-26.3245],[28.7536,-26.3207],[28.7789,-26.3169],[28.8051,-26.3066],[28.8178,-26.3457],[28.8384,-26.3407],[28.8503,-26.367],[28.8613,-26.3986],[28.8322,-26.4078],[28.8055,-26.4222],[28.7991,-26.4211],[28.8,-26.424],[28.7899,-26.4264],[28.7838,-26.4381],[28.7865,-26.4492],[28.7803,-26.4505],[28.7659,-26.4714],[28.7639,-26.518],[28.689,-26.5131],[28.6618,-26.5059],[28.6534,-26.5087],[28.6502,-26.5079],[28.6498,-26.5094],[28.6508,-26.5104],[28.6499,-26.5111],[28.6441,-26.508],[28.6416,-26.5076],[28.6369,-26.5167],[28.6312,-26.5246],[28.6382,-26.5473],[28.5849,-26.5386],[28.5867,-26.52],[28.58,-26.518],[28.5772,-26.5268],[28.569,-26.525],[28.5738,-26.5161],[28.5437,-26.507],[28.5406,-26.5036],[28.5415,-26.5033],[28.5418,-26.501],[28.5392,-26.5014],[28.5375,-26.5033],[28.5332,-26.5009],[28.5277,-26.5022],[28.5242,-26.5285],[28.5265,-26.5555],[28.526,-26.5625],[28.5285,-26.5649],[28.533,-26.5779],[28.5278,-26.5906],[28.5054,-26.5897],[28.5089,-26.5938],[28.5087,-26.5949],[28.5063,-26.5965],[28.5076,-26.6038],[28.4988,-26.6039],[28.4959,-26.6057],[28.4911,-26.6105],[28.4877,-26.6086],[28.486,-26.6096],[28.4858,-26.6129],[28.4831,-26.6187],[28.4823,-26.6188],[28.4816,-26.6171],[28.4798,-26.6175],[28.4903,-26.6353],[28.4431,-26.6392],[28.4438,-26.6544],[28.422,-26.6547],[28.415,-26.6562],[28.4001,-26.655],[28.383,-26.7175],[28.394,-26.7167],[28.4069,-26.7617],[28.3482,-26.7729],[28.3491,-26.7779],[28.3426,-26.7791],[28.3435,-26.7855],[28.3394,-26.7856],[28.3224,-26.7923],[28.3194,-26.7927],[28.3216,-26.8117],[28.3183,-26.8118],[28.3193,-26.8194],[28.3226,-26.8202],[28.325,-26.8411],[28.3096,-26.8794],[28.2835,-26.8771],[28.2843,-26.8644],[28.2633,-26.8665],[28.2619,-26.8752],[28.2435,-26.8737],[28.2484,-26.8841],[28.2443,-26.8848],[28.2515,-26.8892],[28.2517,-26.893],[28.2618,-26.9027],[28.2622,-26.9048],[28.2608,-26.9111],[28.2623,-26.9146],[28.2649,-26.915],[28.267,-26.9143],[28.2775,-26.9065],[28.28,-26.9055],[28.2815,-26.9061],[28.2823,-26.9078],[28.2814,-26.9148],[28.2886,-26.9281],[28.2983,-26.9382],[28.3022,-26.941],[28.3048,-26.9411],[28.3069,-26.9401],[28.3111,-26.9359],[28.3125,-26.9279],[28.3143,-26.9249],[28.3219,-26.9226],[28.3265,-26.9225],[28.3299,-26.9238],[28.3313,-26.9259],[28.3303,-26.9284],[28.3228,-26.9331],[28.3197,-26.9365],[28.3206,-26.9419],[28.3236,-26.9482],[28.3248,-26.949],[28.3295,-26.9472],[28.3476,-26.934],[28.3529,-26.9316],[28.3571,-26.9311],[28.3621,-26.9318],[28.3692,-26.9344],[28.3726,-26.9347],[28.3835,-26.9314],[28.389,-26.9307],[28.3928,-26.9317],[28.3968,-26.9339],[28.3999,-26.936],[28.4014,-26.9389],[28.4013,-26.9446],[28.3999,-26.9489],[28.4004,-26.9509],[28.405,-26.9551],[28.4084,-26.9627],[28.4149,-26.973],[28.4207,-26.9781],[28.4265,-26.9871],[28.4291,-26.9892],[28.4261,-26.994],[28.4185,-27.0001],[28.4135,-27.0062],[28.4134,-27.0075],[28.4148,-27.0104],[28.4185,-27.013],[28.4202,-27.0126],[28.4234,-27.0098],[28.4317,-27.0057],[28.4514,-26.9813],[28.4515,-26.9789],[28.4426,-26.9709],[28.4365,-26.9669],[28.4359,-26.9657],[28.4366,-26.9645],[28.4438,-26.9603],[28.4514,-26.9638],[28.4613,-26.9723],[28.4616,-26.9774],[28.4645,-26.9829],[28.4676,-26.9828],[28.4724,-26.98],[28.4703,-26.9752],[28.4702,-26.9728],[28.476,-26.9627],[28.4757,-26.9602],[28.4712,-26.9584],[28.4703,-26.9565],[28.4754,-26.9505],[28.4779,-26.9503],[28.482,-26.9587],[28.4836,-26.9671],[28.4859,-26.9711],[28.4924,-26.9756],[28.5005,-26.9778],[28.5096,-26.9866],[28.5109,-26.9928],[28.5043,-27.0021],[28.503,-27.0055],[28.5036,-27.008],[28.5088,-27.0096],[28.5115,-27.012],[28.5179,-27.014],[28.5229,-27.0168],[28.5276,-27.018],[28.5299,-27.0215],[28.5308,-27.0271],[28.5385,-27.0337],[28.5429,-27.0347],[28.5496,-27.0413],[28.5497,-27.045],[28.5458,-27.0529],[28.5364,-27.056],[28.5327,-27.0638],[28.533,-27.0661],[28.5344,-27.067],[28.538,-27.0663],[28.5434,-27.064],[28.5485,-27.0633],[28.5546,-27.0604],[28.5572,-27.0563],[28.5599,-27.0542],[28.5607,-27.0479],[28.5592,-27.0411],[28.5608,-27.0394],[28.569,-27.0349],[28.5708,-27.0354],[28.5762,-27.0392],[28.5799,-27.039],[28.5833,-27.0378],[28.5851,-27.0364],[28.5911,-27.026],[28.5933,-27.0238],[28.6045,-27.021],[28.6089,-27.0207],[28.6095,-27.0188],[28.6079,-27.0115],[28.6083,-27.0082],[28.6136,-27.0084],[28.6255,-27.0107],[28.6307,-27.0131],[28.6394,-27.0199],[28.6423,-27.021],[28.6444,-27.0203],[28.6473,-27.0166],[28.649,-27.0109],[28.6513,-27.0094],[28.6558,-26.9986],[28.6555,-26.9969],[28.6535,-26.9953],[28.6458,-26.9924],[28.633,-26.9909],[28.6233,-26.9951],[28.6172,-27.0002],[28.6153,-26.9995],[28.6097,-26.9938],[28.6059,-26.9944],[28.605,-26.9932],[28.6064,-26.9906],[28.6102,-26.9869],[28.6215,-26.9688],[28.6345,-26.962],[28.6357,-26.9594],[28.6359,-26.9562],[28.6369,-26.955],[28.6434,-26.9542],[28.6455,-26.9527],[28.6469,-26.953],[28.6545,-26.9602],[28.6614,-26.9608],[28.6797,-26.9736],[28.6834,-26.9752],[28.6898,-26.9759],[28.7,-26.9756],[28.7036,-26.9729],[28.7062,-26.9687],[28.7109,-26.9692],[28.7138,-26.9716],[28.7147,-26.9771],[28.7158,-26.9791],[28.7254,-26.9846],[28.7287,-26.9898],[28.7311,-26.9955],[28.7365,-27.0017],[28.7437,-27.0034],[28.7524,-26.9982],[28.7552,-26.9974],[28.7639,-27.0019],[28.7678,-27.0031],[28.7707,-27.003],[28.7744,-27.0054],[28.7768,-27.009],[28.7736,-27.0174],[28.7738,-27.019],[28.7922,-27.0254],[28.7945,-27.0269],[28.795,-27.0289],[28.7962,-27.0288],[28.7978,-27.0264],[28.802,-27.0172],[28.8022,-27.0156],[28.8009,-27.0136],[28.8013,-27.0125],[28.8028,-27.0114],[28.8049,-27.0115],[28.8098,-27.0193],[28.8117,-27.0334],[28.8108,-27.0383],[28.812,-27.0409],[28.814,-27.0426],[28.8159,-27.0424],[28.8259,-27.037],[28.8344,-27.0417],[28.839,-27.0416],[28.8436,-27.0391],[28.8503,-27.0313],[28.8522,-27.0273],[28.8579,-27.0249],[28.8645,-27.0305],[28.8699,-27.0316],[28.8753,-27.0449],[28.878,-27.0493],[28.8799,-27.0552],[28.8886,-27.0593],[28.8913,-27.0581],[28.8963,-27.0539],[28.9005,-27.0481],[28.8991,-27.0454],[28.8969,-27.044],[28.8962,-27.0427],[28.8968,-27.0392],[28.8991,-27.0347],[28.898,-27.0296],[28.8969,-27.0281],[28.8939,-27.0265],[28.8884,-27.026],[28.8854,-27.0248],[28.8936,-27.0134],[28.8945,-27.0134],[28.9042,-27.0198],[28.9075,-27.0201],[28.9128,-27.0179],[28.917,-27.0133],[28.9204,-27.0111],[28.9252,-27.0121],[28.9289,-27.0147],[28.9346,-27.0154],[28.9412,-27.0155],[28.9495,-27.0125],[28.9544,-27.0117],[28.9573,-27.0061],[28.9601,-27.0026],[28.9615,-26.9989],[28.9661,-26.9949],[28.9672,-26.9916],[28.9695,-26.9916],[28.9737,-26.9927],[28.9775,-26.9958],[28.9935,-27.0032],[29.0097,-27.0064],[29.0227,-27.0153],[29.027,-27.0164],[29.0281,-27.0184],[29.0262,-27.0221],[29.0302,-27.0261],[29.0303,-27.0285],[29.0312,-27.029],[29.0352,-27.0273],[29.0388,-27.0225],[29.0398,-27.0164],[29.0383,-27.0064],[29.0388,-27.0048],[29.0435,-27.0038],[29.0505,-27.0057],[29.0572,-27.0093],[29.0598,-27.0164],[29.0562,-27.0262],[29.0536,-27.0299],[29.0533,-27.0337],[29.055,-27.0357],[29.0649,-27.0428],[29.0645,-27.0445],[29.0615,-27.046],[29.0618,-27.0489],[29.0635,-27.0514],[29.0683,-27.055],[29.072,-27.0563],[29.0708,-27.0601],[29.0742,-27.0632],[29.0733,-27.065],[29.0719,-27.0637],[29.0708,-27.064],[29.0707,-27.0647],[29.072,-27.0659],[29.0701,-27.0678],[29.0682,-27.0674],[29.0674,-27.0647],[29.0654,-27.0651],[29.061,-27.0717],[29.0621,-27.0755],[29.0609,-27.0785],[29.0597,-27.0794],[29.0558,-27.0787],[29.0557,-27.0813],[29.0619,-27.0853],[29.0647,-27.0837],[29.0673,-27.0855],[29.0718,-27.0857],[29.072,-27.088],[29.0737,-27.0908],[29.0749,-27.0919],[29.0765,-27.0911],[29.0777,-27.0926],[29.0781,-27.0959],[29.0801,-27.1],[29.0822,-27.102],[29.0833,-27.1054],[29.0864,-27.1067],[29.0857,-27.1103],[29.0887,-27.113],[29.0863,-27.1148],[29.0862,-27.116],[29.0882,-27.1171],[29.0888,-27.1185],[29.0927,-27.1182],[29.0916,-27.1199],[29.0917,-27.1211],[29.093,-27.1223],[29.0953,-27.1216],[29.097,-27.1227],[29.0992,-27.1269],[29.104,-27.1303],[29.1054,-27.1338],[29.1047,-27.1345],[29.1018,-27.1342],[29.1014,-27.1372],[29.1075,-27.1419],[29.1106,-27.1477],[29.1135,-27.1496],[29.1121,-27.1528],[29.1141,-27.1589],[29.1137,-27.1632],[29.1146,-27.1654],[29.1147,-27.1688],[29.1169,-27.1724],[29.1206,-27.1718],[29.1244,-27.1672],[29.1265,-27.1671],[29.1269,-27.169],[29.1296,-27.1684],[29.1304,-27.1666],[29.1296,-27.1628],[29.1316,-27.1624],[29.1321,-27.1602],[29.1328,-27.1602],[29.1334,-27.1626],[29.1372,-27.1612],[29.138,-27.1584],[29.1363,-27.1546],[29.1377,-27.1524],[29.1391,-27.1522],[29.1417,-27.1538],[29.1437,-27.1527],[29.1461,-27.1527],[29.1474,-27.1491],[29.151,-27.1519],[29.1523,-27.1496],[29.1527,-27.146],[29.1562,-27.1449],[29.1588,-27.1461],[29.1595,-27.1451],[29.1595,-27.1431],[29.1614,-27.1434],[29.1658,-27.1421],[29.1669,-27.1427],[29.1682,-27.1415],[29.1701,-27.1414],[29.1742,-27.1438],[29.1757,-27.1459],[29.1782,-27.1465],[29.179,-27.1462],[29.1798,-27.1441],[29.1831,-27.1454],[29.1902,-27.1432],[29.1897,-27.1409],[29.1926,-27.1403],[29.1919,-27.1376],[29.1927,-27.137],[29.195,-27.1402],[29.1979,-27.1406],[29.2003,-27.1427],[29.2023,-27.143],[29.204,-27.1449],[29.2072,-27.1425],[29.2097,-27.1424],[29.2138,-27.1469],[29.2158,-27.1476],[29.2239,-27.1447],[29.2278,-27.1471],[29.2271,-27.1499],[29.2292,-27.151],[29.227,-27.1553],[29.2286,-27.1568],[29.2277,-27.1584],[29.2291,-27.1596],[29.2281,-27.1611],[29.2292,-27.1614],[29.2299,-27.1601],[29.2307,-27.1604],[29.2298,-27.1672],[29.2317,-27.1679],[29.2355,-27.1731],[29.2365,-27.1776],[29.2345,-27.1818],[29.2347,-27.1832],[29.2361,-27.1836],[29.2413,-27.1823],[29.2437,-27.1835],[29.244,-27.1844],[29.2434,-27.1852],[29.2406,-27.1846],[29.2396,-27.1863],[29.2419,-27.1884],[29.2426,-27.1861],[29.2443,-27.1862],[29.2465,-27.1885],[29.2453,-27.1909],[29.2463,-27.192],[29.2477,-27.1921],[29.2509,-27.1897],[29.2541,-27.1897],[29.2546,-27.1903],[29.2534,-27.1918],[29.2535,-27.194],[29.2542,-27.1948],[29.2563,-27.1946],[29.2575,-27.1918],[29.2566,-27.1899],[29.2581,-27.1889],[29.2576,-27.187],[29.2587,-27.1859],[29.2583,-27.1843],[29.2591,-27.1821],[29.2604,-27.1813],[29.2629,-27.183],[29.2627,-27.1836],[29.261,-27.183],[29.2602,-27.1838],[29.2633,-27.1874],[29.2658,-27.1867],[29.2668,-27.184],[29.2682,-27.1849],[29.2661,-27.1883],[29.2657,-27.1916],[29.2689,-27.1891],[29.2703,-27.1893],[29.2694,-27.1929],[29.2708,-27.1942],[29.2708,-27.1958],[29.2702,-27.1967],[29.2683,-27.1961],[29.2682,-27.1983],[29.2719,-27.1962],[29.2722,-27.1942],[29.2715,-27.1926],[29.2722,-27.1916],[29.2747,-27.1927],[29.2731,-27.1942],[29.2732,-27.1956],[29.2767,-27.1943],[29.282,-27.195],[29.2824,-27.196],[29.2807,-27.1989],[29.2819,-27.1996],[29.285,-27.195],[29.282,-27.1935],[29.2819,-27.1921],[29.2839,-27.1936],[29.2841,-27.1907],[29.2849,-27.19],[29.2864,-27.1903],[29.2871,-27.1911],[29.2849,-27.1917],[29.2849,-27.1925],[29.2876,-27.1927],[29.2887,-27.1965],[29.2917,-27.1996],[29.2935,-27.2009],[29.2958,-27.201],[29.2954,-27.2031],[29.298,-27.2041],[29.2972,-27.2058],[29.2988,-27.2092],[29.3019,-27.2097],[29.3005,-27.2119],[29.3046,-27.2151],[29.3059,-27.2147],[29.309,-27.2162],[29.3099,-27.2148],[29.312,-27.2141],[29.3107,-27.2123],[29.3112,-27.2113],[29.313,-27.2114],[29.3143,-27.2097],[29.3182,-27.2105],[29.32,-27.2094],[29.3255,-27.2085],[29.3272,-27.2063],[29.3287,-27.2058],[29.3299,-27.2036],[29.3311,-27.2047],[29.3308,-27.208],[29.3351,-27.2074],[29.3346,-27.2089],[29.3326,-27.2085],[29.3328,-27.2101],[29.3312,-27.2103],[29.3319,-27.2117],[29.3311,-27.213],[29.3341,-27.2141],[29.3325,-27.2151],[29.3315,-27.2182],[29.3329,-27.2191],[29.3329,-27.217],[29.3355,-27.2173],[29.3349,-27.2151],[29.3359,-27.2145],[29.3371,-27.2181],[29.3356,-27.2219],[29.3374,-27.2229],[29.3378,-27.2239],[29.3365,-27.2246],[29.3351,-27.2226],[29.3335,-27.2239],[29.3337,-27.2249],[29.3362,-27.2267],[29.3338,-27.2279],[29.3321,-27.2305],[29.3331,-27.2314],[29.3362,-27.232],[29.3362,-27.2338],[29.3382,-27.2351],[29.3362,-27.2351],[29.3344,-27.2364],[29.3352,-27.2398],[29.3328,-27.2421],[29.3322,-27.2446],[29.3281,-27.2466],[29.3279,-27.2481],[29.3267,-27.249],[29.3267,-27.2508],[29.3253,-27.2521],[29.3263,-27.2551],[29.3287,-27.2572],[29.3283,-27.2599],[29.3308,-27.2615],[29.3312,-27.2634],[29.3382,-27.2645],[29.3392,-27.2636],[29.3408,-27.2604],[29.3397,-27.252],[29.3427,-27.2485],[29.3482,-27.2493],[29.3515,-27.2487],[29.3532,-27.2498],[29.3546,-27.2486],[29.3589,-27.2488],[29.3619,-27.247],[29.3682,-27.2513],[29.3698,-27.2515],[29.3726,-27.2503],[29.3751,-27.251],[29.3807,-27.2474],[29.3845,-27.249],[29.3884,-27.246],[29.389,-27.2475],[29.3863,-27.2489],[29.3866,-27.2499],[29.3875,-27.2499],[29.3898,-27.2489],[29.3902,-27.2477],[29.3892,-27.2456],[29.3869,-27.2436],[29.3909,-27.2427],[29.4002,-27.2429],[29.3998,-27.2443],[29.4015,-27.2496],[29.4043,-27.2523],[29.408,-27.2514],[29.4107,-27.2523],[29.4119,-27.2511],[29.4151,-27.2505],[29.4194,-27.2554],[29.4201,-27.2554],[29.4203,-27.2539],[29.422,-27.254],[29.4225,-27.2552],[29.4213,-27.2566],[29.4233,-27.2576],[29.424,-27.2565],[29.4265,-27.2563],[29.4248,-27.2547],[29.4282,-27.2539],[29.4317,-27.2594],[29.432,-27.2622],[29.4333,-27.2625],[29.4344,-27.2613],[29.4357,-27.2628],[29.4363,-27.2624],[29.4355,-27.2611],[29.4364,-27.261],[29.4389,-27.2645],[29.4386,-27.266],[29.4394,-27.2664],[29.4395,-27.2676],[29.4434,-27.2669],[29.4464,-27.2719],[29.4481,-27.273],[29.4483,-27.2754],[29.4507,-27.2748],[29.4506,-27.2781],[29.4515,-27.278],[29.4518,-27.2763],[29.4533,-27.2769],[29.4552,-27.2796],[29.4542,-27.2814],[29.4548,-27.2826],[29.4566,-27.2815],[29.4571,-27.2829],[29.4565,-27.2842],[29.4603,-27.2844],[29.4589,-27.2853],[29.4591,-27.2863],[29.4611,-27.2867],[29.4605,-27.2856],[29.4617,-27.2853],[29.4617,-27.2868],[29.4637,-27.2877],[29.4634,-27.2902],[29.4654,-27.2924],[29.4663,-27.299],[29.4687,-27.2987],[29.47,-27.3003],[29.4687,-27.3015],[29.4709,-27.3015],[29.4698,-27.3036],[29.4722,-27.3095],[29.472,-27.3114],[29.4698,-27.3115],[29.4676,-27.3156],[29.4702,-27.3204],[29.469,-27.3236],[29.4694,-27.3248],[29.4807,-27.3328],[29.4826,-27.3322],[29.4826,-27.3294],[29.4833,-27.3281],[29.4864,-27.3274],[29.4852,-27.3353],[29.4837,-27.3388],[29.4845,-27.3405],[29.4865,-27.3407],[29.4878,-27.3375],[29.4901,-27.3369],[29.4899,-27.3447],[29.4889,-27.346],[29.4849,-27.347],[29.4871,-27.3506],[29.483,-27.3569],[29.4823,-27.3589],[29.4828,-27.36],[29.4866,-27.3628],[29.4907,-27.3611],[29.496,-27.361],[29.4988,-27.3588],[29.5029,-27.3582],[29.503,-27.3614],[29.5052,-27.365],[29.5118,-27.3668],[29.5124,-27.3678],[29.5095,-27.3692],[29.5087,-27.3727],[29.5088,-27.3764],[29.5119,-27.3796],[29.52,-27.3844],[29.5222,-27.3828],[29.5213,-27.3812],[29.5185,-27.3792],[29.5184,-27.3779],[29.5213,-27.3769],[29.5239,-27.3772],[29.5272,-27.3783],[29.5304,-27.3828],[29.5309,-27.3843],[29.5298,-27.3864],[29.5272,-27.3855],[29.5257,-27.3863],[29.5271,-27.3941],[29.5283,-27.3942],[29.5314,-27.3903],[29.5381,-27.387],[29.5416,-27.3915],[29.5435,-27.399],[29.547,-27.399],[29.5502,-27.3978],[29.552,-27.3987],[29.5497,-27.4018],[29.5489,-27.4047],[29.5492,-27.4092],[29.552,-27.4136],[29.5474,-27.4141],[29.5426,-27.42],[29.55,-27.4241],[29.5498,-27.4253],[29.5463,-27.4292],[29.5465,-27.4311],[29.5541,-27.432],[29.5562,-27.431],[29.5599,-27.4322],[29.5608,-27.4342],[29.5605,-27.4393],[29.5613,-27.4413],[29.5633,-27.4427],[29.5675,-27.4413],[29.5691,-27.4421],[29.5712,-27.4446],[29.5723,-27.4476],[29.5773,-27.4519],[29.5776,-27.454],[29.5791,-27.4544],[29.5781,-27.4557],[29.5787,-27.4565],[29.5767,-27.4569],[29.5781,-27.4579],[29.5781,-27.4596],[29.58,-27.4584],[29.5812,-27.4596],[29.581,-27.4607],[29.5824,-27.4602],[29.5829,-27.4616],[29.5846,-27.4619],[29.5836,-27.4623],[29.5845,-27.4644],[29.5868,-27.464],[29.5873,-27.463],[29.589,-27.4632],[29.5895,-27.464],[29.5888,-27.4653],[29.5897,-27.4663],[29.5929,-27.4679],[29.5944,-27.4674],[29.5979,-27.4701],[29.5991,-27.47],[29.5993,-27.4689],[29.6007,-27.4701],[29.601,-27.4707],[29.5998,-27.4728],[29.6016,-27.4718],[29.603,-27.4741],[29.602,-27.4746],[29.6027,-27.4757],[29.601,-27.4768],[29.6039,-27.4802],[29.6018,-27.4816],[29.6024,-27.4828],[29.6032,-27.4823],[29.6049,-27.4854],[29.6038,-27.4892],[29.6051,-27.4916],[29.604,-27.4942],[29.6048,-27.4955],[29.6059,-27.4952],[29.6068,-27.4966],[29.6093,-27.4964],[29.6127,-27.5001],[29.6148,-27.501],[29.6157,-27.5031],[29.6192,-27.5061],[29.6231,-27.5053],[29.6242,-27.5061],[29.6255,-27.5057],[29.6297,-27.5023],[29.6368,-27.5047],[29.6429,-27.5045],[29.6442,-27.5037],[29.6494,-27.5042],[29.6506,-27.5029],[29.6505,-27.4997],[29.6551,-27.4962],[29.6608,-27.4958],[29.6614,-27.4967],[29.6623,-27.4961],[29.6638,-27.4968],[29.6669,-27.4959],[29.671,-27.4965],[29.6741,-27.498],[29.6795,-27.4968],[29.6801,-27.4997],[29.681,-27.5001],[29.6858,-27.4978],[29.6862,-27.4959],[29.6883,-27.4935],[29.6936,-27.4922],[29.6989,-27.4947],[29.7014,-27.4939],[29.7043,-27.4894],[29.7065,-27.4879],[29.7049,-27.4858],[29.7063,-27.4817],[29.6992,-27.4778],[29.6977,-27.4754],[29.6993,-27.4747],[29.6984,-27.4726],[29.7019,-27.4677],[29.7024,-27.4658],[29.7021,-27.4636],[29.6994,-27.4591],[29.6998,-27.4565],[29.6991,-27.4543],[29.7001,-27.4526],[29.6991,-27.4508],[29.7044,-27.4454],[29.7106,-27.4439],[29.7172,-27.4403],[29.717,-27.4384],[29.7189,-27.4389],[29.7197,-27.4383],[29.721,-27.4332],[29.7226,-27.4323],[29.7234,-27.4328],[29.7281,-27.4314],[29.7311,-27.4318],[29.7325,-27.4309],[29.7446,-27.4326],[29.7466,-27.4352],[29.7496,-27.436],[29.7528,-27.439],[29.7572,-27.4411],[29.7594,-27.4444],[29.7734,-27.4538],[29.7824,-27.4556],[29.7909,-27.4592],[29.7962,-27.4577],[29.7991,-27.4512],[29.8058,-27.4504],[29.8114,-27.4461],[29.8107,-27.4448],[29.8114,-27.4356],[29.8137,-27.4339],[29.8145,-27.4306],[29.8178,-27.4283],[29.8227,-27.4273],[29.8217,-27.4115],[29.8249,-27.407],[29.8338,-27.4038],[29.836,-27.3969],[29.8349,-27.3903],[29.8402,-27.379],[29.8463,-27.3787],[29.8662,-27.3841],[29.8697,-27.3823],[29.8727,-27.382],[29.8771,-27.3803],[29.8819,-27.377],[29.8851,-27.3766],[29.8865,-27.3782],[29.8865,-27.3817],[29.8902,-27.3855],[29.893,-27.386],[29.8978,-27.3849],[29.8988,-27.3858],[29.9094,-27.3738],[29.9172,-27.3544],[29.9555,-27.3649],[29.9785,-27.373],[29.9951,-27.3884],[30.0162,-27.3976],[30.0245,-27.3945],[30.0306,-27.3867],[30.0396,-27.3893],[30.0464,-27.3868],[30.0522,-27.3797],[30.0683,-27.3659],[30.079,-27.3702],[30.0868,-27.3685],[30.1116,-27.3865],[30.1434,-27.4134],[30.1486,-27.4091],[30.1527,-27.4043],[30.1541,-27.397],[30.1502,-27.3922],[30.1607,-27.3871],[30.1658,-27.3875],[30.178,-27.3784],[30.1901,-27.3689],[30.1981,-27.3552],[30.2286,-27.3653],[30.2347,-27.3807],[30.2466,-27.3739],[30.2548,-27.3718],[30.2799,-27.3686],[30.2805,-27.3503],[30.2787,-27.3326],[30.2802,-27.3291],[30.2816,-27.3282],[30.2825,-27.3144],[30.3022,-27.3174],[30.3175,-27.302],[30.3284,-27.2996],[30.3667,-27.3117],[30.3684,-27.2873],[30.3676,-27.2674],[30.3976,-27.2738],[30.4265,-27.2698],[30.426,-27.315],[30.4335,-27.3257],[30.4484,-27.327],[30.4483,-27.3277],[30.4503,-27.3258],[30.4532,-27.3251],[30.4561,-27.3253],[30.4584,-27.3267],[30.4621,-27.3252],[30.4659,-27.3263],[30.4663,-27.3243],[30.4751,-27.3195],[30.4792,-27.319],[30.4826,-27.3169],[30.4861,-27.3165],[30.4974,-27.3124],[30.5041,-27.3136],[30.5105,-27.3132],[30.5257,-27.3151],[30.5344,-27.3195],[30.5409,-27.3217],[30.5463,-27.3258],[30.5511,-27.3254],[30.5576,-27.3276],[30.5777,-27.3245],[30.5807,-27.3232],[30.5871,-27.3231],[30.6606,-27.2879],[30.7068,-27.2833],[30.708,-27.2844],[30.7115,-27.2847],[30.7132,-27.2861],[30.7177,-27.2838],[30.7188,-27.2845],[30.7179,-27.2872],[30.7202,-27.289],[30.7207,-27.2909],[30.7249,-27.2896],[30.7261,-27.2936],[30.7251,-27.2956],[30.7283,-27.2993],[30.7297,-27.2994],[30.7344,-27.2952],[30.7377,-27.2941],[30.7404,-27.2946],[30.7412,-27.298],[30.7439,-27.3006],[30.7419,-27.3032],[30.7433,-27.3061],[30.7445,-27.3057],[30.7454,-27.3035],[30.749,-27.2996],[30.7508,-27.2987],[30.7522,-27.3013],[30.7556,-27.3046],[30.7583,-27.3044],[30.7627,-27.3074],[30.7631,-27.3088],[30.76,-27.3124],[30.76,-27.3136],[30.7629,-27.3145],[30.7662,-27.3193],[30.769,-27.319],[30.7698,-27.3249],[30.771,-27.3264],[30.7728,-27.3261],[30.7742,-27.3243],[30.7844,-27.3243],[30.7855,-27.3192],[30.7804,-27.317],[30.7786,-27.3144],[30.7827,-27.3148],[30.7889,-27.3128],[30.7909,-27.3161],[30.791,-27.3184],[30.797,-27.3224],[30.7963,-27.3251],[30.7972,-27.3266],[30.7988,-27.3269],[30.8001,-27.3249],[30.8041,-27.3242],[30.8062,-27.3273],[30.8088,-27.3283],[30.8052,-27.3303],[30.8031,-27.3305],[30.8022,-27.3321],[30.803,-27.334],[30.8048,-27.3345],[30.8076,-27.3327],[30.8114,-27.3324],[30.811,-27.3352],[30.8085,-27.3377],[30.8083,-27.3389],[30.8161,-27.3401],[30.8178,-27.3373],[30.8205,-27.3361],[30.8215,-27.3368],[30.8213,-27.3395],[30.8255,-27.3408],[30.8282,-27.3433],[30.8286,-27.3447],[30.8233,-27.3458],[30.8234,-27.3503],[30.822,-27.3528],[30.8223,-27.3542],[30.8302,-27.35],[30.8378,-27.35],[30.8414,-27.3529],[30.8437,-27.3527],[30.8449,-27.3515],[30.8449,-27.3461],[30.85,-27.3433],[30.852,-27.3431],[30.8543,-27.3444],[30.8576,-27.3433],[30.858,-27.3422],[30.8559,-27.337],[30.8579,-27.3368],[30.8599,-27.3389],[30.8613,-27.3391],[30.8621,-27.3376],[30.8613,-27.3355],[30.8618,-27.334],[30.8648,-27.3318],[30.8651,-27.3279],[30.8636,-27.3245],[30.8637,-27.3196],[30.8647,-27.3142],[30.8659,-27.3127],[30.8693,-27.313],[30.8726,-27.3144],[30.8752,-27.3143],[30.8822,-27.3123],[30.8841,-27.3087],[30.8867,-27.3108],[30.8934,-27.3089],[30.8971,-27.3094],[30.8988,-27.3084],[30.9023,-27.3081],[30.9065,-27.3055],[30.9097,-27.3054],[30.9103,-27.3073],[30.9116,-27.3081],[30.9155,-27.3054],[30.9222,-27.305],[30.9239,-27.306],[30.9234,-27.3073],[30.9245,-27.3113],[30.921,-27.3182],[30.9214,-27.3201],[30.9232,-27.3216],[30.9245,-27.3255],[30.9233,-27.3304],[30.9315,-27.3405],[30.9393,-27.3466],[30.9396,-27.3495],[30.9378,-27.3532],[30.9382,-27.3567],[30.9411,-27.3596],[30.9406,-27.3658],[30.941,-27.3672],[30.9424,-27.3682],[30.948,-27.3661],[30.9515,-27.362],[30.9551,-27.3597],[30.9581,-27.3606],[30.9599,-27.3641],[30.9631,-27.3658],[30.97,-27.3633],[30.9774,-27.358],[30.9815,-27.3592],[30.9847,-27.3575],[31.0026,-27.3588],[31.0051,-27.3537],[31.0052,-27.3515],[31.0084,-27.3488],[31.0106,-27.3491],[31.0139,-27.355],[31.0172,-27.3576],[31.0189,-27.3601],[31.0206,-27.3606],[31.0243,-27.3519],[31.0274,-27.3505],[31.0309,-27.3463],[31.0349,-27.3458],[31.038,-27.3515],[31.0406,-27.353],[31.044,-27.3533],[31.0462,-27.3519],[31.0484,-27.3451],[31.0507,-27.3432],[31.059,-27.3398],[31.0652,-27.3383],[31.0685,-27.3393],[31.0712,-27.3413],[31.0788,-27.3431],[31.084,-27.3356],[31.0988,-27.3298],[31.1016,-27.3332],[31.101,-27.3358],[31.1409,-27.3627],[31.1659,-27.3685],[31.2048,-27.3171],[31.2748,-27.2429],[31.1506,-27.2021],[31.0613,-27.0963],[31.0218,-27.0678],[30.9848,-27.037],[30.9583,-26.9921],[30.9737,-26.9645],[30.9765,-26.9534],[30.9768,-26.9216],[30.9736,-26.9082],[30.9696,-26.9065],[30.9664,-26.9036],[30.9634,-26.9022],[30.9596,-26.899],[30.9587,-26.8972],[30.9553,-26.8955],[30.9537,-26.8932],[30.9458,-26.8886],[30.943,-26.8882],[30.9407,-26.8839],[30.9372,-26.8831],[30.9252,-26.8718],[30.9176,-26.866],[30.9074,-26.8599],[30.907,-26.8549],[30.9023,-26.8518],[30.893,-26.8053],[30.8919,-26.7851],[30.8894,-26.789],[30.8889,-26.7917],[30.8896,-26.7947],[30.8877,-26.7992],[30.8888,-26.802],[30.8873,-26.8036],[30.872,-26.8093],[30.8617,-26.8187],[30.859,-26.819],[30.8532,-26.8177],[30.8481,-26.819],[30.8468,-26.82],[30.8465,-26.8228],[30.8444,-26.8248],[30.8364,-26.8266],[30.8299,-26.8357],[30.8253,-26.8401],[30.8218,-26.8418],[30.8132,-26.8445],[30.8028,-26.8245],[30.7909,-26.7151],[30.7918,-26.5691],[30.8051,-26.4667],[30.831,-26.4112],[30.8576,-26.3838],[30.8919,-26.3208],[30.9614,-26.2617],[31.071,-26.0673],[31.0896,-26.0262],[31.1032,-26.0016],[31.1128,-25.9826],[31.1266,-25.9211],[31.2636,-25.8096],[31.3159,-25.743],[31.4163,-25.7188],[31.8679,-25.9996],[31.9737,-25.9532],[31.9306,-25.8408],[31.9786,-25.6937],[31.9959,-25.6767],[32.0061,-25.6452],[32.0057,-25.626],[32.0009,-25.5853],[31.9958,-25.5263],[31.9813,-25.5238],[31.9774,-25.5098],[31.9774,-25.4747],[31.9796,-25.4571],[31.9895,-25.4377],[31.989,-25.4353],[31.9905,-25.429],[32.0135,-25.3881],[32.0153,-25.3825],[32.0288,-25.2414],[32.032,-25.1831],[32.0336,-25.1325],[32.0302,-25.0657],[32.0155,-24.9251],[31.9983,-24.6897],[32.0089,-24.5751],[32.0131,-24.4546],[31.9871,-24.3022],[31.9813,-24.2973],[31.908,-24.1824],[31.8868,-24.0013],[31.8838,-23.9846],[31.8527,-23.9868],[31.8449,-23.9859],[31.8327,-23.9869],[31.8289,-23.986],[31.825,-23.9862],[31.8216,-23.9908],[31.8224,-23.993],[31.8221,-23.9965],[31.8204,-23.9984],[31.8125,-23.9993],[31.8095,-23.9988]]]},"properties":{"OBJECTID_12":6,"OBJECTID_1":6,"OBJECTID":6,"CODE":"MP","PROVINCE":"Mpumalanga","GISDB.LDR.Provinces.Area":76494.711713099998,"Country":"South Africa","Shape_Leng":23.65077531,"Shape_STAr":6.8899718200000004,"Shape_STLe":23.65077531,"Shape.STArea()":6.8899718192499995,"Shape.STLength()":23.650775314006797}},{"type":"Feature","id":7,"geometry":{"type":"Polygon","coordinates":[[[26.4189,-24.6551],[26.408,-24.6501],[26.4075,-24.6494],[26.4088,-24.6461],[26.3933,-24.6366],[26.187,-24.6875],[26.0074,-24.7243],[25.9644,-24.7494],[25.9171,-24.7455],[25.9114,-24.7537],[25.8583,-24.7572],[25.8483,-24.755],[25.8478,-24.7562],[25.8499,-24.7584],[25.8512,-24.7623],[25.8515,-24.7745],[25.8502,-24.7768],[25.8467,-24.7781],[25.8442,-24.7803],[25.8433,-24.7834],[25.8437,-24.7876],[25.8424,-24.7903],[25.8477,-24.7961],[25.855,-24.8017],[25.8613,-24.8081],[25.8632,-24.8085],[25.861,-24.8171],[25.8585,-24.8215],[25.8593,-24.8262],[25.8623,-24.8269],[25.8655,-24.8236],[25.8674,-24.8235],[25.869,-24.8252],[25.8695,-24.827],[25.8725,-24.8279],[25.8733,-24.8291],[25.8732,-24.8317],[25.8749,-24.839],[25.8751,-24.8427],[25.874,-24.8464],[25.8768,-24.852],[25.8763,-24.8561],[25.8814,-24.859],[25.8815,-24.8633],[25.8831,-24.8694],[25.8819,-24.8723],[25.8829,-24.8759],[25.8844,-24.8775],[25.8855,-24.881],[25.8888,-24.8825],[25.8885,-24.8843],[25.8848,-24.8877],[25.88,-24.8866],[25.8766,-24.8883],[25.8759,-24.8921],[25.8764,-24.8977],[25.8804,-24.9008],[25.8806,-24.9026],[25.8792,-24.9034],[25.874,-24.9035],[25.8726,-24.9053],[25.8728,-24.9066],[25.8766,-24.9101],[25.8817,-24.9131],[25.8818,-24.9142],[25.8782,-24.9174],[25.8725,-24.9189],[25.8707,-24.9213],[25.8631,-24.9227],[25.8608,-24.9243],[25.8618,-24.9261],[25.8409,-24.9803],[25.7291,-25.2569],[25.7019,-25.2894],[25.6998,-25.291],[25.6882,-25.376],[25.6808,-25.404],[25.6598,-25.4744],[25.6308,-25.5334],[25.6298,-25.5378],[25.5809,-25.6388],[25.5775,-25.6387],[25.5738,-25.6422],[25.5704,-25.6435],[25.5667,-25.6474],[25.5637,-25.6487],[25.5593,-25.6487],[25.5576,-25.6498],[25.5509,-25.6554],[25.5443,-25.6591],[25.5433,-25.6606],[25.5344,-25.6656],[25.5311,-25.67],[25.5275,-25.671],[25.5207,-25.6765],[25.5199,-25.6787],[25.513,-25.6847],[25.5071,-25.686],[25.5047,-25.6886],[25.5027,-25.6886],[25.5001,-25.6906],[25.4985,-25.6895],[25.4961,-25.6905],[25.4935,-25.6905],[25.4885,-25.6888],[25.4853,-25.694],[25.48,-25.696],[25.4695,-25.6958],[25.4682,-25.6967],[25.4653,-25.7012],[25.4586,-25.7051],[25.4549,-25.7102],[25.4516,-25.7102],[25.4486,-25.7131],[25.446,-25.7138],[25.4376,-25.721],[25.4334,-25.7228],[25.4279,-25.7287],[25.4238,-25.7314],[25.4146,-25.7348],[25.4073,-25.7385],[25.387,-25.7442],[25.3782,-25.7503],[25.3717,-25.7525],[25.3687,-25.7566],[25.3668,-25.7579],[25.3516,-25.7617],[25.3487,-25.764],[25.347,-25.7666],[25.3417,-25.7691],[25.3341,-25.771],[25.3287,-25.7698],[25.3195,-25.7728],[25.3159,-25.7724],[25.3111,-25.7689],[25.3062,-25.7681],[25.3021,-25.766],[25.2994,-25.7657],[25.2892,-25.7662],[25.2852,-25.7654],[25.2792,-25.7676],[25.2748,-25.768],[25.2704,-25.7667],[25.2648,-25.7665],[25.2614,-25.7686],[25.2523,-25.7675],[25.2485,-25.7656],[25.2408,-25.7656],[25.2358,-25.7644],[25.2318,-25.7649],[25.2239,-25.7635],[25.2198,-25.7659],[25.2156,-25.7632],[25.2092,-25.7627],[25.2069,-25.7596],[25.2035,-25.7584],[25.1997,-25.7592],[25.1922,-25.7625],[25.1836,-25.7628],[25.1756,-25.7663],[25.1687,-25.7655],[25.1656,-25.7619],[25.1611,-25.7596],[25.1535,-25.7587],[25.1484,-25.7596],[25.1437,-25.7564],[25.1349,-25.7577],[25.1322,-25.7601],[25.1271,-25.7627],[25.1214,-25.7637],[25.1161,-25.7607],[25.1128,-25.7562],[25.1103,-25.7558],[25.1087,-25.7544],[25.1104,-25.7498],[25.11,-25.7487],[25.1036,-25.7489],[25.1022,-25.748],[25.1021,-25.7461],[25.1053,-25.7425],[25.1043,-25.7411],[25.0993,-25.7425],[25.087,-25.7409],[25.0843,-25.7384],[25.0809,-25.7304],[25.0769,-25.7313],[25.0716,-25.7363],[25.0673,-25.735],[25.0617,-25.7355],[25.0539,-25.7313],[25.0528,-25.73],[25.0516,-25.7261],[25.0428,-25.7244],[25.0375,-25.7222],[25.0229,-25.731],[25.0213,-25.7313],[25.0185,-25.7304],[25.0169,-25.7268],[25.0147,-25.7255],[25.0006,-25.7296],[24.9998,-25.7312],[25.0038,-25.7357],[25.0036,-25.7387],[24.9973,-25.7415],[24.9939,-25.7441],[24.9897,-25.7454],[24.9873,-25.7484],[24.986,-25.7525],[24.9839,-25.7543],[24.9753,-25.7539],[24.9728,-25.7559],[24.9723,-25.758],[24.9705,-25.7601],[24.9698,-25.7632],[24.9667,-25.7661],[24.9615,-25.7661],[24.9551,-25.7602],[24.9544,-25.7603],[24.9518,-25.7623],[24.9518,-25.7642],[24.9539,-25.7683],[24.9511,-25.7691],[24.9514,-25.7717],[24.9493,-25.7734],[24.9458,-25.7746],[24.9338,-25.7766],[24.9317,-25.7791],[24.9314,-25.782],[24.9295,-25.7862],[24.9278,-25.7877],[24.9203,-25.79],[24.9187,-25.7893],[24.9159,-25.7844],[24.9128,-25.7844],[24.9135,-25.7921],[24.9131,-25.7975],[24.9078,-25.7984],[24.9047,-25.8026],[24.8976,-25.8026],[24.8963,-25.8059],[24.8989,-25.8093],[24.8969,-25.8108],[24.8942,-25.8105],[24.8858,-25.8071],[24.8812,-25.8072],[24.8753,-25.8091],[24.8732,-25.8082],[24.8713,-25.8059],[24.8696,-25.8054],[24.8621,-25.8075],[24.8569,-25.8064],[24.8509,-25.8088],[24.8443,-25.8092],[24.8412,-25.8119],[24.8335,-25.8153],[24.83,-25.8145],[24.8276,-25.8124],[24.8247,-25.8117],[24.8184,-25.817],[24.8162,-25.8161],[24.8156,-25.8116],[24.8132,-25.8103],[24.8111,-25.8128],[24.8105,-25.8184],[24.8026,-25.8187],[24.7985,-25.8211],[24.7963,-25.8246],[24.7947,-25.8252],[24.793,-25.8247],[24.7905,-25.8198],[24.7875,-25.8175],[24.7837,-25.8172],[24.78,-25.8195],[24.7784,-25.8197],[24.7722,-25.8168],[24.7674,-25.8128],[24.7617,-25.811],[24.7559,-25.8114],[24.752,-25.8145],[24.7481,-25.8141],[24.7418,-25.8124],[24.7367,-25.8076],[24.729,-25.804],[24.7116,-25.8058],[24.7074,-25.8082],[24.6966,-25.8113],[24.6933,-25.8139],[24.6913,-25.8182],[24.6884,-25.8201],[24.6859,-25.8233],[24.6819,-25.8237],[24.679,-25.8192],[24.6757,-25.8179],[24.6643,-25.8183],[24.6597,-25.8152],[24.655,-25.8145],[24.6501,-25.8119],[24.6453,-25.8109],[24.6403,-25.8076],[24.6356,-25.8073],[24.6209,-25.8029],[24.6164,-25.802],[24.6155,-25.8026],[24.6128,-25.801],[24.6116,-25.8013],[24.6096,-25.8002],[24.6089,-25.8006],[24.6027,-25.7958],[24.5998,-25.795],[24.5989,-25.7935],[24.5965,-25.7932],[24.5956,-25.7922],[24.5894,-25.7898],[24.5837,-25.7835],[24.5821,-25.7827],[24.5781,-25.7774],[24.5694,-25.7727],[24.5615,-25.7709],[24.5505,-25.7727],[24.5444,-25.772],[24.5355,-25.7683],[24.5227,-25.7643],[24.5201,-25.7627],[24.5182,-25.7626],[24.5151,-25.7605],[24.4908,-25.7512],[24.4812,-25.7483],[24.4719,-25.7472],[24.4706,-25.746],[24.4705,-25.7397],[24.4674,-25.7375],[24.4647,-25.7381],[24.463,-25.7426],[24.4587,-25.7431],[24.4543,-25.7406],[24.4497,-25.7352],[24.4467,-25.7336],[24.4443,-25.7345],[24.4439,-25.7393],[24.4414,-25.7409],[24.4393,-25.74],[24.4354,-25.7342],[24.4329,-25.734],[24.4321,-25.7364],[24.4324,-25.7458],[24.4296,-25.7495],[24.426,-25.7515],[24.4206,-25.7504],[24.4109,-25.7458],[24.4082,-25.7456],[24.4054,-25.7471],[24.4039,-25.7511],[24.4038,-25.7603],[24.4018,-25.7622],[24.3998,-25.7627],[24.3973,-25.7619],[24.3939,-25.7559],[24.3916,-25.7548],[24.3858,-25.7584],[24.3816,-25.7645],[24.3795,-25.7649],[24.375,-25.764],[24.3645,-25.7592],[24.3592,-25.7588],[24.3549,-25.7571],[24.3502,-25.75],[24.3394,-25.7456],[24.333,-25.7374],[24.3249,-25.7325],[24.3225,-25.7277],[24.3226,-25.7226],[24.3237,-25.7197],[24.328,-25.7141],[24.3267,-25.7111],[24.3249,-25.7101],[24.3149,-25.714],[24.3055,-25.7135],[24.3008,-25.7142],[24.2956,-25.7182],[24.2884,-25.7262],[24.2853,-25.7264],[24.2793,-25.7187],[24.2783,-25.7143],[24.2789,-25.7126],[24.2832,-25.7094],[24.2888,-25.7082],[24.291,-25.7068],[24.2916,-25.7047],[24.2907,-25.6985],[24.2884,-25.6943],[24.2862,-25.693],[24.2847,-25.6932],[24.2787,-25.6967],[24.2745,-25.7013],[24.2731,-25.7052],[24.2702,-25.7067],[24.2659,-25.7082],[24.2609,-25.7073],[24.2595,-25.7062],[24.2589,-25.7027],[24.2598,-25.6975],[24.2612,-25.6947],[24.2607,-25.6919],[24.2546,-25.6876],[24.2473,-25.6848],[24.2479,-25.6821],[24.2512,-25.6772],[24.2516,-25.6746],[24.2474,-25.6721],[24.242,-25.6731],[24.2366,-25.6699],[24.2343,-25.6658],[24.2338,-25.6626],[24.2286,-25.6587],[24.2265,-25.6558],[24.2278,-25.6474],[24.2268,-25.644],[24.2232,-25.6432],[24.2197,-25.6449],[24.2151,-25.6442],[24.2119,-25.6408],[24.2106,-25.6361],[24.2074,-25.6322],[24.2001,-25.6292],[24.1951,-25.6218],[24.1918,-25.6204],[24.1845,-25.6212],[24.1795,-25.6268],[24.1708,-25.6311],[24.1678,-25.6318],[24.1595,-25.6301],[24.1574,-25.628],[24.1569,-25.6254],[24.158,-25.6227],[24.1623,-25.6183],[24.1631,-25.6152],[24.1606,-25.6106],[24.1571,-25.6082],[24.1527,-25.6085],[24.1496,-25.6108],[24.1406,-25.6142],[24.1391,-25.6164],[24.1405,-25.6208],[24.1407,-25.6252],[24.1386,-25.6281],[24.1354,-25.6283],[24.1311,-25.6273],[24.1264,-25.6278],[24.115,-25.6317],[24.1115,-25.6316],[24.1075,-25.6302],[24.1043,-25.6304],[24.0929,-25.6352],[24.0893,-25.6389],[24.0874,-25.6424],[24.0858,-25.6434],[24.0843,-25.6434],[24.0808,-25.641],[24.0797,-25.6385],[24.0784,-25.6315],[24.0776,-25.6308],[24.0738,-25.6297],[24.0677,-25.631],[24.0659,-25.6322],[24.0643,-25.6352],[24.0645,-25.6384],[24.0677,-25.6443],[24.0672,-25.6484],[24.0657,-25.6504],[24.0586,-25.6519],[24.0515,-25.6509],[24.0423,-25.645],[24.0357,-25.6369],[24.0299,-25.6343],[24.0283,-25.6347],[24.0267,-25.6364],[24.0274,-25.6423],[24.0258,-25.6447],[24.0242,-25.6455],[24.0171,-25.6457],[24.009,-25.6508],[24.0052,-25.6513],[24.0035,-25.6502],[24.0029,-25.6484],[24.0037,-25.6411],[24.003,-25.6345],[24.0042,-25.6327],[24.0123,-25.6287],[24.0127,-25.6258],[24.012,-25.6245],[24.0082,-25.6219],[24.0037,-25.6202],[23.9957,-25.6216],[23.9838,-25.6216],[23.9811,-25.6201],[23.9774,-25.6161],[23.9726,-25.6148],[23.9661,-25.6153],[23.9622,-25.6228],[23.961,-25.6233],[23.9588,-25.6234],[23.9529,-25.6216],[23.9508,-25.6228],[23.9502,-25.6256],[23.9524,-25.6317],[23.9522,-25.6334],[23.95,-25.6367],[23.9462,-25.6384],[23.9357,-25.6369],[23.9286,-25.6382],[23.9255,-25.6367],[23.9215,-25.6315],[23.9185,-25.6295],[23.9136,-25.6285],[23.9081,-25.6286],[23.9045,-25.6275],[23.9032,-25.6265],[23.9017,-25.6224],[23.907,-25.6055],[23.9025,-25.602],[23.8882,-25.5986],[23.8828,-25.5949],[23.8807,-25.5914],[23.8807,-25.5873],[23.8823,-25.5819],[23.8802,-25.5774],[23.8753,-25.5746],[23.8678,-25.572],[23.8656,-25.5716],[23.8562,-25.5728],[23.8445,-25.5708],[23.8397,-25.5679],[23.8376,-25.5643],[23.8381,-25.5617],[23.8422,-25.5573],[23.8434,-25.552],[23.843,-25.5503],[23.8395,-25.5456],[23.8352,-25.5411],[23.8318,-25.5408],[23.8306,-25.5415],[23.8283,-25.543],[23.8245,-25.5484],[23.8205,-25.5506],[23.8161,-25.5502],[23.8085,-25.5452],[23.8055,-25.54],[23.8049,-25.5332],[23.8079,-25.5277],[23.8146,-25.5239],[23.8212,-25.5171],[23.8219,-25.5146],[23.821,-25.5129],[23.8166,-25.5098],[23.8067,-25.5084],[23.7995,-25.5092],[23.7921,-25.5123],[23.7855,-25.5125],[23.7831,-25.5112],[23.7764,-25.5037],[23.772,-25.5027],[23.7653,-25.5036],[23.7629,-25.5032],[23.7611,-25.5003],[23.7635,-25.4931],[23.7635,-25.4899],[23.7605,-25.4866],[23.7532,-25.4837],[23.7514,-25.4816],[23.7522,-25.4769],[23.7575,-25.4721],[23.758,-25.4687],[23.7537,-25.4649],[23.748,-25.4624],[23.7448,-25.4612],[23.7374,-25.4602],[23.7339,-25.4585],[23.7313,-25.4539],[23.731,-25.4491],[23.729,-25.4464],[23.7248,-25.4453],[23.7222,-25.4462],[23.7161,-25.4541],[23.7093,-25.4599],[23.704,-25.4626],[23.7025,-25.4624],[23.7011,-25.4601],[23.7019,-25.4512],[23.6998,-25.4479],[23.6963,-25.4456],[23.6938,-25.4443],[23.6896,-25.4437],[23.6848,-25.4447],[23.6796,-25.4474],[23.672,-25.4459],[23.6667,-25.442],[23.6663,-25.4393],[23.6678,-25.4353],[23.6705,-25.4324],[23.6752,-25.4295],[23.6765,-25.4274],[23.6728,-25.4211],[23.6684,-25.4161],[23.6626,-25.4147],[23.6595,-25.4154],[23.6576,-25.4185],[23.6574,-25.4271],[23.654,-25.4306],[23.6444,-25.4329],[23.6408,-25.433],[23.6375,-25.4316],[23.6353,-25.4287],[23.634,-25.4254],[23.6333,-25.4192],[23.634,-25.4147],[23.6327,-25.4109],[23.6285,-25.4074],[23.6178,-25.4062],[23.6133,-25.4049],[23.6115,-25.4035],[23.6107,-25.4005],[23.6128,-25.3976],[23.6183,-25.3937],[23.6203,-25.3899],[23.6192,-25.3864],[23.616,-25.3839],[23.6102,-25.3818],[23.6066,-25.3817],[23.6026,-25.3846],[23.5988,-25.3951],[23.5949,-25.3969],[23.5893,-25.3965],[23.5861,-25.3948],[23.5844,-25.3916],[23.5853,-25.38],[23.5844,-25.3756],[23.5675,-25.3699],[23.5588,-25.3723],[23.5573,-25.3717],[23.5561,-25.3693],[23.5563,-25.3666],[23.5615,-25.3577],[23.5596,-25.3547],[23.5484,-25.3521],[23.537,-25.353],[23.5341,-25.3525],[23.5291,-25.3434],[23.5269,-25.341],[23.5241,-25.3401],[23.5217,-25.3405],[23.5016,-25.352],[23.4983,-25.3527],[23.4962,-25.3516],[23.4958,-25.3472],[23.4966,-25.3429],[23.4998,-25.3353],[23.5004,-25.3318],[23.4995,-25.3282],[23.4943,-25.3179],[23.4829,-25.3104],[23.4814,-25.3075],[23.4801,-25.3005],[23.4784,-25.2985],[23.4723,-25.2982],[23.4646,-25.301],[23.461,-25.3005],[23.4581,-25.2977],[23.4579,-25.2943],[23.4675,-25.2815],[23.4683,-25.2795],[23.4669,-25.2771],[23.4483,-25.2749],[23.4448,-25.2755],[23.4422,-25.277],[23.4336,-25.2946],[23.4235,-25.3092],[23.4199,-25.3137],[23.4163,-25.3158],[23.4143,-25.3158],[23.4112,-25.315],[23.4035,-25.3072],[23.384,-25.3035],[23.3684,-25.3034],[23.3664,-25.3006],[23.3622,-25.2878],[23.3605,-25.2862],[23.3556,-25.2851],[23.3484,-25.2851],[23.3386,-25.2869],[23.3341,-25.2882],[23.3274,-25.2918],[23.3241,-25.2924],[23.3197,-25.2896],[23.3155,-25.2827],[23.3146,-25.2819],[23.3113,-25.2818],[23.3089,-25.2828],[23.304,-25.2911],[23.2984,-25.2935],[23.295,-25.2941],[23.292,-25.2931],[23.2897,-25.2911],[23.2876,-25.2846],[23.2849,-25.2796],[23.2796,-25.2745],[23.2781,-25.2741],[23.2738,-25.2746],[23.2688,-25.2772],[23.26,-25.2797],[23.253,-25.2782],[23.2498,-25.2759],[23.2476,-25.2754],[23.2381,-25.2803],[23.2346,-25.2808],[23.2296,-25.2795],[23.2176,-25.2739],[23.212,-25.2734],[23.2066,-25.2762],[23.1944,-25.2769],[23.1875,-25.279],[23.1731,-25.2897],[23.171,-25.2929],[23.1696,-25.2997],[23.1656,-25.3039],[23.162,-25.3048],[23.1528,-25.3025],[23.148,-25.3032],[23.1426,-25.3082],[23.1388,-25.3147],[23.1365,-25.3168],[23.1345,-25.3174],[23.1317,-25.3177],[23.1285,-25.3164],[23.1224,-25.3099],[23.1136,-25.3036],[23.1074,-25.3042],[23.1042,-25.3059],[23.0978,-25.3112],[23.0953,-25.3123],[23.09,-25.3124],[23.0884,-25.3136],[23.0876,-25.3153],[23.0879,-25.325],[23.0843,-25.3296],[23.0787,-25.332],[23.0664,-25.3296],[23.0625,-25.3268],[23.0598,-25.326],[23.0544,-25.3186],[23.0561,-25.3119],[23.0613,-25.3055],[23.062,-25.3034],[23.0616,-25.2949],[23.0599,-25.2913],[23.0584,-25.2899],[23.0544,-25.2895],[23.0516,-25.2908],[23.0448,-25.3014],[23.0352,-25.3094],[23.0331,-25.3122],[23.0314,-25.3128],[23.0282,-25.3125],[23.0278,-25.3102],[23.0174,-25.3002],[23.0124,-25.2975],[23.0087,-25.2977],[23.0069,-25.2995],[23.0061,-25.3041],[23.0066,-25.3081],[23.0105,-25.3183],[23.0133,-25.329],[23.0129,-25.333],[23.0113,-25.3359],[23.0079,-25.3385],[23.0033,-25.3399],[22.9881,-25.3381],[22.9825,-25.3385],[22.9779,-25.3399],[22.9727,-25.3472],[22.9732,-25.3502],[22.9746,-25.3524],[22.9737,-25.3587],[22.9762,-25.3642],[22.9765,-25.3707],[22.97,-25.3811],[22.9676,-25.3834],[22.9513,-25.3935],[22.9492,-25.394],[22.9309,-25.4064],[22.9191,-25.4122],[22.9147,-25.4162],[22.91,-25.4223],[22.9068,-25.4303],[22.9063,-25.4354],[22.8986,-25.4551],[22.8857,-25.4684],[22.8859,-25.4724],[22.8881,-25.4771],[22.8951,-25.48],[22.9008,-25.4813],[22.9012,-25.4848],[22.9004,-25.4868],[22.8969,-25.4888],[22.8941,-25.4887],[22.8825,-25.4839],[22.8638,-25.4796],[22.8583,-25.481],[22.8516,-25.4841],[22.8464,-25.4902],[22.8466,-25.4947],[22.8477,-25.4966],[22.8573,-25.5028],[22.8604,-25.507],[22.8584,-25.5118],[22.8541,-25.5168],[22.852,-25.521],[22.8521,-25.5277],[22.8536,-25.53],[22.8535,-25.5335],[22.8527,-25.5355],[22.8448,-25.5403],[22.8401,-25.5447],[22.8297,-25.5679],[22.8267,-25.5723],[22.8235,-25.5751],[22.8181,-25.5766],[22.8148,-25.5788],[22.8141,-25.5824],[22.8182,-25.5862],[22.8264,-25.5895],[22.8377,-25.5994],[22.8474,-25.6056],[22.8489,-25.608],[22.8535,-25.6116],[22.8534,-25.6152],[22.8516,-25.6184],[22.8478,-25.6214],[22.844,-25.6221],[22.8358,-25.6208],[22.8306,-25.6209],[22.8044,-25.6299],[22.8004,-25.6328],[22.7995,-25.6352],[22.8018,-25.6414],[22.8083,-25.6509],[22.8161,-25.6552],[22.8277,-25.655],[22.8302,-25.6578],[22.8303,-25.6624],[22.8247,-25.67],[22.8215,-25.6774],[22.8212,-25.6836],[22.822,-25.6878],[22.8215,-25.6905],[22.8131,-25.7028],[22.8086,-25.7116],[22.7999,-25.7231],[22.7934,-25.7271],[22.7887,-25.7285],[22.7732,-25.7302],[22.7693,-25.7328],[22.7663,-25.7398],[22.7651,-25.7479],[22.7638,-25.7615],[22.7634,-25.781],[22.7593,-25.7887],[22.7579,-25.7899],[22.7546,-25.7901],[22.7415,-25.7877],[22.7385,-25.7878],[22.7368,-25.7889],[22.7346,-25.7937],[22.7359,-25.7965],[22.7382,-25.7983],[22.7472,-25.803],[22.7511,-25.8062],[22.7551,-25.8071],[22.7614,-25.8105],[22.7691,-25.8117],[22.7768,-25.8147],[22.7801,-25.8187],[22.7817,-25.8244],[22.7814,-25.8288],[22.7789,-25.8333],[22.7719,-25.8411],[22.7665,-25.8439],[22.7587,-25.8494],[22.7514,-25.8521],[22.7381,-25.855],[22.736,-25.8565],[22.7349,-25.8623],[22.7413,-25.8759],[22.7402,-25.8794],[22.7381,-25.8818],[22.733,-25.8842],[22.7239,-25.8868],[22.7173,-25.8875],[22.7134,-25.8899],[22.712,-25.893],[22.7126,-25.8993],[22.7182,-25.9056],[22.7229,-25.9084],[22.7449,-25.9134],[22.7475,-25.9151],[22.7492,-25.918],[22.7484,-25.9227],[22.736,-25.9306],[22.7286,-25.9389],[22.7261,-25.9425],[22.7239,-25.9501],[22.7232,-25.9579],[22.7288,-25.9701],[22.7294,-25.9754],[22.7292,-25.9792],[22.7259,-25.9885],[22.7246,-25.9995],[22.7253,-26.0145],[22.7211,-26.0186],[22.7084,-26.0202],[22.6955,-26.0182],[22.6788,-26.0131],[22.6726,-26.0132],[22.6688,-26.0142],[22.665,-26.0195],[22.6638,-26.0249],[22.6679,-26.0321],[22.6717,-26.0432],[22.6718,-26.0496],[22.6703,-26.0546],[22.6703,-26.0575],[22.673,-26.0696],[22.6731,-26.0737],[22.6687,-26.0769],[22.6581,-26.0817],[22.6496,-26.0868],[22.6375,-26.0907],[22.6295,-26.0972],[22.6291,-26.1026],[22.6317,-26.1073],[22.637,-26.1131],[22.6369,-26.1163],[22.6307,-26.1226],[22.7029,-26.1198],[22.7035,-26.1799],[22.7055,-26.2303],[22.7057,-26.2978],[22.7082,-26.3572],[22.7088,-26.4109],[22.7447,-26.4247],[22.8032,-26.4537],[22.8419,-26.3933],[22.8484,-26.3759],[22.8808,-26.2624],[22.8993,-26.2136],[22.9071,-26.1459],[22.9812,-26.1526],[22.987,-26.09],[23.0648,-26.0991],[23.0881,-26.0436],[23.0883,-25.999],[23.0869,-25.9826],[23.3206,-25.9928],[23.3874,-26.0062],[23.3539,-26.0895],[23.3069,-26.0703],[23.2322,-26.0527],[23.2158,-26.1157],[23.2519,-26.1138],[23.311,-26.1418],[23.2647,-26.2045],[23.2217,-26.2713],[23.2821,-26.3395],[23.2664,-26.4854],[23.463,-26.5311],[23.4943,-26.5544],[23.5838,-26.6171],[23.5471,-26.6583],[23.4871,-26.7397],[23.5209,-26.7555],[23.5689,-26.7749],[23.6153,-26.79],[23.6465,-26.8075],[23.6859,-26.8177],[23.7252,-26.8291],[23.7607,-26.8409],[23.7726,-26.848],[23.8532,-26.8901],[23.8695,-26.8567],[23.9169,-26.8579],[23.9161,-26.8583],[23.9628,-26.8983],[23.9704,-26.8942],[24.001,-26.9433],[24.026,-26.9993],[24.0375,-27.0537],[24.0009,-27.0698],[23.9761,-27.0793],[23.9736,-27.0964],[23.9156,-27.2141],[23.9101,-27.2251],[23.8983,-27.2355],[23.8965,-27.2527],[23.9413,-27.2764],[23.9502,-27.2828],[23.9529,-27.2815],[23.9722,-27.2953],[24.015,-27.3237],[24.0639,-27.3532],[24.0724,-27.3556],[24.0863,-27.3535],[24.0575,-27.4294],[24.0522,-27.4627],[24.0553,-27.5079],[24.0492,-27.5586],[24.0506,-27.6027],[24.1186,-27.6217],[24.1051,-27.6515],[24.0964,-27.6939],[24.0933,-27.7049],[24.111,-27.739],[24.4053,-27.6812],[24.4468,-27.7028],[24.4088,-27.7611],[24.4526,-27.7825],[24.4274,-27.8405],[24.4099,-27.8427],[24.3605,-27.9107],[24.3926,-27.9415],[24.41,-27.9233],[24.4673,-27.9806],[24.4682,-27.9967],[24.4587,-28.0127],[24.4446,-28.0319],[24.4655,-28.0358],[24.5346,-28.0921],[24.5526,-28.0784],[24.5599,-28.0747],[24.5637,-28.07],[24.5644,-28.0669],[24.5632,-28.0569],[24.5577,-28.0445],[24.558,-28.0418],[24.5595,-28.0388],[24.5628,-28.0362],[24.5664,-28.0348],[24.5788,-28.0326],[24.5841,-28.0292],[24.5887,-28.0279],[24.5894,-28.0292],[24.5913,-28.0296],[24.5911,-28.0308],[24.5919,-28.0313],[24.5941,-28.0287],[24.5987,-28.0291],[24.6004,-28.0282],[24.6031,-28.0292],[24.6064,-28.0281],[24.608,-28.0262],[24.6089,-28.0273],[24.6109,-28.0252],[24.6122,-28.0252],[24.6144,-28.0223],[24.6141,-28.0204],[24.6121,-28.0196],[24.6086,-28.015],[24.6082,-28.0117],[24.6122,-28.0099],[24.6131,-28.0103],[24.613,-28.0094],[24.6151,-28.0093],[24.617,-28.008],[24.6166,-28.0065],[24.6176,-28.0064],[24.6196,-28.0033],[24.6193,-28.0023],[24.6209,-28.0012],[24.6229,-28.0008],[24.6232,-28.0017],[24.6251,-28.0006],[24.6244,-28.0002],[24.6248,-27.9992],[24.6267,-28.0],[24.6283,-27.9995],[24.6273,-27.9971],[24.628,-27.9948],[24.6294,-27.9943],[24.6273,-27.9909],[24.6249,-27.9906],[24.6245,-27.9873],[24.622,-27.9845],[24.6222,-27.9818],[24.6212,-27.9806],[24.6219,-27.9796],[24.6209,-27.9788],[24.6217,-27.9771],[24.6231,-27.9765],[24.6214,-27.9762],[24.6208,-27.9749],[24.6228,-27.974],[24.6219,-27.972],[24.6235,-27.971],[24.624,-27.9681],[24.6256,-27.9672],[24.6265,-27.963],[24.6222,-27.9611],[24.6198,-27.9512],[24.6232,-27.9483],[24.627,-27.9419],[24.6265,-27.938],[24.6282,-27.9374],[24.6278,-27.9361],[24.6288,-27.9353],[24.6278,-27.9342],[24.6277,-27.9318],[24.6258,-27.9301],[24.6257,-27.9287],[24.6238,-27.9267],[24.6222,-27.9269],[24.6207,-27.9232],[24.6184,-27.9213],[24.6187,-27.9201],[24.6173,-27.9155],[24.6118,-27.9114],[24.6115,-27.91],[24.6101,-27.9103],[24.6069,-27.9085],[24.6073,-27.9041],[24.6065,-27.9024],[24.6071,-27.9012],[24.606,-27.901],[24.6071,-27.8984],[24.6078,-27.8977],[24.6116,-27.8977],[24.6129,-27.8987],[24.6124,-27.8999],[24.6132,-27.9003],[24.6133,-27.9016],[24.6169,-27.9044],[24.6191,-27.9049],[24.6229,-27.9046],[24.6269,-27.9026],[24.6301,-27.9029],[24.6322,-27.8991],[24.6325,-27.8914],[24.6413,-27.8876],[24.6451,-27.8875],[24.6456,-27.8858],[24.6494,-27.8817],[24.6502,-27.8779],[24.6519,-27.8768],[24.6516,-27.8743],[24.6527,-27.8707],[24.6521,-27.8697],[24.6531,-27.8693],[24.655,-27.8644],[24.6564,-27.8634],[24.6564,-27.8554],[24.6583,-27.8527],[24.6625,-27.8521],[24.663,-27.853],[24.6651,-27.853],[24.6699,-27.8517],[24.6702,-27.8505],[24.6715,-27.8499],[24.6775,-27.8499],[24.6784,-27.8505],[24.6801,-27.8503],[24.6813,-27.8491],[24.6834,-27.85],[24.6849,-27.8492],[24.6857,-27.8501],[24.6889,-27.8504],[24.6888,-27.8514],[24.6904,-27.8525],[24.6912,-27.8519],[24.6912,-27.8504],[24.6968,-27.8476],[24.6949,-27.8426],[24.6895,-27.8401],[24.689,-27.8389],[24.6884,-27.8391],[24.6881,-27.8365],[24.6908,-27.8327],[24.6971,-27.8303],[24.6978,-27.8289],[24.6993,-27.8283],[24.6587,-27.7909],[24.6619,-27.7848],[24.6692,-27.7863],[24.6731,-27.7828],[24.6757,-27.7699],[24.6704,-27.7616],[24.6805,-27.7393],[24.6937,-27.7356],[24.6955,-27.7183],[24.6919,-27.7139],[24.6862,-27.7095],[24.6812,-27.7034],[24.6752,-27.6934],[24.6728,-27.686],[24.6746,-27.6812],[24.6777,-27.6799],[24.6798,-27.6803],[24.6813,-27.6797],[24.6834,-27.6804],[24.686,-27.6784],[24.6859,-27.6765],[24.6842,-27.6737],[24.6787,-27.6691],[24.6784,-27.6665],[24.6811,-27.6636],[24.6857,-27.6607],[24.6878,-27.6574],[24.6892,-27.6571],[24.6904,-27.6546],[24.6918,-27.6541],[24.6916,-27.6464],[24.6923,-27.6452],[24.7621,-27.6332],[24.7568,-27.6096],[24.7843,-27.6046],[24.7843,-27.6093],[24.7825,-27.6109],[24.7807,-27.6184],[24.7818,-27.622],[24.7811,-27.6262],[24.7822,-27.633],[24.7866,-27.6432],[24.7938,-27.646],[24.7977,-27.6562],[24.7952,-27.6633],[24.7954,-27.6734],[24.7938,-27.6767],[24.7949,-27.682],[24.792,-27.6869],[24.797,-27.693],[24.7973,-27.6943],[24.7961,-27.6968],[24.7967,-27.6982],[24.8012,-27.7018],[24.8545,-27.6956],[24.8857,-27.6945],[24.922,-27.6889],[24.9732,-27.6826],[24.9997,-27.6808],[25.0348,-27.6931],[25.0479,-27.6997],[24.8469,-27.9112],[24.8615,-27.9083],[24.8592,-27.9112],[24.8571,-27.9161],[24.857,-27.919],[24.8597,-27.9212],[24.8577,-27.9202],[24.8574,-27.9253],[24.8517,-27.9261],[24.8456,-27.9236],[24.8351,-27.928],[24.8298,-27.9313],[24.9506,-28.1132],[24.9571,-28.1066],[24.9653,-28.095],[24.9703,-28.0838],[24.9726,-28.0814],[24.9748,-28.0804],[24.9787,-28.0795],[24.9848,-28.0796],[24.9993,-28.0819],[25.0098,-28.0767],[25.0201,-28.0774],[25.0377,-28.0682],[25.0452,-28.0681],[25.0557,-28.0706],[25.0591,-28.0707],[25.0697,-28.0687],[25.0732,-28.0667],[25.0747,-28.0642],[25.0753,-28.0526],[25.0769,-28.0484],[25.0839,-28.0401],[25.088,-28.0367],[25.0951,-28.0268],[25.1049,-28.0167],[25.1074,-28.0119],[25.1064,-28.0068],[25.1025,-28.0009],[25.0951,-27.9918],[25.0903,-27.9885],[25.0906,-27.984],[25.0944,-27.9787],[25.0968,-27.9769],[25.1113,-27.9702],[25.1132,-27.9682],[25.1173,-27.9606],[25.1229,-27.9554],[25.131,-27.9506],[25.1325,-27.9468],[25.1328,-27.9436],[25.1327,-27.9365],[25.1309,-27.9298],[25.132,-27.927],[25.1343,-27.9247],[25.1371,-27.9234],[25.1416,-27.9244],[25.1465,-27.9273],[25.1506,-27.9286],[25.1566,-27.9283],[25.1606,-27.9271],[25.1657,-27.9214],[25.1721,-27.9185],[25.1851,-27.9089],[25.1884,-27.9043],[25.193,-27.8933],[25.1977,-27.8885],[25.2067,-27.884],[25.2282,-27.8785],[25.2387,-27.8728],[25.2497,-27.8686],[25.2521,-27.867],[25.2575,-27.8602],[25.2578,-27.8551],[25.2422,-27.8437],[25.2382,-27.8375],[25.2384,-27.8344],[25.2401,-27.8319],[25.2441,-27.8292],[25.2536,-27.8262],[25.2606,-27.822],[25.2636,-27.817],[25.2652,-27.8113],[25.2678,-27.8074],[25.2695,-27.8012],[25.2751,-27.7963],[25.2814,-27.7947],[25.2937,-27.7946],[25.3015,-27.7932],[25.3125,-27.7959],[25.3151,-27.7957],[25.3217,-27.7944],[25.333,-27.7905],[25.3374,-27.7935],[25.3404,-27.793],[25.3448,-27.7849],[25.3486,-27.772],[25.3514,-27.7676],[25.3572,-27.7617],[25.364,-27.7505],[25.3677,-27.7479],[25.3749,-27.7454],[25.3796,-27.7424],[25.3945,-27.7287],[25.4007,-27.7258],[25.4059,-27.7249],[25.4125,-27.7222],[25.424,-27.7156],[25.4404,-27.7169],[25.4449,-27.7159],[25.4528,-27.7123],[25.458,-27.7109],[25.4653,-27.7096],[25.4693,-27.7106],[25.4733,-27.7067],[25.4747,-27.6988],[25.4809,-27.6925],[25.4879,-27.6919],[25.4948,-27.6939],[25.5132,-27.6948],[25.5337,-27.6912],[25.5374,-27.6912],[25.5437,-27.689],[25.5558,-27.6867],[25.5627,-27.6835],[25.5724,-27.6775],[25.5751,-27.6738],[25.5774,-27.6685],[25.5847,-27.6587],[25.5907,-27.6552],[25.5966,-27.6551],[25.6034,-27.6598],[25.6104,-27.66],[25.6144,-27.6657],[25.6185,-27.6693],[25.6275,-27.6672],[25.6308,-27.668],[25.6323,-27.6698],[25.6322,-27.6743],[25.633,-27.6761],[25.637,-27.6818],[25.6415,-27.6864],[25.6481,-27.6908],[25.6576,-27.6948],[25.6607,-27.6949],[25.6648,-27.6938],[25.6718,-27.6886],[25.6761,-27.6825],[25.6785,-27.677],[25.6767,-27.6592],[25.6794,-27.6519],[25.6796,-27.6489],[25.6784,-27.6408],[25.6755,-27.6349],[25.6763,-27.632],[25.6789,-27.6296],[25.6852,-27.6262],[25.6951,-27.625],[25.7052,-27.6256],[25.7099,-27.6245],[25.7129,-27.6228],[25.7176,-27.6177],[25.7227,-27.6145],[25.7279,-27.609],[25.7347,-27.6098],[25.7375,-27.6088],[25.7495,-27.5998],[25.764,-27.596],[25.7704,-27.592],[25.777,-27.586],[25.7814,-27.5841],[25.7882,-27.583],[25.7986,-27.5844],[25.8048,-27.5831],[25.8098,-27.5769],[25.8147,-27.5728],[25.8217,-27.57],[25.8274,-27.5667],[25.8309,-27.5662],[25.8328,-27.567],[25.835,-27.5785],[25.8452,-27.5901],[25.8467,-27.5949],[25.8436,-27.601],[25.8435,-27.6043],[25.8448,-27.6076],[25.8468,-27.6118],[25.8501,-27.6156],[25.8526,-27.621],[25.8581,-27.6238],[25.8724,-27.628],[25.8755,-27.6282],[25.8913,-27.6261],[25.8983,-27.6225],[25.8951,-27.6147],[25.8949,-27.6115],[25.8957,-27.61],[25.9006,-27.6091],[25.9097,-27.6104],[25.9157,-27.6057],[25.9243,-27.6035],[25.9273,-27.604],[25.932,-27.6064],[25.9358,-27.6096],[25.9403,-27.6149],[25.9437,-27.6214],[25.9456,-27.6278],[25.9458,-27.6315],[25.9473,-27.6329],[25.9513,-27.6321],[25.9554,-27.6299],[25.9654,-27.6266],[25.9681,-27.625],[25.9819,-27.6272],[25.9822,-27.6294],[25.9801,-27.6335],[25.9806,-27.6371],[25.9827,-27.6391],[25.9921,-27.6412],[26.0008,-27.6476],[26.0049,-27.6522],[26.008,-27.6604],[26.0088,-27.6671],[26.0077,-27.6773],[26.0096,-27.6831],[26.0107,-27.6898],[26.0084,-27.6946],[26.003,-27.7023],[26.0026,-27.7052],[26.0032,-27.708],[26.0127,-27.7223],[26.0204,-27.7279],[26.025,-27.7339],[26.0329,-27.7367],[26.0355,-27.7366],[26.0432,-27.7287],[26.0477,-27.7255],[26.0625,-27.7207],[26.0709,-27.715],[26.0858,-27.7011],[26.0922,-27.6966],[26.0945,-27.6917],[26.0948,-27.6846],[26.0928,-27.6824],[26.0912,-27.6818],[26.0777,-27.6821],[26.0678,-27.6808],[26.0619,-27.6768],[26.0547,-27.6692],[26.0567,-27.6659],[26.0637,-27.6602],[26.0723,-27.656],[26.0799,-27.6534],[26.0862,-27.648],[26.0865,-27.6458],[26.0858,-27.6428],[26.0749,-27.6205],[26.0758,-27.6163],[26.082,-27.6034],[26.0845,-27.5951],[26.0882,-27.5939],[26.1062,-27.5955],[26.1133,-27.5933],[26.1177,-27.5898],[26.1245,-27.5806],[26.1247,-27.5787],[26.1223,-27.5744],[26.1221,-27.5724],[26.1238,-27.5669],[26.1255,-27.5648],[26.134,-27.5585],[26.1403,-27.5576],[26.1451,-27.5626],[26.1508,-27.5643],[26.1536,-27.564],[26.1631,-27.5517],[26.168,-27.538],[26.1701,-27.5361],[26.1861,-27.5315],[26.1951,-27.5232],[26.199,-27.5186],[26.2018,-27.5167],[26.206,-27.5156],[26.2136,-27.5157],[26.2222,-27.5145],[26.2265,-27.5138],[26.229,-27.5121],[26.2298,-27.5102],[26.2312,-27.4954],[26.2208,-27.4833],[26.2199,-27.4744],[26.2339,-27.4542],[26.2397,-27.4354],[26.2423,-27.4314],[26.245,-27.4299],[26.2529,-27.4295],[26.2602,-27.4199],[26.2646,-27.4164],[26.2695,-27.4168],[26.2761,-27.4211],[26.2862,-27.4222],[26.2893,-27.4195],[26.291,-27.4167],[26.2956,-27.4158],[26.305,-27.4181],[26.31,-27.4183],[26.3136,-27.4224],[26.3155,-27.4297],[26.3168,-27.4314],[26.3211,-27.4334],[26.3241,-27.4329],[26.3266,-27.4292],[26.3279,-27.4199],[26.3266,-27.4088],[26.3272,-27.4058],[26.3354,-27.3984],[26.3396,-27.3894],[26.3457,-27.3853],[26.3505,-27.3859],[26.3577,-27.3889],[26.3616,-27.3893],[26.3651,-27.3877],[26.3687,-27.3845],[26.3724,-27.3838],[26.3802,-27.3884],[26.388,-27.3895],[26.3943,-27.394],[26.4075,-27.3998],[26.4165,-27.4027],[26.4231,-27.4069],[26.4259,-27.4059],[26.435,-27.3988],[26.4404,-27.3939],[26.4452,-27.3881],[26.4519,-27.3857],[26.4589,-27.3866],[26.4683,-27.3912],[26.4976,-27.3957],[26.5052,-27.3983],[26.5081,-27.3981],[26.5104,-27.3962],[26.5138,-27.3903],[26.5142,-27.3868],[26.5128,-27.3848],[26.5067,-27.3818],[26.4995,-27.3797],[26.4847,-27.3799],[26.4763,-27.3718],[26.4682,-27.3692],[26.462,-27.3657],[26.4495,-27.3536],[26.4464,-27.3497],[26.4461,-27.3469],[26.4472,-27.344],[26.4531,-27.3403],[26.4555,-27.3374],[26.4568,-27.3292],[26.4582,-27.3262],[26.4696,-27.315],[26.4738,-27.3123],[26.4755,-27.3083],[26.478,-27.307],[26.4814,-27.3067],[26.4832,-27.3071],[26.4848,-27.3091],[26.4849,-27.3135],[26.4791,-27.3189],[26.4791,-27.3214],[26.4808,-27.3232],[26.4849,-27.3239],[26.4934,-27.3191],[26.4939,-27.3083],[26.4883,-27.2963],[26.4885,-27.2861],[26.4889,-27.2833],[26.4925,-27.2798],[26.4962,-27.2738],[26.4972,-27.2711],[26.4972,-27.2678],[26.4946,-27.2591],[26.4889,-27.2506],[26.4876,-27.2505],[26.4768,-27.2446],[26.4705,-27.2388],[26.4666,-27.2325],[26.4639,-27.2298],[26.4547,-27.2228],[26.4437,-27.2174],[26.4377,-27.21],[26.4351,-27.2031],[26.4348,-27.1952],[26.4329,-27.1901],[26.4273,-27.1852],[26.4243,-27.1775],[26.4202,-27.1725],[26.4201,-27.1684],[26.4238,-27.1604],[26.4255,-27.1536],[26.4271,-27.1512],[26.429,-27.1502],[26.4342,-27.1496],[26.4407,-27.15],[26.4513,-27.1539],[26.4592,-27.158],[26.4637,-27.1574],[26.4731,-27.1541],[26.4752,-27.1516],[26.4763,-27.1485],[26.4781,-27.1373],[26.4836,-27.131],[26.4874,-27.13],[26.4984,-27.1329],[26.5029,-27.1307],[26.507,-27.1272],[26.5142,-27.1188],[26.5221,-27.1037],[26.5228,-27.0987],[26.5242,-27.0959],[26.5265,-27.0924],[26.5287,-27.091],[26.5341,-27.0901],[26.5385,-27.0903],[26.5448,-27.0942],[26.549,-27.0986],[26.5684,-27.1025],[26.5753,-27.1047],[26.5818,-27.1083],[26.5836,-27.108],[26.5869,-27.1034],[26.5881,-27.0953],[26.5933,-27.0824],[26.5938,-27.0793],[26.5923,-27.0706],[26.5897,-27.0667],[26.5833,-27.0631],[26.5809,-27.0583],[26.5814,-27.0544],[26.5883,-27.0426],[26.5926,-27.0378],[26.6135,-27.0271],[26.6145,-27.0252],[26.616,-27.0138],[26.619,-27.0036],[26.6243,-27.0026],[26.6295,-27.0038],[26.6361,-27.0034],[26.646,-27.0003],[26.6589,-26.9938],[26.6625,-26.9934],[26.6688,-26.9946],[26.6728,-26.9964],[26.6764,-27.0008],[26.6765,-27.0102],[26.6789,-27.0146],[26.6842,-27.0176],[26.6887,-27.018],[26.6966,-27.0139],[26.6979,-27.0113],[26.7006,-27.0086],[26.7064,-26.988],[26.711,-26.978],[26.7155,-26.9739],[26.7411,-26.9649],[26.7496,-26.9651],[26.7552,-26.9619],[26.7593,-26.9569],[26.7615,-26.9525],[26.7667,-26.9481],[26.7802,-26.946],[26.7896,-26.9429],[26.805,-26.932],[26.8098,-26.9317],[26.8117,-26.9342],[26.8114,-26.9402],[26.8094,-26.9472],[26.8097,-26.9491],[26.8114,-26.9513],[26.8157,-26.9532],[26.8183,-26.9532],[26.8225,-26.9512],[26.8306,-26.9493],[26.8424,-26.9421],[26.8485,-26.9402],[26.8504,-26.9377],[26.8513,-26.9345],[26.858,-26.922],[26.8612,-26.9196],[26.8637,-26.9189],[26.8682,-26.9196],[26.8743,-26.9238],[26.8755,-26.9263],[26.8748,-26.9301],[26.8804,-26.9348],[26.8829,-26.9359],[26.8961,-26.9351],[26.9076,-26.9445],[26.909,-26.9464],[26.9097,-26.9525],[26.9086,-26.9592],[26.9091,-26.9613],[26.9104,-26.9637],[26.9144,-26.9672],[26.9169,-26.9725],[26.9201,-26.9735],[26.9221,-26.9716],[26.9232,-26.969],[26.925,-26.9573],[26.9234,-26.9434],[26.9246,-26.9303],[26.9201,-26.9108],[26.9202,-26.906],[26.9272,-26.8871],[26.936,-26.8752],[26.9404,-26.8715],[26.9508,-26.8745],[26.9513,-26.8783],[26.9491,-26.8821],[26.9486,-26.8879],[26.9472,-26.892],[26.95,-26.8956],[26.9561,-26.9002],[26.9748,-26.9121],[26.9868,-26.9163],[26.9929,-26.9209],[27.0052,-26.9254],[27.0139,-26.932],[27.0168,-26.9319],[27.0207,-26.934],[27.0238,-26.934],[27.0282,-26.9359],[27.0319,-26.9361],[27.04,-26.9382],[27.0436,-26.9371],[27.0506,-26.9367],[27.0646,-26.9373],[27.0701,-26.9351],[27.0734,-26.9348],[27.0796,-26.9357],[27.0835,-26.938],[27.0868,-26.9385],[27.0949,-26.931],[27.1016,-26.9292],[27.106,-26.9272],[27.113,-26.9263],[27.117,-26.9273],[27.1209,-26.9308],[27.126,-26.9336],[27.1309,-26.935],[27.1332,-26.9372],[27.1435,-26.9419],[27.1472,-26.9409],[27.1537,-26.937],[27.1552,-26.9337],[27.1618,-26.9259],[27.1647,-26.9241],[27.1701,-26.923],[27.1764,-26.9249],[27.1813,-26.9274],[27.1829,-26.9304],[27.1818,-26.9407],[27.1832,-26.9503],[27.1815,-26.9577],[27.1752,-26.9636],[27.1737,-26.9668],[27.174,-26.9685],[27.1772,-26.9708],[27.1831,-26.9732],[27.1901,-26.9775],[27.1957,-26.9781],[27.2033,-26.9805],[27.207,-26.9802],[27.2121,-26.9762],[27.211,-26.9695],[27.2111,-26.9624],[27.2134,-26.9577],[27.2149,-26.9511],[27.2175,-26.9461],[27.2203,-26.9436],[27.2295,-26.939],[27.2344,-26.9274],[27.2416,-26.9187],[27.2469,-26.9144],[27.255,-26.9126],[27.2599,-26.9103],[27.2621,-26.9082],[27.2647,-26.9047],[27.2663,-26.899],[27.2704,-26.8915],[27.2732,-26.8894],[27.2782,-26.8881],[27.2821,-26.8836],[27.2898,-26.8794],[27.2913,-26.8773],[27.2921,-26.8694],[27.2962,-26.8649],[27.2995,-26.8631],[27.301,-26.8605],[27.3003,-26.8566],[27.3022,-26.8547],[27.3061,-26.8533],[27.3141,-26.8527],[27.33,-26.8532],[27.3328,-26.8542],[27.3386,-26.8583],[27.3402,-26.8609],[27.3405,-26.8646],[27.3395,-26.8685],[27.3408,-26.872],[27.3553,-26.8824],[27.3608,-26.8843],[27.3651,-26.891],[27.3684,-26.8917],[27.3678,-26.8956],[27.3689,-26.9006],[27.3709,-26.9042],[27.3766,-26.9049],[27.3808,-26.9008],[27.3842,-26.9004],[27.389,-26.9039],[27.3902,-26.9114],[27.3913,-26.9138],[27.393,-26.9149],[27.3965,-26.9149],[27.3983,-26.916],[27.4003,-26.9222],[27.4075,-26.9258],[27.4143,-26.9257],[27.4186,-26.9239],[27.4238,-26.9192],[27.44,-26.8995],[27.4425,-26.9005],[27.4442,-26.9004],[27.4495,-26.8947],[27.4552,-26.8906],[27.4713,-26.8868],[27.476,-26.8835],[27.481,-26.8634],[27.4875,-26.8494],[27.491,-26.8466],[27.4997,-26.845],[27.5112,-26.8378],[27.5119,-26.8298],[27.5108,-26.8255],[27.5182,-26.8102],[27.5153,-26.804],[27.5083,-26.7984],[27.5059,-26.7948],[27.5056,-26.792],[27.5094,-26.7858],[27.5168,-26.7821],[27.5195,-26.7819],[27.5246,-26.7824],[27.5296,-26.7848],[27.5378,-26.7851],[27.5411,-26.7833],[27.5498,-26.7752],[27.5552,-26.7733],[27.557,-26.7736],[27.5607,-26.7769],[27.5695,-26.7813],[27.5756,-26.7787],[27.5807,-26.7749],[27.5826,-26.7718],[27.5825,-26.7684],[27.5766,-26.7606],[27.5699,-26.7546],[27.5697,-26.7478],[27.5714,-26.7465],[27.5795,-26.7448],[27.5904,-26.7384],[27.5888,-26.7357],[27.5814,-26.731],[27.5869,-26.7273],[27.5891,-26.7241],[27.6022,-26.7228],[27.6017,-26.7149],[27.6028,-26.6924],[27.5753,-26.7157],[27.5742,-26.7158],[27.5742,-26.6841],[27.5702,-26.6836],[27.5691,-26.6472],[27.5065,-26.6462],[27.4548,-26.6303],[27.4347,-26.6318],[27.4258,-26.6495],[27.3784,-26.6107],[27.3854,-26.6043],[27.3658,-26.5738],[27.3386,-26.5717],[27.3389,-26.5781],[27.3315,-26.5903],[27.3442,-26.6131],[27.2991,-26.6221],[27.2974,-26.6216],[27.2969,-26.6203],[27.2933,-26.6223],[27.2862,-26.6214],[27.2851,-26.6224],[27.2842,-26.6222],[27.2859,-26.6244],[27.2855,-26.625],[27.2797,-26.6258],[27.2793,-26.6244],[27.2785,-26.6253],[27.2789,-26.6265],[27.2768,-26.6259],[27.2769,-26.629],[27.2745,-26.6298],[27.2746,-26.6308],[27.2731,-26.6322],[27.2723,-26.6315],[27.2728,-26.6309],[27.2718,-26.6304],[27.2683,-26.6329],[27.2673,-26.6324],[27.2677,-26.6312],[27.2671,-26.6306],[27.2657,-26.6325],[27.2644,-26.6317],[27.2617,-26.6335],[27.2605,-26.6315],[27.2574,-26.6308],[27.2575,-26.632],[27.2537,-26.6325],[27.2522,-26.6338],[27.2508,-26.6339],[27.2513,-26.6347],[27.2497,-26.6349],[27.2494,-26.6341],[27.2489,-26.636],[27.2478,-26.636],[27.2482,-26.6348],[27.2474,-26.6344],[27.2419,-26.6365],[27.235,-26.6186],[27.2332,-26.5955],[27.2345,-26.5949],[27.2284,-26.571],[27.1826,-26.5746],[27.1826,-26.5631],[27.1746,-26.5492],[27.1671,-26.5514],[27.1588,-26.5254],[27.1563,-26.5243],[27.1786,-26.521],[27.1883,-26.5258],[27.1828,-26.5203],[27.1986,-26.518],[27.2125,-26.5148],[27.2314,-26.5055],[27.2238,-26.4518],[27.2246,-26.4516],[27.2249,-26.444],[27.188,-26.3779],[27.2348,-26.3383],[27.2748,-26.3142],[27.2993,-26.3045],[27.3301,-26.2818],[27.3084,-26.2252],[27.2914,-26.1446],[27.3583,-26.1546],[27.3617,-26.1157],[27.4194,-26.1175],[27.4224,-26.0892],[27.4252,-26.0894],[27.4314,-26.0523],[27.4352,-26.0269],[27.4353,-26.0251],[27.4338,-26.0249],[27.434,-26.0225],[27.4357,-26.0226],[27.4389,-26.0143],[27.4498,-26.0162],[27.457,-25.9818],[27.4536,-25.9202],[27.4633,-25.9215],[27.457,-25.8883],[27.47,-25.8881],[27.462,-25.8676],[27.4844,-25.8635],[27.4975,-25.8596],[27.5002,-25.8613],[27.5133,-25.8603],[27.5323,-25.85],[27.5336,-25.8521],[27.5425,-25.8526],[27.5474,-25.8514],[27.5477,-25.8505],[27.546,-25.8462],[27.5599,-25.8428],[27.5746,-25.836],[27.5983,-25.8196],[27.5993,-25.8127],[27.6056,-25.8082],[27.6403,-25.7963],[27.6436,-25.7959],[27.6466,-25.8141],[27.6418,-25.8114],[27.6411,-25.8128],[27.6455,-25.8198],[27.6489,-25.835],[27.6485,-25.8381],[27.6468,-25.8394],[27.6471,-25.8406],[27.6505,-25.8427],[27.6497,-25.8435],[27.6546,-25.8453],[27.6596,-25.8433],[27.6627,-25.8399],[27.6639,-25.84],[27.6642,-25.8418],[27.6849,-25.8754],[27.7046,-25.8683],[27.7303,-25.8552],[27.7358,-25.8553],[27.7427,-25.8502],[27.7427,-25.863],[27.7446,-25.8946],[27.791,-25.8747],[27.8315,-25.8602],[27.844,-25.8489],[27.8518,-25.8464],[27.8482,-25.8393],[27.8587,-25.8188],[27.8657,-25.8192],[27.8887,-25.8231],[27.8917,-25.8229],[27.8901,-25.8298],[27.8853,-25.8354],[27.8844,-25.8387],[27.8835,-25.8457],[27.8847,-25.8517],[27.8826,-25.8619],[27.8982,-25.8597],[27.9005,-25.8408],[27.9395,-25.8368],[27.9258,-25.8241],[27.9401,-25.8197],[27.9602,-25.816],[27.9572,-25.8005],[27.9637,-25.7991],[27.9623,-25.7919],[27.9632,-25.7871],[27.9596,-25.786],[27.9546,-25.7869],[27.9493,-25.7598],[27.9527,-25.7596],[27.9558,-25.7566],[27.9646,-25.7576],[27.9732,-25.7568],[27.9795,-25.7515],[27.9482,-25.6952],[27.9575,-25.6937],[27.9538,-25.6729],[27.9519,-25.6713],[27.9528,-25.6669],[27.9519,-25.664],[27.9531,-25.6557],[27.9523,-25.6536],[27.9541,-25.6502],[27.9573,-25.6476],[27.9571,-25.6436],[27.959,-25.6435],[27.9621,-25.6451],[27.9652,-25.6454],[27.9656,-25.6417],[27.9649,-25.6348],[27.9806,-25.6328],[27.9722,-25.5979],[27.9576,-25.5926],[27.9646,-25.5802],[27.9815,-25.5427],[28.0307,-25.5584],[28.0495,-25.5596],[28.0524,-25.5358],[28.0244,-25.5307],[27.9924,-25.518],[28.0075,-25.4841],[28.0119,-25.4805],[28.036,-25.4706],[27.9917,-25.4245],[27.9697,-25.4391],[27.9604,-25.4273],[27.9582,-25.4263],[27.9456,-25.4067],[27.9708,-25.3629],[28.0004,-25.3594],[28.0447,-25.4017],[28.0555,-25.4],[28.0834,-25.3848],[28.108,-25.367],[28.1107,-25.3789],[28.1767,-25.3659],[28.1768,-25.3286],[28.2015,-25.3237],[28.2283,-25.3542],[28.2826,-25.3426],[28.2834,-25.3381],[28.2895,-25.3383],[28.2896,-25.3411],[28.2981,-25.3393],[28.2982,-25.2932],[28.2599,-25.2387],[28.2463,-25.2128],[28.2112,-25.1981],[28.1695,-25.2094],[28.1647,-25.2094],[28.1357,-25.2056],[28.1328,-25.1733],[28.129,-25.1457],[28.0944,-25.1485],[28.0839,-25.1004],[28.1179,-25.0981],[28.1366,-25.0933],[28.1539,-25.0868],[28.1751,-25.1136],[28.1738,-25.12],[28.1983,-25.1276],[28.215,-25.1281],[28.2171,-25.1229],[28.217,-25.113],[28.2598,-25.0504],[28.1587,-25.0206],[28.1252,-25.0048],[28.12,-24.9795],[28.0801,-24.9795],[28.0379,-24.9838],[28.037,-24.9853],[28.0178,-24.974],[27.9976,-24.9735],[27.9836,-24.9578],[27.9752,-24.9657],[27.955,-24.9702],[27.9465,-25.0012],[27.9129,-24.9911],[27.8867,-24.9883],[27.8331,-24.9735],[27.8217,-24.9746],[27.7889,-24.9665],[27.7591,-24.9689],[27.7389,-24.9831],[27.706,-24.9897],[27.6873,-24.9943],[27.6847,-24.9858],[27.6286,-24.9737],[27.5975,-24.9849],[27.594,-25.0294],[27.5678,-25.0594],[27.5598,-25.0773],[27.5654,-25.0797],[27.5653,-25.0827],[27.5436,-25.0959],[27.5428,-25.098],[27.5323,-25.0944],[27.5339,-25.0832],[27.5262,-25.0802],[27.5212,-25.0797],[27.5212,-25.076],[27.498,-25.0732],[27.4869,-25.0784],[27.4818,-25.0671],[27.4313,-25.082],[27.4246,-25.0689],[27.3825,-25.08],[27.337,-25.0878],[27.3136,-25.0421],[27.2719,-25.0367],[27.2236,-25.0674],[27.2317,-25.0361],[27.2035,-25.0332],[27.2091,-24.9956],[27.2261,-24.9639],[27.1834,-24.9485],[27.1541,-24.979],[27.1439,-24.9461],[27.1012,-24.9],[27.0412,-24.887],[27.0263,-24.7186],[26.9759,-24.7207],[26.9807,-24.7758],[26.9427,-24.7763],[26.9433,-24.7814],[26.9035,-24.7958],[26.7918,-24.8341],[26.7795,-24.8377],[26.7662,-24.8602],[26.7513,-24.883],[26.7051,-24.857],[26.6993,-24.8673],[26.6604,-24.8396],[26.622,-24.8099],[26.601,-24.8158],[26.5665,-24.8199],[26.5286,-24.8138],[26.4583,-24.8095],[26.4613,-24.8001],[26.4616,-24.7953],[26.4595,-24.7905],[26.457,-24.7891],[26.454,-24.7888],[26.4523,-24.7891],[26.4483,-24.7921],[26.4446,-24.7908],[26.4381,-24.784],[26.4354,-24.7829],[26.4312,-24.7782],[26.43,-24.7751],[26.4272,-24.7732],[26.426,-24.7712],[26.426,-24.7702],[26.4297,-24.7654],[26.4291,-24.7618],[26.4269,-24.7579],[26.4282,-24.7538],[26.4271,-24.7529],[26.4277,-24.7513],[26.426,-24.7461],[26.42,-24.7352],[26.4182,-24.729],[26.4209,-24.725],[26.4226,-24.7206],[26.4222,-24.719],[26.4197,-24.716],[26.423,-24.7099],[26.4234,-24.7045],[26.4272,-24.6967],[26.4262,-24.6945],[26.4224,-24.6933],[26.4213,-24.6916],[26.4228,-24.6817],[26.4218,-24.6708],[26.4237,-24.6678],[26.427,-24.6652],[26.4276,-24.6588],[26.4264,-24.6569],[26.4189,-24.6551]]]},"properties":{"OBJECTID_12":7,"OBJECTID_1":7,"OBJECTID":7,"CODE":"NW","PROVINCE":"North West","GISDB.LDR.Provinces.Area":104881.70493599999,"Country":"South Africa","Shape_Leng":26.091485980000002,"Shape_STAr":9.4778252900000002,"Shape_STLe":26.091485980000002,"Shape.STArea()":9.4778252949499802,"Shape.STLength()":26.091485977934852}},{"type":"Feature","id":8,"geometry":{"type":"Polygon","coordinates":[[[20.0446,-24.8109],[20.038,-24.8093],[20.0339,-24.8007],[20.0293,-24.788],[20.0078,-24.7743],[20.0013,-24.7694],[20.0005,-24.7673],[19.9989,-24.7659],[19.9989,-25.1035],[20.0002,-25.5316],[19.9993,-25.6242],[19.9988,-26.6187],[20.0002,-26.961],[20.0005,-27.9839],[19.9992,-28.4278],[19.9892,-28.4256],[19.9724,-28.4258],[19.9588,-28.4307],[19.9515,-28.4352],[19.9476,-28.4365],[19.9338,-28.4389],[19.9144,-28.4454],[19.9043,-28.445],[19.8957,-28.4416],[19.889,-28.4408],[19.884,-28.4423],[19.8771,-28.4427],[19.8738,-28.4445],[19.8688,-28.4502],[19.8643,-28.4567],[19.8598,-28.4577],[19.8535,-28.4569],[19.8497,-28.4579],[19.8476,-28.4596],[19.84,-28.471],[19.841,-28.4805],[19.8347,-28.4873],[19.829,-28.4972],[19.8246,-28.5027],[19.8207,-28.5055],[19.8133,-28.5083],[19.8081,-28.5084],[19.7996,-28.5067],[19.7949,-28.5036],[19.7891,-28.5015],[19.7795,-28.5013],[19.7701,-28.4932],[19.7602,-28.4888],[19.7503,-28.4875],[19.7433,-28.4858],[19.7386,-28.4857],[19.7301,-28.4879],[19.7186,-28.4956],[19.7157,-28.4983],[19.7105,-28.5068],[19.6968,-28.5176],[19.6922,-28.5189],[19.6857,-28.5189],[19.6733,-28.5219],[19.6722,-28.5232],[19.6709,-28.5294],[19.6683,-28.5311],[19.6645,-28.5307],[19.6592,-28.5251],[19.6536,-28.5238],[19.6448,-28.5201],[19.633,-28.5125],[19.6252,-28.5109],[19.6219,-28.511],[19.615,-28.5128],[19.6064,-28.5184],[19.5967,-28.5209],[19.5897,-28.525],[19.5854,-28.5293],[19.579,-28.5292],[19.5729,-28.5262],[19.5679,-28.5266],[19.5658,-28.5277],[19.5591,-28.5329],[19.5574,-28.5353],[19.5491,-28.5403],[19.546,-28.544],[19.5455,-28.5478],[19.5477,-28.554],[19.5441,-28.5655],[19.5432,-28.5744],[19.5408,-28.5805],[19.5361,-28.5871],[19.5282,-28.5899],[19.5228,-28.5905],[19.513,-28.5958],[19.5068,-28.5978],[19.5039,-28.601],[19.5034,-28.6033],[19.5007,-28.6081],[19.5016,-28.6104],[19.5022,-28.6181],[19.5022,-28.6242],[19.5012,-28.6254],[19.502,-28.6293],[19.4966,-28.6365],[19.4951,-28.6424],[19.4947,-28.6599],[19.492,-28.6679],[19.4915,-28.6796],[19.4898,-28.6819],[19.4834,-28.6848],[19.48,-28.6876],[19.4668,-28.7061],[19.4521,-28.7126],[19.4433,-28.7182],[19.4387,-28.7198],[19.4311,-28.7203],[19.4164,-28.7305],[19.4037,-28.7368],[19.3872,-28.7337],[19.3798,-28.7375],[19.375,-28.7373],[19.3651,-28.74],[19.3582,-28.7407],[19.3509,-28.743],[19.3466,-28.7419],[19.3337,-28.7361],[19.3277,-28.7356],[19.3231,-28.7374],[19.3187,-28.7374],[19.313,-28.736],[19.3033,-28.7318],[19.2959,-28.7326],[19.2758,-28.7395],[19.2688,-28.7427],[19.2631,-28.7505],[19.2579,-28.7597],[19.2545,-28.7738],[19.2494,-28.7822],[19.2495,-28.7839],[19.2461,-28.7883],[19.2447,-28.7943],[19.2399,-28.8055],[19.2392,-28.813],[19.2407,-28.8159],[19.2421,-28.8276],[19.2448,-28.8332],[19.2467,-28.8354],[19.2495,-28.8373],[19.2504,-28.8445],[19.2548,-28.8524],[19.2564,-28.8577],[19.265,-28.8696],[19.2674,-28.8714],[19.2709,-28.8725],[19.2817,-28.872],[19.2851,-28.8734],[19.2903,-28.877],[19.2965,-28.8857],[19.2969,-28.8892],[19.2958,-28.8944],[19.2914,-28.9015],[19.2854,-28.9082],[19.2828,-28.9092],[19.2785,-28.9086],[19.2548,-28.9019],[19.2493,-28.9016],[19.245,-28.9026],[19.2378,-28.908],[19.2315,-28.9107],[19.2268,-28.9166],[19.224,-28.9234],[19.2182,-28.9289],[19.2122,-28.9325],[19.2111,-28.9343],[19.1967,-28.947],[19.19,-28.9506],[19.1762,-28.9545],[19.1721,-28.9571],[19.1635,-28.9583],[19.1551,-28.9619],[19.146,-28.9632],[19.1412,-28.9627],[19.1356,-28.9608],[19.1333,-28.9624],[19.1293,-28.9637],[19.1259,-28.9671],[19.1189,-28.9694],[19.114,-28.9692],[19.0979,-28.9658],[19.0839,-28.9602],[19.0796,-28.9591],[19.0751,-28.9591],[19.0724,-28.958],[19.0676,-28.9507],[19.0594,-28.9453],[19.0563,-28.9407],[19.0501,-28.9359],[19.042,-28.9314],[19.0286,-28.9286],[19.0211,-28.9306],[19.015,-28.9312],[19.0091,-28.9292],[19.0076,-28.928],[19.0059,-28.9241],[19.0039,-28.9148],[19.0039,-28.9101],[19.0014,-28.9044],[18.9972,-28.898],[18.9965,-28.8922],[18.9931,-28.8872],[18.9878,-28.885],[18.9824,-28.8777],[18.9722,-28.8705],[18.961,-28.8695],[18.9564,-28.867],[18.9472,-28.8637],[18.9356,-28.8572],[18.9264,-28.8553],[18.9049,-28.8555],[18.9011,-28.8547],[18.897,-28.8521],[18.894,-28.8525],[18.8854,-28.8509],[18.8802,-28.8488],[18.8725,-28.8471],[18.8694,-28.848],[18.8554,-28.8444],[18.8506,-28.8459],[18.8475,-28.8487],[18.8449,-28.8491],[18.8355,-28.8483],[18.8309,-28.845],[18.8232,-28.8431],[18.8193,-28.8435],[18.8137,-28.8467],[18.7996,-28.8436],[18.7944,-28.8434],[18.7918,-28.8411],[18.7872,-28.8408],[18.7848,-28.8416],[18.7826,-28.8435],[18.7792,-28.8444],[18.7711,-28.8397],[18.7677,-28.8398],[18.7642,-28.8409],[18.7552,-28.8359],[18.7499,-28.8341],[18.73,-28.8316],[18.7164,-28.8342],[18.7109,-28.8375],[18.7092,-28.8367],[18.7085,-28.8387],[18.6888,-28.8422],[18.6712,-28.8413],[18.6605,-28.8442],[18.643,-28.84],[18.6279,-28.8411],[18.6244,-28.8423],[18.6208,-28.8451],[18.6188,-28.8478],[18.6046,-28.8545],[18.5894,-28.8578],[18.5747,-28.8564],[18.5677,-28.857],[18.5628,-28.8596],[18.538,-28.8661],[18.5322,-28.8686],[18.5309,-28.8715],[18.5259,-28.8773],[18.5152,-28.8864],[18.5136,-28.8889],[18.5122,-28.8895],[18.5056,-28.8906],[18.498,-28.8892],[18.4937,-28.8872],[18.4907,-28.8872],[18.4832,-28.8836],[18.4711,-28.8833],[18.462,-28.8857],[18.454,-28.8918],[18.4484,-28.894],[18.4235,-28.9008],[18.4177,-28.9005],[18.4055,-28.8965],[18.3946,-28.8972],[18.367,-28.8934],[18.3621,-28.8913],[18.3559,-28.8841],[18.3503,-28.8807],[18.3426,-28.8816],[18.3367,-28.8839],[18.33,-28.8823],[18.3151,-28.883],[18.3008,-28.8846],[18.2792,-28.8818],[18.2721,-28.8798],[18.2635,-28.8794],[18.2608,-28.8803],[18.2596,-28.8816],[18.2569,-28.8908],[18.2532,-28.8959],[18.2476,-28.8975],[18.232,-28.8956],[18.226,-28.8939],[18.2192,-28.8943],[18.2154,-28.8966],[18.2131,-28.9001],[18.2083,-28.9048],[18.2007,-28.9107],[18.1932,-28.9156],[18.1884,-28.9161],[18.1854,-28.9151],[18.181,-28.9116],[18.1777,-28.9065],[18.1746,-28.9035],[18.1698,-28.9021],[18.1621,-28.8974],[18.1468,-28.8925],[18.1341,-28.8956],[18.1278,-28.8951],[18.1213,-28.8923],[18.1114,-28.8862],[18.1007,-28.8773],[18.0831,-28.8706],[18.0778,-28.8702],[18.0588,-28.8769],[18.0532,-28.8768],[18.0461,-28.8743],[18.0345,-28.8617],[18.0313,-28.8543],[18.0264,-28.8464],[18.0223,-28.8434],[18.0214,-28.8441],[18.0193,-28.8431],[18.0147,-28.8391],[18.0117,-28.8345],[18.0124,-28.828],[18.0033,-28.8188],[17.9996,-28.8175],[17.9935,-28.8095],[17.988,-28.8063],[17.9848,-28.8075],[17.9821,-28.8065],[17.9781,-28.8012],[17.9745,-28.7939],[17.9628,-28.785],[17.9566,-28.7846],[17.9448,-28.7892],[17.9381,-28.7888],[17.9353,-28.7875],[17.9324,-28.7849],[17.932,-28.7807],[17.9262,-28.7695],[17.9216,-28.7654],[17.9176,-28.7641],[17.9123,-28.7652],[17.9072,-28.7724],[17.8984,-28.7681],[17.8803,-28.7639],[17.8728,-28.7638],[17.8688,-28.7627],[17.8666,-28.7632],[17.8602,-28.7622],[17.8543,-28.7632],[17.8422,-28.7612],[17.8287,-28.761],[17.8208,-28.7553],[17.8058,-28.7545],[17.7919,-28.7557],[17.7814,-28.7579],[17.7708,-28.7542],[17.7636,-28.7493],[17.7588,-28.7444],[17.7522,-28.7405],[17.7495,-28.7399],[17.7426,-28.7423],[17.7391,-28.7483],[17.7359,-28.7566],[17.7314,-28.76],[17.7278,-28.761],[17.7235,-28.7604],[17.7202,-28.7568],[17.7169,-28.7522],[17.7166,-28.7505],[17.7145,-28.7482],[17.7107,-28.7456],[17.7043,-28.7447],[17.6975,-28.7466],[17.6926,-28.7503],[17.6886,-28.7549],[17.6853,-28.7613],[17.6791,-28.7665],[17.6661,-28.7721],[17.6576,-28.7724],[17.6511,-28.7739],[17.6471,-28.7737],[17.6333,-28.7681],[17.625,-28.7632],[17.6218,-28.7629],[17.6227,-28.7646],[17.6196,-28.7646],[17.6161,-28.7607],[17.6098,-28.7502],[17.6088,-28.7463],[17.6126,-28.7285],[17.6123,-28.7236],[17.6094,-28.7199],[17.6103,-28.7167],[17.61,-28.7129],[17.6063,-28.7085],[17.605,-28.7037],[17.5989,-28.6946],[17.5898,-28.6888],[17.5801,-28.689],[17.5684,-28.6856],[17.5605,-28.6867],[17.5554,-28.6887],[17.5536,-28.6903],[17.5536,-28.6948],[17.5529,-28.6957],[17.5477,-28.6993],[17.542,-28.7011],[17.5238,-28.6994],[17.4999,-28.6945],[17.4967,-28.6932],[17.4913,-28.6933],[17.4828,-28.6961],[17.4797,-28.6984],[17.4748,-28.704],[17.4723,-28.7052],[17.4643,-28.702],[17.462,-28.7023],[17.4539,-28.708],[17.4412,-28.7129],[17.4302,-28.7216],[17.4225,-28.7232],[17.4183,-28.7216],[17.4151,-28.7174],[17.4105,-28.7145],[17.4116,-28.7102],[17.4155,-28.7028],[17.4173,-28.6961],[17.4141,-28.677],[17.414,-28.6712],[17.4157,-28.6675],[17.4264,-28.6563],[17.428,-28.6503],[17.428,-28.6462],[17.4256,-28.6382],[17.4256,-28.6339],[17.4264,-28.6306],[17.4301,-28.6234],[17.4312,-28.6188],[17.4313,-28.6144],[17.4298,-28.6087],[17.4263,-28.6044],[17.4246,-28.6001],[17.4257,-28.5965],[17.4322,-28.5832],[17.4327,-28.578],[17.4318,-28.5742],[17.4297,-28.5699],[17.4242,-28.5656],[17.4128,-28.5626],[17.4018,-28.5641],[17.3984,-28.5653],[17.392,-28.5701],[17.3891,-28.5712],[17.3845,-28.5711],[17.3802,-28.5689],[17.3767,-28.5638],[17.3763,-28.562],[17.3773,-28.5366],[17.3767,-28.5365],[17.3761,-28.5384],[17.3754,-28.5327],[17.3725,-28.527],[17.3716,-28.5211],[17.3693,-28.5166],[17.367,-28.5143],[17.3665,-28.5101],[17.3644,-28.5076],[17.3591,-28.5039],[17.3462,-28.5004],[17.3407,-28.496],[17.338,-28.4868],[17.3341,-28.4804],[17.3331,-28.4755],[17.3355,-28.4644],[17.3393,-28.4559],[17.339,-28.4527],[17.347,-28.4449],[17.3487,-28.439],[17.3553,-28.4368],[17.3848,-28.437],[17.3921,-28.432],[17.3961,-28.428],[17.3981,-28.4222],[17.4066,-28.4083],[17.41,-28.3996],[17.411,-28.3894],[17.4142,-28.3763],[17.4102,-28.3709],[17.4046,-28.3551],[17.3943,-28.3417],[17.3892,-28.3376],[17.3852,-28.3327],[17.3817,-28.3307],[17.3758,-28.3214],[17.3763,-28.3159],[17.378,-28.3107],[17.383,-28.3012],[17.3821,-28.2956],[17.3793,-28.2915],[17.3777,-28.2876],[17.3708,-28.2785],[17.3622,-28.2744],[17.3583,-28.2649],[17.3554,-28.2516],[17.3521,-28.2487],[17.3438,-28.2368],[17.3391,-28.2341],[17.3393,-28.2323],[17.337,-28.2288],[17.3333,-28.2258],[17.3122,-28.2239],[17.3076,-28.2242],[17.303,-28.2263],[17.2977,-28.2319],[17.2909,-28.2365],[17.289,-28.2391],[17.2826,-28.2438],[17.2781,-28.2454],[17.2735,-28.245],[17.2614,-28.2391],[17.2554,-28.2378],[17.2504,-28.239],[17.2399,-28.2478],[17.2309,-28.2508],[17.2229,-28.2504],[17.2146,-28.2478],[17.2123,-28.2448],[17.2054,-28.2389],[17.2039,-28.2362],[17.1953,-28.2277],[17.1911,-28.2199],[17.1879,-28.2163],[17.1842,-28.209],[17.1825,-28.2034],[17.1822,-28.1999],[17.1839,-28.1919],[17.1832,-28.1828],[17.1856,-28.1723],[17.1877,-28.1694],[17.1899,-28.1639],[17.1911,-28.1573],[17.1932,-28.1516],[17.1964,-28.1297],[17.1961,-28.1274],[17.1944,-28.1245],[17.1945,-28.1144],[17.1919,-28.1082],[17.1897,-28.1049],[17.186,-28.1021],[17.1792,-28.0988],[17.175,-28.0985],[17.1731,-28.0995],[17.1664,-28.1003],[17.1599,-28.0978],[17.1445,-28.0956],[17.1382,-28.0931],[17.1314,-28.0855],[17.1255,-28.0673],[17.1215,-28.0648],[17.1165,-28.0582],[17.0951,-28.0407],[17.0912,-28.0383],[17.0886,-28.0382],[17.0825,-28.0331],[17.0788,-28.0328],[17.0728,-28.0346],[17.07,-28.0394],[17.0669,-28.0426],[17.0619,-28.0437],[17.0568,-28.047],[17.0513,-28.0491],[17.0384,-28.0505],[17.026,-28.0505],[17.0215,-28.0521],[17.0192,-28.0539],[17.017,-28.0576],[17.0154,-28.0622],[17.0122,-28.0677],[17.0105,-28.0688],[17.0082,-28.0724],[17.0031,-28.0752],[17.001,-28.0755],[16.9972,-28.0744],[16.991,-28.0707],[16.9877,-28.0646],[16.9815,-28.0604],[16.9736,-28.0587],[16.9706,-28.0609],[16.9651,-28.068],[16.9603,-28.072],[16.96,-28.0731],[16.9545,-28.076],[16.9464,-28.076],[16.9287,-28.0697],[16.9217,-28.0693],[16.9148,-28.0709],[16.9088,-28.0703],[16.9048,-28.0709],[16.8985,-28.0745],[16.8966,-28.0796],[16.8922,-28.0823],[16.8859,-28.0881],[16.8822,-28.0952],[16.8814,-28.0985],[16.8842,-28.1112],[16.8878,-28.1139],[16.8896,-28.1193],[16.8904,-28.1316],[16.8895,-28.1387],[16.8878,-28.1461],[16.8849,-28.1484],[16.8841,-28.1505],[16.8854,-28.1589],[16.8851,-28.1629],[16.8879,-28.1729],[16.8848,-28.1768],[16.8822,-28.1783],[16.8773,-28.1806],[16.8707,-28.182],[16.8692,-28.181],[16.8668,-28.1763],[16.8636,-28.1733],[16.8454,-28.1652],[16.8395,-28.1643],[16.8313,-28.1667],[16.8282,-28.1696],[16.8268,-28.1746],[16.8302,-28.1835],[16.8369,-28.1906],[16.8442,-28.1933],[16.851,-28.198],[16.8549,-28.2025],[16.8569,-28.2062],[16.857,-28.2092],[16.8561,-28.2117],[16.8538,-28.2137],[16.848,-28.2161],[16.8372,-28.2164],[16.8329,-28.2176],[16.8199,-28.2171],[16.8168,-28.2161],[16.8153,-28.2145],[16.8108,-28.2138],[16.8071,-28.2156],[16.8072,-28.2165],[16.8031,-28.222],[16.8034,-28.2272],[16.8067,-28.2335],[16.8195,-28.2398],[16.824,-28.2426],[16.826,-28.2451],[16.8273,-28.2501],[16.8274,-28.2542],[16.8267,-28.2642],[16.8247,-28.269],[16.8204,-28.2739],[16.8153,-28.2761],[16.8106,-28.2766],[16.8024,-28.2754],[16.8,-28.2749],[16.7932,-28.271],[16.7815,-28.2603],[16.7764,-28.2591],[16.7653,-28.2607],[16.7602,-28.2626],[16.7581,-28.2644],[16.7571,-28.2684],[16.7545,-28.2728],[16.7534,-28.2806],[16.7525,-28.2823],[16.7519,-28.2907],[16.7531,-28.2973],[16.755,-28.302],[16.7598,-28.3084],[16.7661,-28.3141],[16.7798,-28.3216],[16.7819,-28.3251],[16.7849,-28.3369],[16.7888,-28.3461],[16.7926,-28.3495],[16.8009,-28.3542],[16.807,-28.3594],[16.8084,-28.3624],[16.8029,-28.365],[16.7886,-28.3816],[16.7799,-28.3887],[16.773,-28.3928],[16.7692,-28.3964],[16.7671,-28.4049],[16.7671,-28.4091],[16.7692,-28.4184],[16.7754,-28.4335],[16.7768,-28.4401],[16.7765,-28.4417],[16.7749,-28.4452],[16.7689,-28.453],[16.758,-28.4575],[16.7502,-28.4638],[16.7475,-28.4675],[16.7402,-28.4842],[16.7352,-28.4913],[16.734,-28.4943],[16.725,-28.4994],[16.7193,-28.5009],[16.7022,-28.4976],[16.699,-28.4944],[16.6977,-28.4917],[16.6975,-28.4798],[16.6964,-28.4767],[16.6944,-28.4743],[16.6899,-28.4711],[16.687,-28.4702],[16.6813,-28.4701],[16.6724,-28.4723],[16.6695,-28.4744],[16.6657,-28.4756],[16.6602,-28.4799],[16.6479,-28.4847],[16.6437,-28.4878],[16.6399,-28.489],[16.6294,-28.4947],[16.6211,-28.5001],[16.6175,-28.5047],[16.6176,-28.5076],[16.6145,-28.5145],[16.6143,-28.5181],[16.6023,-28.5305],[16.5925,-28.5354],[16.5756,-28.5383],[16.5742,-28.5393],[16.5656,-28.5411],[16.5544,-28.5456],[16.5494,-28.5462],[16.5428,-28.5485],[16.5385,-28.5515],[16.5302,-28.5545],[16.5264,-28.5544],[16.5223,-28.5559],[16.5181,-28.5562],[16.5143,-28.5583],[16.5022,-28.5589],[16.5,-28.562],[16.4887,-28.5628],[16.4808,-28.5651],[16.4788,-28.5675],[16.4679,-28.5732],[16.4661,-28.5787],[16.4665,-28.5811],[16.4654,-28.583],[16.4595,-28.5875],[16.4557,-28.5923],[16.4558,-28.595],[16.4522,-28.6121],[16.4534,-28.6209],[16.452,-28.626],[16.4519,-28.6321],[16.4564,-28.6344],[16.462,-28.6386],[16.481,-28.6491],[16.486,-28.6527],[16.4884,-28.6564],[16.4906,-28.6559],[16.4913,-28.6577],[16.494,-28.6583],[16.4943,-28.6598],[16.4969,-28.6628],[16.5042,-28.6654],[16.5059,-28.6677],[16.5051,-28.6688],[16.506,-28.6693],[16.5061,-28.6713],[16.5102,-28.6703],[16.5115,-28.6691],[16.5124,-28.6694],[16.5126,-28.6709],[16.5105,-28.6718],[16.5094,-28.6737],[16.5103,-28.6763],[16.5137,-28.6777],[16.5145,-28.6792],[16.5154,-28.6794],[16.5151,-28.6813],[16.5161,-28.6825],[16.5152,-28.6832],[16.518,-28.6867],[16.5205,-28.6866],[16.5225,-28.689],[16.5245,-28.6892],[16.5235,-28.6901],[16.5244,-28.692],[16.528,-28.6933],[16.5301,-28.6957],[16.5314,-28.6958],[16.5323,-28.6979],[16.5316,-28.6995],[16.5322,-28.7025],[16.5345,-28.7033],[16.5352,-28.7061],[16.5416,-28.7091],[16.5457,-28.7073],[16.5478,-28.7081],[16.5478,-28.7091],[16.5514,-28.7099],[16.5546,-28.7128],[16.5536,-28.7148],[16.554,-28.7161],[16.556,-28.717],[16.5568,-28.7163],[16.559,-28.7163],[16.5606,-28.7185],[16.5623,-28.7191],[16.5623,-28.7208],[16.5649,-28.7244],[16.5705,-28.7278],[16.5692,-28.7312],[16.5707,-28.7363],[16.5721,-28.7371],[16.5724,-28.7397],[16.5711,-28.7409],[16.5701,-28.744],[16.5719,-28.7441],[16.572,-28.7453],[16.5708,-28.7452],[16.5699,-28.7462],[16.5699,-28.7487],[16.5689,-28.7495],[16.5694,-28.7506],[16.5681,-28.7524],[16.5643,-28.7548],[16.5629,-28.7567],[16.5616,-28.762],[16.5622,-28.7641],[16.5638,-28.7659],[16.5656,-28.7646],[16.5677,-28.7658],[16.5674,-28.767],[16.5653,-28.7671],[16.5653,-28.7679],[16.5684,-28.7694],[16.5705,-28.7689],[16.573,-28.7716],[16.5732,-28.7752],[16.5723,-28.7758],[16.5744,-28.7798],[16.5737,-28.7829],[16.5724,-28.7837],[16.573,-28.7847],[16.5726,-28.786],[16.5753,-28.7898],[16.574,-28.7944],[16.5783,-28.794],[16.5785,-28.7952],[16.5808,-28.7958],[16.581,-28.7983],[16.5821,-28.7986],[16.5831,-28.8002],[16.5828,-28.8069],[16.5845,-28.8085],[16.584,-28.8104],[16.5847,-28.8112],[16.5828,-28.8145],[16.5813,-28.8151],[16.5823,-28.8161],[16.5827,-28.8189],[16.5817,-28.8216],[16.5832,-28.8252],[16.585,-28.8267],[16.5845,-28.8275],[16.5853,-28.8297],[16.5847,-28.83],[16.5859,-28.8311],[16.5867,-28.8304],[16.5881,-28.8309],[16.5883,-28.8332],[16.5922,-28.8347],[16.5938,-28.837],[16.5954,-28.8369],[16.5961,-28.8386],[16.5975,-28.8388],[16.5962,-28.8427],[16.5981,-28.8494],[16.5994,-28.8508],[16.5992,-28.8539],[16.6008,-28.8559],[16.6001,-28.8628],[16.6012,-28.8635],[16.6007,-28.8645],[16.6012,-28.8656],[16.602,-28.8656],[16.6017,-28.8663],[16.6041,-28.8668],[16.6045,-28.8678],[16.6028,-28.8696],[16.6026,-28.8749],[16.6039,-28.8753],[16.6056,-28.8774],[16.6069,-28.8772],[16.6067,-28.8779],[16.6082,-28.8767],[16.6121,-28.8761],[16.6166,-28.8778],[16.6221,-28.8819],[16.6303,-28.8896],[16.6369,-28.8907],[16.6486,-28.8957],[16.6531,-28.8989],[16.6582,-28.9013],[16.6614,-28.9034],[16.662,-28.9052],[16.6651,-28.9066],[16.667,-28.9093],[16.6688,-28.9103],[16.6699,-28.9101],[16.6777,-28.9154],[16.6821,-28.9217],[16.6845,-28.9222],[16.689,-28.9257],[16.6898,-28.9269],[16.6896,-28.9295],[16.6906,-28.9308],[16.6909,-28.934],[16.6936,-28.9355],[16.6939,-28.9374],[16.6952,-28.9382],[16.6964,-28.9409],[16.6963,-28.9435],[16.6979,-28.9473],[16.6964,-28.9524],[16.6988,-28.9548],[16.7019,-28.9564],[16.703,-28.9615],[16.7022,-28.9634],[16.7027,-28.9654],[16.7036,-28.966],[16.7044,-28.9655],[16.7063,-28.9661],[16.707,-28.9653],[16.7092,-28.966],[16.7098,-28.9701],[16.7115,-28.9706],[16.7116,-28.9734],[16.7133,-28.9764],[16.7142,-28.9769],[16.7174,-28.9764],[16.7181,-28.9778],[16.7198,-28.9776],[16.7212,-28.9784],[16.7209,-28.9828],[16.7225,-28.9843],[16.7215,-28.9875],[16.7221,-28.9882],[16.7211,-28.9924],[16.7197,-28.9929],[16.7188,-28.9946],[16.7186,-28.9981],[16.7176,-28.9999],[16.7182,-29.0028],[16.7191,-29.004],[16.7249,-29.0068],[16.725,-29.0102],[16.7263,-29.0134],[16.731,-29.02],[16.7352,-29.023],[16.7384,-29.0282],[16.7423,-29.0314],[16.7429,-29.0356],[16.7455,-29.0382],[16.7479,-29.0425],[16.7551,-29.0454],[16.758,-29.0481],[16.7615,-29.0478],[16.7796,-29.0582],[16.7839,-29.0615],[16.7846,-29.0632],[16.787,-29.0645],[16.7919,-29.0702],[16.7937,-29.0713],[16.7953,-29.0738],[16.7987,-29.0745],[16.7997,-29.0757],[16.7996,-29.077],[16.8016,-29.0779],[16.8024,-29.0793],[16.8039,-29.0795],[16.8048,-29.0826],[16.8071,-29.0828],[16.8088,-29.0851],[16.8116,-29.0866],[16.8121,-29.0885],[16.8151,-29.0902],[16.8174,-29.0934],[16.818,-29.0947],[16.8174,-29.0952],[16.8187,-29.0962],[16.8181,-29.0969],[16.8192,-29.0984],[16.8153,-29.1018],[16.8164,-29.1063],[16.8153,-29.1069],[16.8136,-29.1103],[16.8151,-29.1123],[16.8169,-29.1128],[16.8151,-29.1154],[16.8163,-29.1167],[16.8195,-29.118],[16.8201,-29.1196],[16.821,-29.1195],[16.822,-29.1229],[16.8235,-29.1249],[16.8234,-29.1341],[16.8242,-29.1358],[16.8256,-29.1366],[16.8266,-29.1417],[16.8315,-29.1508],[16.832,-29.1552],[16.8368,-29.1614],[16.8364,-29.1625],[16.8329,-29.1624],[16.832,-29.1634],[16.8327,-29.1693],[16.8369,-29.1732],[16.8364,-29.178],[16.8407,-29.1795],[16.8432,-29.1857],[16.8422,-29.1917],[16.8437,-29.1944],[16.8446,-29.2006],[16.8427,-29.205],[16.8399,-29.2062],[16.8383,-29.2088],[16.8383,-29.2116],[16.844,-29.2203],[16.8461,-29.2223],[16.8471,-29.2215],[16.8482,-29.222],[16.8485,-29.2234],[16.8468,-29.2236],[16.8477,-29.2255],[16.8469,-29.2273],[16.8486,-29.2284],[16.8503,-29.232],[16.8532,-29.2333],[16.8543,-29.2347],[16.8552,-29.2374],[16.8549,-29.2386],[16.8533,-29.2397],[16.8539,-29.2411],[16.8551,-29.2416],[16.8571,-29.2405],[16.8589,-29.241],[16.8613,-29.2435],[16.8651,-29.2448],[16.8675,-29.2471],[16.8684,-29.2547],[16.868,-29.257],[16.8697,-29.2601],[16.87,-29.2641],[16.8679,-29.2661],[16.8695,-29.2669],[16.8722,-29.2665],[16.8736,-29.2695],[16.8734,-29.2713],[16.8774,-29.273],[16.8804,-29.279],[16.8796,-29.2847],[16.8779,-29.2859],[16.8792,-29.287],[16.8791,-29.2883],[16.8773,-29.2918],[16.8798,-29.2969],[16.8814,-29.2975],[16.8831,-29.2998],[16.8847,-29.3004],[16.8876,-29.3053],[16.89,-29.307],[16.8921,-29.3071],[16.8964,-29.3116],[16.8974,-29.3178],[16.9021,-29.3242],[16.9059,-29.325],[16.9091,-29.3281],[16.9097,-29.3309],[16.9087,-29.3336],[16.9117,-29.3384],[16.915,-29.3408],[16.9173,-29.3434],[16.9173,-29.3445],[16.9209,-29.3453],[16.927,-29.3501],[16.9275,-29.3517],[16.9266,-29.3542],[16.9275,-29.3555],[16.9353,-29.3598],[16.9362,-29.364],[16.9382,-29.3653],[16.938,-29.3673],[16.9396,-29.3702],[16.9419,-29.3719],[16.9408,-29.3736],[16.9415,-29.3825],[16.9408,-29.3845],[16.9434,-29.3885],[16.9442,-29.3931],[16.9429,-29.394],[16.9441,-29.3974],[16.9436,-29.3997],[16.9466,-29.4038],[16.9464,-29.4085],[16.9472,-29.4093],[16.9496,-29.409],[16.9515,-29.4103],[16.9524,-29.4133],[16.9548,-29.4155],[16.9551,-29.4188],[16.9587,-29.4198],[16.9625,-29.426],[16.9671,-29.4296],[16.9672,-29.4324],[16.9694,-29.434],[16.9683,-29.4354],[16.9714,-29.4378],[16.9699,-29.4387],[16.9706,-29.4416],[16.9693,-29.4441],[16.9698,-29.4498],[16.972,-29.4524],[16.9719,-29.456],[16.9734,-29.4559],[16.974,-29.4572],[16.9749,-29.4633],[16.9793,-29.4647],[16.9777,-29.4664],[16.9788,-29.4671],[16.9793,-29.4698],[16.9791,-29.4716],[16.9781,-29.4716],[16.9788,-29.473],[16.9779,-29.4765],[16.9794,-29.4806],[16.9813,-29.482],[16.9817,-29.4845],[16.9807,-29.484],[16.9813,-29.4851],[16.9836,-29.4866],[16.9857,-29.4896],[16.9855,-29.4916],[16.9843,-29.4919],[16.9853,-29.4931],[16.9846,-29.4947],[16.9847,-29.4995],[16.9857,-29.5021],[16.9843,-29.5032],[16.9885,-29.5072],[16.9924,-29.5084],[16.9939,-29.5104],[16.9947,-29.5145],[16.9926,-29.5166],[16.9927,-29.5178],[16.9961,-29.5191],[16.9994,-29.5238],[16.9993,-29.5248],[16.9975,-29.5267],[16.997,-29.5296],[16.9975,-29.5355],[16.9987,-29.537],[16.998,-29.5399],[16.9987,-29.5412],[17.0008,-29.542],[17.0012,-29.5448],[17.0026,-29.5451],[17.0026,-29.5465],[17.0039,-29.5478],[17.0036,-29.5511],[17.0056,-29.5526],[17.0063,-29.5541],[17.0055,-29.5562],[17.0065,-29.5584],[17.0069,-29.5636],[17.0039,-29.5646],[17.0028,-29.5672],[17.0015,-29.567],[17.0017,-29.5692],[17.0003,-29.5682],[16.9986,-29.5688],[16.9985,-29.5712],[17.0007,-29.576],[17.0046,-29.5799],[17.0061,-29.5827],[17.0087,-29.5855],[17.0096,-29.5851],[17.0117,-29.587],[17.0143,-29.5913],[17.0154,-29.5917],[17.0182,-29.5981],[17.0193,-29.5988],[17.0213,-29.6027],[17.0285,-29.6082],[17.034,-29.6165],[17.0352,-29.6244],[17.0324,-29.6269],[17.035,-29.6312],[17.0337,-29.6349],[17.0365,-29.6433],[17.0365,-29.65],[17.0376,-29.6505],[17.0413,-29.6593],[17.0428,-29.6663],[17.0456,-29.6734],[17.0516,-29.678],[17.0535,-29.6825],[17.0533,-29.685],[17.0557,-29.6894],[17.056,-29.6961],[17.0572,-29.6978],[17.055,-29.7003],[17.0532,-29.7088],[17.0545,-29.7104],[17.0575,-29.7103],[17.0594,-29.7133],[17.0594,-29.7173],[17.0581,-29.7205],[17.0602,-29.724],[17.0604,-29.7288],[17.059,-29.7312],[17.0591,-29.7338],[17.0582,-29.7341],[17.0572,-29.737],[17.058,-29.7383],[17.0576,-29.7444],[17.0595,-29.7452],[17.0608,-29.749],[17.0593,-29.7527],[17.0594,-29.7553],[17.062,-29.7621],[17.063,-29.7621],[17.0633,-29.7663],[17.0646,-29.7678],[17.0667,-29.7686],[17.069,-29.7713],[17.069,-29.7728],[17.0678,-29.7739],[17.0691,-29.775],[17.069,-29.7773],[17.0702,-29.7775],[17.0716,-29.7815],[17.0739,-29.7833],[17.0733,-29.787],[17.0747,-29.7873],[17.075,-29.7891],[17.0769,-29.7905],[17.0771,-29.7924],[17.0752,-29.7954],[17.0745,-29.7989],[17.0753,-29.8001],[17.0777,-29.801],[17.0782,-29.8037],[17.0806,-29.8049],[17.0801,-29.8073],[17.0811,-29.8112],[17.0795,-29.8126],[17.0765,-29.8118],[17.0748,-29.8123],[17.0748,-29.8144],[17.0769,-29.8158],[17.0775,-29.8205],[17.0795,-29.8207],[17.08,-29.8262],[17.0807,-29.8276],[17.082,-29.8279],[17.0834,-29.8327],[17.0869,-29.837],[17.0873,-29.8393],[17.0888,-29.8399],[17.0888,-29.8427],[17.0898,-29.8445],[17.0892,-29.8469],[17.0904,-29.8524],[17.0928,-29.8538],[17.0933,-29.8555],[17.0951,-29.8558],[17.0963,-29.8577],[17.0991,-29.8591],[17.1013,-29.8673],[17.1043,-29.8674],[17.1055,-29.8685],[17.1054,-29.8705],[17.1031,-29.8736],[17.1043,-29.8792],[17.103,-29.8804],[17.1013,-29.8849],[17.1019,-29.8857],[17.104,-29.8854],[17.1069,-29.8877],[17.1062,-29.8911],[17.1066,-29.8927],[17.1077,-29.8947],[17.1103,-29.8957],[17.1104,-29.8972],[17.1118,-29.8982],[17.1107,-29.9014],[17.112,-29.9047],[17.1115,-29.9081],[17.1126,-29.9145],[17.1153,-29.9146],[17.1173,-29.9157],[17.116,-29.9202],[17.1165,-29.9218],[17.1185,-29.9236],[17.1183,-29.925],[17.1196,-29.9272],[17.1194,-29.9308],[17.1179,-29.9321],[17.1199,-29.9344],[17.1238,-29.9344],[17.1255,-29.9357],[17.1286,-29.9398],[17.1275,-29.942],[17.1279,-29.9427],[17.1297,-29.9444],[17.1316,-29.9443],[17.1347,-29.9462],[17.1423,-29.9562],[17.1424,-29.9589],[17.1446,-29.9628],[17.147,-29.9638],[17.1469,-29.9662],[17.1482,-29.9666],[17.1476,-29.9684],[17.1484,-29.9699],[17.1505,-29.9705],[17.1525,-29.9725],[17.1527,-29.9741],[17.1549,-29.9755],[17.1549,-29.9768],[17.1566,-29.9784],[17.1564,-29.9804],[17.1587,-29.9826],[17.1596,-29.9848],[17.1591,-29.9855],[17.1601,-29.9871],[17.159,-29.9885],[17.1601,-29.9898],[17.158,-29.9912],[17.1583,-29.9921],[17.1572,-29.9942],[17.1611,-29.9999],[17.1624,-30.0027],[17.1624,-30.0051],[17.161,-30.0058],[17.1609,-30.009],[17.1586,-30.0093],[17.159,-30.0111],[17.1634,-30.0167],[17.1636,-30.019],[17.1618,-30.0202],[17.1641,-30.0205],[17.1644,-30.0235],[17.1666,-30.0232],[17.1656,-30.0249],[17.1672,-30.0259],[17.1656,-30.029],[17.1657,-30.033],[17.1688,-30.0346],[17.1711,-30.0373],[17.1738,-30.0454],[17.1771,-30.0462],[17.1782,-30.0475],[17.177,-30.0518],[17.1793,-30.0604],[17.1816,-30.0626],[17.1799,-30.0655],[17.1806,-30.0732],[17.1822,-30.0752],[17.181,-30.076],[17.1809,-30.0774],[17.1822,-30.0803],[17.1845,-30.0822],[17.1849,-30.0838],[17.184,-30.0861],[17.1858,-30.0868],[17.1828,-30.0895],[17.1823,-30.0924],[17.185,-30.0953],[17.1844,-30.0978],[17.1853,-30.0988],[17.1843,-30.1004],[17.1849,-30.102],[17.1863,-30.1023],[17.1886,-30.101],[17.1907,-30.1016],[17.1901,-30.1035],[17.1885,-30.1035],[17.1921,-30.1053],[17.1912,-30.1088],[17.193,-30.1084],[17.193,-30.1096],[17.1893,-30.1117],[17.1897,-30.1127],[17.1909,-30.113],[17.19,-30.1147],[17.1926,-30.1189],[17.192,-30.1206],[17.1931,-30.1211],[17.192,-30.1229],[17.1923,-30.1241],[17.1937,-30.1248],[17.194,-30.1259],[17.1954,-30.1249],[17.1961,-30.1257],[17.1951,-30.1271],[17.1961,-30.1292],[17.1944,-30.131],[17.195,-30.1328],[17.194,-30.1358],[17.1951,-30.1367],[17.1959,-30.1352],[17.1982,-30.134],[17.1991,-30.1344],[17.1992,-30.1367],[17.2009,-30.1392],[17.2009,-30.1417],[17.2033,-30.1426],[17.2032,-30.1446],[17.2062,-30.1495],[17.2072,-30.1489],[17.2083,-30.1496],[17.2117,-30.1547],[17.2174,-30.1566],[17.2234,-30.1651],[17.2218,-30.176],[17.2238,-30.185],[17.223,-30.1869],[17.224,-30.1891],[17.224,-30.1913],[17.2251,-30.1917],[17.2253,-30.1905],[17.2263,-30.1898],[17.2289,-30.1915],[17.229,-30.1935],[17.2308,-30.1955],[17.2311,-30.1982],[17.2323,-30.1996],[17.2323,-30.2019],[17.2334,-30.2017],[17.2322,-30.2034],[17.2323,-30.2047],[17.2331,-30.2052],[17.2311,-30.2089],[17.2317,-30.2114],[17.2311,-30.2122],[17.2329,-30.2137],[17.2323,-30.2164],[17.2347,-30.2168],[17.2371,-30.2185],[17.2367,-30.2215],[17.2348,-30.2228],[17.2358,-30.2237],[17.2351,-30.225],[17.238,-30.226],[17.2403,-30.2319],[17.2441,-30.2352],[17.2439,-30.2363],[17.2446,-30.2364],[17.2437,-30.2378],[17.2448,-30.2417],[17.2467,-30.2429],[17.247,-30.2419],[17.2479,-30.2423],[17.2491,-30.2463],[17.2506,-30.248],[17.2518,-30.2484],[17.252,-30.2478],[17.254,-30.2498],[17.2582,-30.2563],[17.2598,-30.26],[17.2598,-30.2621],[17.2585,-30.2638],[17.2567,-30.2639],[17.2565,-30.2653],[17.2578,-30.2669],[17.2582,-30.2698],[17.2599,-30.2708],[17.2588,-30.2722],[17.2597,-30.2739],[17.2618,-30.2738],[17.2639,-30.2751],[17.2636,-30.2773],[17.2653,-30.2784],[17.2655,-30.2851],[17.2664,-30.2866],[17.2691,-30.2875],[17.2687,-30.2883],[17.2701,-30.2932],[17.2684,-30.2954],[17.268,-30.2974],[17.2713,-30.2978],[17.272,-30.2998],[17.2715,-30.3023],[17.2724,-30.3046],[17.2705,-30.3073],[17.2681,-30.3083],[17.2699,-30.3123],[17.2739,-30.3136],[17.2751,-30.3153],[17.2746,-30.3168],[17.2715,-30.3172],[17.271,-30.318],[17.2708,-30.3198],[17.2718,-30.321],[17.2704,-30.3232],[17.2748,-30.3262],[17.2725,-30.3287],[17.2721,-30.3345],[17.2751,-30.3355],[17.2746,-30.3363],[17.278,-30.3413],[17.2779,-30.3454],[17.28,-30.3471],[17.2827,-30.3472],[17.2837,-30.3496],[17.2867,-30.3531],[17.2878,-30.3568],[17.2858,-30.3577],[17.2859,-30.3588],[17.2869,-30.3596],[17.2888,-30.3596],[17.2901,-30.3628],[17.2945,-30.3666],[17.2956,-30.3697],[17.2999,-30.3711],[17.3022,-30.3738],[17.304,-30.3739],[17.3077,-30.3776],[17.3075,-30.3797],[17.3082,-30.3807],[17.3067,-30.3824],[17.3074,-30.3859],[17.3087,-30.3878],[17.308,-30.3912],[17.3124,-30.3943],[17.3121,-30.395],[17.3162,-30.3999],[17.3184,-30.4007],[17.318,-30.4017],[17.3192,-30.4039],[17.3226,-30.4052],[17.3217,-30.4078],[17.3227,-30.4086],[17.3239,-30.4118],[17.3258,-30.4136],[17.3284,-30.4197],[17.3306,-30.4223],[17.3298,-30.4234],[17.3308,-30.4257],[17.3322,-30.4266],[17.3327,-30.4282],[17.3344,-30.4289],[17.3368,-30.4339],[17.3424,-30.4377],[17.3424,-30.4391],[17.3415,-30.44],[17.3419,-30.4416],[17.3411,-30.4424],[17.3427,-30.4455],[17.3427,-30.4485],[17.344,-30.4505],[17.3462,-30.4531],[17.3489,-30.453],[17.3491,-30.452],[17.3498,-30.4519],[17.3513,-30.4538],[17.3535,-30.4543],[17.3528,-30.4573],[17.3512,-30.4572],[17.3508,-30.4586],[17.3487,-30.4595],[17.3499,-30.4598],[17.3497,-30.4622],[17.3515,-30.4645],[17.3539,-30.4663],[17.3561,-30.4659],[17.357,-30.4672],[17.3593,-30.4734],[17.3586,-30.4746],[17.357,-30.4745],[17.3558,-30.4759],[17.3592,-30.4783],[17.3587,-30.481],[17.3611,-30.4815],[17.3607,-30.4839],[17.3639,-30.4839],[17.3647,-30.4855],[17.3665,-30.4861],[17.3661,-30.488],[17.3646,-30.488],[17.3641,-30.4891],[17.3686,-30.4924],[17.37,-30.4982],[17.3708,-30.4993],[17.3765,-30.502],[17.3789,-30.5072],[17.3826,-30.5102],[17.3825,-30.5116],[17.3867,-30.5146],[17.3897,-30.5194],[17.393,-30.5214],[17.3946,-30.5262],[17.3983,-30.5271],[17.4001,-30.5288],[17.4004,-30.5339],[17.4058,-30.5369],[17.4055,-30.539],[17.4036,-30.5403],[17.4055,-30.5461],[17.4082,-30.5483],[17.4094,-30.5514],[17.4123,-30.5533],[17.4134,-30.5549],[17.4129,-30.5586],[17.4108,-30.561],[17.4108,-30.562],[17.4131,-30.5652],[17.4147,-30.5657],[17.4216,-30.5716],[17.4294,-30.5818],[17.4365,-30.5883],[17.4424,-30.5963],[17.4429,-30.598],[17.4421,-30.5993],[17.4436,-30.601],[17.4411,-30.6022],[17.4392,-30.6076],[17.4395,-30.6098],[17.4352,-30.6131],[17.4348,-30.615],[17.4355,-30.6166],[17.4319,-30.6204],[17.434,-30.6208],[17.4344,-30.6221],[17.4354,-30.6221],[17.4391,-30.6257],[17.4418,-30.6259],[17.4434,-30.6276],[17.4451,-30.6282],[17.4443,-30.6297],[17.4455,-30.6304],[17.4455,-30.6319],[17.4471,-30.6316],[17.4469,-30.6328],[17.4485,-30.6337],[17.4487,-30.6369],[17.4501,-30.6393],[17.4493,-30.6407],[17.4517,-30.6415],[17.4536,-30.6438],[17.4561,-30.6448],[17.4618,-30.6506],[17.4633,-30.6537],[17.4615,-30.6556],[17.4624,-30.6579],[17.4618,-30.6586],[17.4629,-30.6603],[17.4634,-30.6634],[17.4648,-30.6634],[17.4639,-30.6646],[17.4659,-30.6645],[17.4666,-30.6661],[17.4683,-30.6672],[17.4708,-30.672],[17.4698,-30.6726],[17.4708,-30.6734],[17.4718,-30.6769],[17.47,-30.6795],[17.4702,-30.6828],[17.4725,-30.6848],[17.4742,-30.6841],[17.4771,-30.6855],[17.4802,-30.69],[17.4798,-30.6906],[17.4839,-30.6953],[17.4834,-30.6963],[17.4862,-30.6967],[17.4867,-30.6983],[17.4881,-30.6995],[17.4912,-30.7005],[17.4927,-30.7027],[17.495,-30.7034],[17.5024,-30.7127],[17.5062,-30.7153],[17.5161,-30.7254],[17.5184,-30.7283],[17.5184,-30.7299],[17.521,-30.7317],[17.5208,-30.7329],[17.5236,-30.7355],[17.5248,-30.7402],[17.5269,-30.7426],[17.5273,-30.7454],[17.5284,-30.7457],[17.528,-30.7476],[17.5294,-30.7497],[17.5303,-30.7572],[17.5313,-30.7596],[17.531,-30.7614],[17.5328,-30.7612],[17.5324,-30.7631],[17.5337,-30.7634],[17.533,-30.7647],[17.5338,-30.7652],[17.5336,-30.7672],[17.5346,-30.7687],[17.5343,-30.7707],[17.5336,-30.771],[17.5345,-30.772],[17.5337,-30.7729],[17.5343,-30.7741],[17.5334,-30.7749],[17.5341,-30.777],[17.5364,-30.7794],[17.5402,-30.7884],[17.5457,-30.7943],[17.5494,-30.8021],[17.553,-30.8069],[17.5548,-30.8113],[17.5542,-30.8166],[17.5574,-30.8198],[17.5572,-30.8207],[17.5597,-30.8236],[17.5609,-30.8238],[17.5641,-30.8269],[17.5663,-30.8333],[17.5675,-30.8336],[17.5696,-30.836],[17.5695,-30.8402],[17.5708,-30.8408],[17.5715,-30.8436],[17.5734,-30.8453],[17.5757,-30.8453],[17.5763,-30.8461],[17.5772,-30.8483],[17.5751,-30.852],[17.5748,-30.8542],[17.5757,-30.8551],[17.5747,-30.8575],[17.5777,-30.8605],[17.5772,-30.8609],[17.5785,-30.8626],[17.5778,-30.8635],[17.5784,-30.8654],[17.5806,-30.8662],[17.5813,-30.8687],[17.5807,-30.869],[17.5826,-30.8707],[17.5823,-30.872],[17.5844,-30.8727],[17.584,-30.8742],[17.5853,-30.8752],[17.5844,-30.8776],[17.588,-30.8804],[17.5872,-30.8824],[17.5902,-30.8846],[17.5897,-30.885],[17.5907,-30.8857],[17.5903,-30.8869],[17.5918,-30.8887],[17.5914,-30.8892],[17.5946,-30.89],[17.5958,-30.8911],[17.5952,-30.8914],[17.5961,-30.893],[17.595,-30.8957],[17.5951,-30.8996],[17.5961,-30.9009],[17.5991,-30.9015],[17.599,-30.9024],[17.6004,-30.9038],[17.6,-30.9061],[17.6029,-30.9071],[17.6024,-30.9088],[17.6041,-30.9138],[17.6033,-30.9148],[17.6037,-30.9162],[17.6106,-30.9182],[17.6114,-30.9198],[17.6191,-30.9254],[17.6203,-30.9269],[17.6208,-30.9292],[17.6247,-30.9319],[17.6251,-30.9339],[17.6295,-30.9363],[17.6298,-30.9393],[17.631,-30.9422],[17.6323,-30.9432],[17.6322,-30.9441],[17.6356,-30.946],[17.635,-30.9466],[17.6373,-30.9497],[17.6407,-30.9506],[17.6411,-30.9522],[17.6447,-30.9547],[17.6466,-30.957],[17.6466,-30.9595],[17.6494,-30.9615],[17.6523,-30.9621],[17.6557,-30.9657],[17.6561,-30.969],[17.6584,-30.9703],[17.6597,-30.9726],[17.6589,-30.9739],[17.662,-30.9768],[17.6629,-30.979],[17.6631,-30.9809],[17.6618,-30.9826],[17.6663,-30.9837],[17.6707,-30.9886],[17.6721,-30.9922],[17.6757,-30.9944],[17.68,-30.9998],[17.6792,-31.0007],[17.68,-31.0007],[17.6797,-31.002],[17.682,-31.0027],[17.6813,-31.004],[17.6822,-31.0062],[17.682,-31.008],[17.6841,-31.0105],[17.6839,-31.0117],[17.6883,-31.0155],[17.688,-31.0177],[17.6892,-31.0188],[17.6868,-31.0217],[17.6874,-31.0261],[17.689,-31.0263],[17.69,-31.028],[17.6925,-31.0293],[17.692,-31.031],[17.6931,-31.0325],[17.6928,-31.0331],[17.6939,-31.0337],[17.6936,-31.0372],[17.6956,-31.0397],[17.6981,-31.0412],[17.6978,-31.0428],[17.7015,-31.0488],[17.7009,-31.0501],[17.7016,-31.0524],[17.7025,-31.0537],[17.7043,-31.0541],[17.7044,-31.0555],[17.7063,-31.057],[17.7065,-31.0592],[17.7034,-31.0653],[17.704,-31.0664],[17.7069,-31.067],[17.7071,-31.069],[17.7104,-31.0697],[17.7142,-31.0779],[17.7168,-31.0796],[17.7172,-31.0816],[17.7185,-31.0818],[17.7221,-31.0854],[17.721,-31.0872],[17.7235,-31.0908],[17.723,-31.0948],[17.7261,-31.0968],[17.7267,-31.0965],[17.7278,-31.0983],[17.7292,-31.0984],[17.7293,-31.1011],[17.7302,-31.1015],[17.7308,-31.1037],[17.7314,-31.1035],[17.7323,-31.1057],[17.7364,-31.1093],[17.7364,-31.1109],[17.738,-31.114],[17.737,-31.1149],[17.7373,-31.1178],[17.7358,-31.1227],[17.7375,-31.1236],[17.7391,-31.1266],[17.7413,-31.1261],[17.7461,-31.1283],[17.7454,-31.1309],[17.7431,-31.1331],[17.7426,-31.1347],[17.744,-31.1362],[17.7476,-31.1366],[17.7469,-31.1386],[17.7483,-31.1394],[17.7497,-31.1445],[17.7538,-31.1466],[17.7555,-31.1506],[17.7572,-31.1519],[17.7604,-31.1518],[17.7749,-31.1563],[17.8344,-31.1765],[17.8113,-31.0925],[17.8352,-31.0726],[17.8786,-31.0405],[17.8886,-31.0403],[17.8945,-31.0304],[17.9264,-31.0114],[17.9256,-31.0103],[17.9261,-31.01],[17.9094,-30.9875],[17.8779,-30.9486],[17.8803,-30.9239],[17.914,-30.9247],[17.9344,-30.9174],[17.9721,-30.9139],[17.9934,-30.9187],[17.9942,-30.9045],[17.9948,-30.8192],[18.0065,-30.7912],[18.0579,-30.7769],[18.0809,-30.7848],[18.0892,-30.7879],[18.1177,-30.8095],[18.1396,-30.828],[18.1692,-30.8486],[18.1904,-30.8347],[18.2058,-30.8313],[18.1952,-30.816],[18.2135,-30.8104],[18.2292,-30.8191],[18.2518,-30.8275],[18.2642,-30.8183],[18.3139,-30.7422],[18.371,-30.6596],[18.3712,-30.5921],[18.4138,-30.5273],[18.3806,-30.4596],[18.4441,-30.5113],[18.5223,-30.6065],[18.4836,-30.5219],[18.5022,-30.4444],[18.5701,-30.4303],[18.6111,-30.4901],[18.6319,-30.5226],[18.6552,-30.5567],[18.7587,-30.5679],[18.7959,-30.6249],[18.7945,-30.6676],[18.863,-30.7171],[18.9519,-30.7447],[18.9605,-30.8661],[18.8754,-30.8871],[18.9242,-30.916],[18.9845,-30.9458],[18.9118,-30.9789],[18.9035,-31.0418],[18.9123,-31.0608],[18.9476,-31.1129],[18.9497,-31.1959],[18.9445,-31.2373],[18.9664,-31.2845],[19.013,-31.3057],[18.9801,-31.3552],[19.0124,-31.3701],[19.0309,-31.3895],[19.034,-31.4022],[19.0324,-31.4032],[19.0307,-31.4154],[19.043,-31.425],[19.0369,-31.4643],[19.0246,-31.4821],[19.0197,-31.4992],[19.0096,-31.5099],[19.0062,-31.512],[19.012,-31.5144],[19.0187,-31.5104],[19.0231,-31.5051],[19.0418,-31.5185],[19.0678,-31.518],[19.0781,-31.5251],[19.0854,-31.5269],[19.0518,-31.5727],[19.0556,-31.575],[19.0737,-31.5743],[19.0854,-31.572],[19.0905,-31.5978],[19.0705,-31.624],[19.079,-31.6432],[19.0737,-31.6669],[19.0549,-31.6703],[19.0577,-31.6878],[19.0656,-31.7063],[19.0769,-31.7185],[19.0811,-31.7307],[19.0947,-31.7502],[19.0914,-31.7625],[19.0857,-31.7629],[19.0827,-31.7601],[19.0808,-31.7596],[19.073,-31.7619],[19.0666,-31.766],[19.0666,-31.7722],[19.065,-31.7779],[19.0661,-31.7809],[19.0685,-31.7834],[19.0701,-31.7838],[19.0739,-31.7818],[19.0757,-31.7819],[19.0766,-31.7833],[19.0755,-31.7871],[19.0766,-31.7882],[19.0783,-31.788],[19.081,-31.7857],[19.083,-31.7858],[19.0872,-31.7936],[19.0857,-31.7945],[19.08,-31.794],[19.079,-31.7961],[19.0794,-31.8007],[19.0782,-31.8024],[19.0723,-31.8039],[19.0691,-31.8085],[19.0634,-31.8093],[19.0601,-31.8107],[19.0586,-31.815],[19.0539,-31.8167],[19.0535,-31.8226],[19.0468,-31.8295],[19.044,-31.8302],[19.0406,-31.8288],[19.0384,-31.8287],[19.0303,-31.8338],[19.0298,-31.8359],[19.032,-31.8378],[19.0323,-31.8398],[19.0308,-31.8412],[19.0271,-31.8425],[19.0266,-31.8435],[19.0312,-31.8467],[19.033,-31.849],[19.0315,-31.8548],[19.0346,-31.8589],[19.0301,-31.8629],[19.0317,-31.8668],[19.0314,-31.8682],[19.0296,-31.8697],[19.0258,-31.8709],[19.0272,-31.8743],[19.0262,-31.8766],[19.0348,-31.8762],[19.0449,-31.8784],[19.0532,-31.879],[19.058,-31.8804],[19.0688,-31.8839],[19.0822,-31.8898],[19.0834,-31.8907],[19.0837,-31.8927],[19.0859,-31.894],[19.1094,-31.8981],[19.1132,-31.9012],[19.1149,-31.9042],[19.1181,-31.9071],[19.1208,-31.9077],[19.1268,-31.9062],[19.1308,-31.9066],[19.1401,-31.9106],[19.1418,-31.9121],[19.1448,-31.9105],[19.1505,-31.9029],[19.1561,-31.8997],[19.159,-31.8996],[19.1654,-31.9057],[19.1723,-31.9098],[19.1997,-31.9048],[19.2107,-31.948],[19.2441,-31.9139],[19.2897,-31.863],[19.2798,-31.922],[19.2648,-31.9657],[19.2775,-31.9797],[19.2899,-31.9651],[19.3234,-31.9848],[19.3298,-32.0126],[19.3531,-32.0279],[19.363,-32.0428],[19.3804,-32.0376],[19.393,-32.0179],[19.3959,-32.0151],[19.4259,-32.0313],[19.4431,-32.0472],[19.4676,-32.0731],[19.4701,-32.0724],[19.4799,-32.073],[19.4832,-32.074],[19.4863,-32.0764],[19.4877,-32.0815],[19.4871,-32.0881],[19.488,-32.0915],[19.4834,-32.1137],[19.4885,-32.1212],[19.5075,-32.0861],[19.5152,-32.1152],[19.5083,-32.1259],[19.4911,-32.1301],[19.4752,-32.1463],[19.4841,-32.1614],[19.4793,-32.1677],[19.4873,-32.1637],[19.5014,-32.1799],[19.4927,-32.1986],[19.5023,-32.2054],[19.4942,-32.2087],[19.4972,-32.2152],[19.4958,-32.2216],[19.4933,-32.2262],[19.4884,-32.2306],[19.4858,-32.2358],[19.486,-32.2386],[19.4875,-32.2421],[19.4894,-32.2435],[19.4951,-32.245],[19.492,-32.2517],[19.4091,-32.2901],[19.4302,-32.3657],[19.4353,-32.3683],[19.4343,-32.3702],[19.4347,-32.3732],[19.4393,-32.3802],[19.4432,-32.3883],[19.4464,-32.3921],[19.4533,-32.3979],[19.4578,-32.4055],[19.4594,-32.41],[19.4647,-32.4151],[19.4672,-32.4216],[19.47,-32.4244],[19.4719,-32.4279],[19.4715,-32.4325],[19.4728,-32.4361],[19.4747,-32.4378],[19.4775,-32.4388],[19.4798,-32.4413],[19.4856,-32.4531],[19.4892,-32.4635],[19.4954,-32.4737],[19.4964,-32.4748],[19.4984,-32.4752],[19.5037,-32.4729],[19.5071,-32.4731],[19.5102,-32.4783],[19.5131,-32.4807],[19.5164,-32.4859],[19.495,-32.4989],[19.4868,-32.5654],[19.4992,-32.6121],[19.5283,-32.6732],[19.5872,-32.6478],[19.605,-32.6295],[19.612,-32.5665],[19.6096,-32.5594],[19.6071,-32.5454],[19.615,-32.529],[19.6265,-32.502],[19.6219,-32.4706],[19.6549,-32.4388],[19.6681,-32.4548],[19.6797,-32.4635],[19.6996,-32.454],[19.7302,-32.4424],[19.7074,-32.4203],[19.7313,-32.4101],[19.7366,-32.3855],[19.7641,-32.4111],[19.8027,-32.3937],[19.8178,-32.3607],[19.8495,-32.3662],[19.8739,-32.3832],[19.9375,-32.3773],[19.9682,-32.3505],[20.0045,-32.3299],[20.0386,-32.2964],[20.0536,-32.2523],[20.085,-32.2483],[20.097,-32.2502],[20.1001,-32.2427],[20.1093,-32.2301],[20.1141,-32.214],[20.1157,-32.211],[20.1234,-32.2029],[20.1359,-32.1923],[20.1403,-32.1903],[20.1511,-32.1873],[20.1518,-32.1865],[20.181,-32.1845],[20.1664,-32.2275],[20.2408,-32.2242],[20.2463,-32.2526],[20.2542,-32.3108],[20.216,-32.3032],[20.1635,-32.351],[20.1705,-32.3809],[20.132,-32.4211],[20.0796,-32.3973],[20.0964,-32.4767],[20.0968,-32.503],[20.1228,-32.557],[20.1147,-32.5702],[20.1369,-32.611],[20.1412,-32.6437],[20.1814,-32.6681],[20.1917,-32.6858],[20.1876,-32.7527],[20.219,-32.7847],[20.2573,-32.7997],[20.2999,-32.805],[20.3417,-32.8578],[20.3572,-32.8641],[20.3639,-32.8859],[20.3639,-32.9108],[20.3801,-32.9018],[20.4386,-32.9401],[20.4993,-32.9416],[20.5612,-32.881],[20.5921,-32.9265],[20.5901,-32.943],[20.6219,-32.9431],[20.6496,-32.9336],[20.6503,-32.9323],[20.7312,-32.945],[20.7442,-32.9129],[20.7986,-32.8947],[20.8324,-32.8173],[20.8303,-32.7846],[20.7922,-32.735],[20.7898,-32.7112],[20.8229,-32.6945],[20.8441,-32.6624],[20.9628,-32.6393],[21.0373,-32.6491],[21.0603,-32.6555],[21.0945,-32.653],[21.157,-32.6289],[21.1401,-32.5898],[21.1821,-32.5087],[21.1883,-32.503],[21.1975,-32.4998],[21.2311,-32.4631],[21.2695,-32.4503],[21.2815,-32.4397],[21.303,-32.4024],[21.3015,-32.3773],[21.3528,-32.3915],[21.4084,-32.3688],[21.4299,-32.3752],[21.4437,-32.3548],[21.4756,-32.3314],[21.5191,-32.337],[21.5504,-32.3269],[21.5618,-32.3147],[21.549,-32.2908],[21.536,-32.2292],[21.5489,-32.2284],[21.5786,-32.2215],[21.5944,-32.2169],[21.6065,-32.2097],[21.6446,-32.2087],[21.6655,-32.2314],[21.6738,-32.2433],[21.6917,-32.2486],[21.7114,-32.2248],[21.7359,-32.205],[21.7461,-32.2252],[21.773,-32.2268],[21.7703,-32.2384],[21.7806,-32.2509],[21.8551,-32.2755],[21.8742,-32.2766],[21.9017,-32.2709],[21.9046,-32.2564],[21.9074,-32.2528],[21.9246,-32.262],[21.9362,-32.2229],[21.9712,-32.2164],[21.9959,-32.203],[21.9995,-32.2059],[22.0035,-32.1742],[22.0164,-32.1143],[22.0696,-32.0814],[22.0897,-32.1464],[22.12,-32.077],[22.134,-32.0644],[22.0936,-32.0459],[22.0741,-32.0179],[22.095,-32.0011],[22.0892,-31.9743],[22.0713,-31.9393],[22.1004,-31.9243],[22.1017,-31.9005],[22.1002,-31.8956],[22.1005,-31.893],[22.0983,-31.8913],[22.0972,-31.8886],[22.0917,-31.8854],[22.0885,-31.8804],[22.086,-31.8791],[22.084,-31.8759],[22.0835,-31.8738],[22.0843,-31.8688],[22.0837,-31.868],[22.0831,-31.8688],[22.0824,-31.8685],[22.08,-31.8637],[22.0789,-31.8598],[22.0789,-31.8549],[22.1159,-31.8626],[22.1315,-31.8843],[22.1666,-31.8931],[22.1769,-31.8207],[22.1599,-31.8097],[22.2063,-31.7922],[22.204,-31.764],[22.2374,-31.703],[22.2499,-31.6647],[22.2601,-31.6625],[22.2729,-31.5925],[22.3123,-31.5835],[22.3551,-31.6054],[22.4333,-31.6382],[22.4958,-31.6703],[22.5648,-31.6779],[22.5661,-31.7132],[22.6191,-31.7246],[22.6094,-31.7398],[22.5783,-31.8055],[22.6149,-31.8229],[22.6318,-31.8234],[22.6312,-31.8197],[22.6332,-31.8157],[22.6353,-31.8149],[22.6421,-31.8162],[22.6443,-31.8143],[22.6463,-31.8155],[22.6475,-31.8196],[22.6515,-31.8217],[22.677,-31.8155],[22.7351,-31.7994],[22.7575,-31.8275],[22.7769,-31.8569],[22.8253,-31.8377],[22.859,-31.8183],[22.8747,-31.8616],[22.902,-31.8758],[22.9538,-31.863],[22.9758,-31.8608],[23.0387,-31.8774],[23.0674,-31.8907],[23.0523,-31.9103],[23.0526,-31.9398],[23.0587,-31.9548],[23.0709,-31.9538],[23.0876,-31.9723],[23.0985,-31.9777],[23.1044,-31.9606],[23.1188,-31.9601],[23.1395,-31.9515],[23.1448,-31.9431],[23.1519,-31.9398],[23.1712,-31.9181],[23.1915,-31.9046],[23.2304,-31.8757],[23.225,-31.854],[23.2624,-31.8154],[23.2634,-31.7783],[23.2661,-31.7732],[23.3024,-31.7301],[23.3451,-31.7109],[23.3871,-31.7148],[23.4071,-31.7138],[23.4017,-31.6996],[23.4165,-31.6722],[23.4231,-31.6821],[23.4961,-31.7027],[23.5239,-31.7053],[23.5355,-31.6918],[23.5745,-31.6892],[23.5945,-31.6622],[23.6191,-31.6494],[23.6395,-31.6601],[23.6607,-31.6561],[23.6888,-31.6496],[23.7152,-31.647],[23.7345,-31.6546],[23.7565,-31.6957],[23.7775,-31.6971],[23.8157,-31.7142],[23.8416,-31.7151],[23.8476,-31.7292],[23.8085,-31.7637],[23.8372,-31.7679],[23.8294,-31.7803],[23.8379,-31.7833],[23.8786,-31.8337],[23.894,-31.8368],[23.9159,-31.822],[23.9179,-31.7954],[23.9487,-31.7733],[23.9522,-31.7501],[23.9513,-31.7495],[23.9665,-31.7154],[23.9625,-31.7077],[23.9631,-31.7067],[23.9931,-31.7061],[24.0468,-31.7067],[24.0291,-31.722],[24.0285,-31.7302],[24.0431,-31.7673],[24.0561,-31.776],[24.0709,-31.8071],[24.093,-31.7962],[24.1022,-31.7926],[24.1525,-31.7886],[24.1474,-31.7673],[24.1616,-31.7401],[24.226,-31.7474],[24.2364,-31.7502],[24.2402,-31.752],[24.2484,-31.7604],[24.2542,-31.7618],[24.2572,-31.764],[24.2683,-31.7666],[24.2688,-31.7559],[24.285,-31.7652],[24.3016,-31.7583],[24.3153,-31.7501],[24.3224,-31.7418],[24.3247,-31.7241],[24.3407,-31.7138],[24.346,-31.7145],[24.4233,-31.7116],[24.4126,-31.6885],[24.4413,-31.7126],[24.4699,-31.7065],[24.5063,-31.7068],[24.5141,-31.705],[24.5173,-31.6446],[24.523,-31.6037],[24.5039,-31.5684],[24.5246,-31.5454],[24.533,-31.5098],[24.5194,-31.4979],[24.5413,-31.4868],[24.5589,-31.4818],[24.5676,-31.4271],[24.5672,-31.4186],[24.5961,-31.3992],[24.665,-31.3837],[24.7048,-31.4006],[24.7106,-31.4095],[24.7243,-31.3999],[24.7887,-31.3895],[24.8255,-31.3565],[24.8461,-31.3656],[24.8602,-31.374],[24.8629,-31.3736],[24.8614,-31.3563],[24.853,-31.3282],[24.885,-31.3173],[24.8989,-31.3137],[24.9003,-31.3167],[24.9234,-31.3135],[24.9336,-31.3204],[24.942,-31.3151],[24.9487,-31.2983],[24.9605,-31.2855],[24.9839,-31.2731],[25.0056,-31.2631],[25.0445,-31.2661],[25.0585,-31.2694],[25.0735,-31.2533],[25.0844,-31.2623],[25.1008,-31.2594],[25.1152,-31.2463],[25.1307,-31.2394],[25.1527,-31.2431],[25.1552,-31.2311],[25.1705,-31.2392],[25.1771,-31.2346],[25.1791,-31.2222],[25.1924,-31.2134],[25.1984,-31.2155],[25.2048,-31.2151],[25.2094,-31.2069],[25.2096,-31.2047],[25.2044,-31.2017],[25.211,-31.1921],[25.2198,-31.1904],[25.2238,-31.1923],[25.225,-31.1952],[25.2693,-31.2144],[25.2682,-31.2208],[25.2849,-31.2234],[25.2906,-31.2135],[25.3544,-31.236],[25.3688,-31.226],[25.3862,-31.2178],[25.3825,-31.2045],[25.3778,-31.1989],[25.3846,-31.151],[25.3919,-31.1384],[25.3982,-31.1307],[25.4156,-31.1344],[25.4464,-31.1002],[25.4543,-31.0793],[25.4388,-31.0615],[25.4532,-31.0542],[25.4638,-31.0547],[25.4868,-31.0369],[25.5016,-31.0074],[25.4848,-31.0063],[25.4758,-30.9912],[25.475,-30.9839],[25.4819,-30.9788],[25.4846,-30.9748],[25.4931,-30.9677],[25.511,-30.9557],[25.5064,-30.9503],[25.5083,-30.9422],[25.5046,-30.933],[25.5104,-30.9284],[25.514,-30.9215],[25.515,-30.9116],[25.5178,-30.9015],[25.5165,-30.9026],[25.5084,-30.8982],[25.5006,-30.888],[25.4713,-30.8698],[25.4852,-30.8498],[25.5216,-30.8332],[25.5493,-30.791],[25.5479,-30.7898],[25.5249,-30.7964],[25.5084,-30.7888],[25.505,-30.7836],[25.4864,-30.7845],[25.4802,-30.7789],[25.4799,-30.7598],[25.4739,-30.7437],[25.4772,-30.7385],[25.4764,-30.7282],[25.4739,-30.7231],[25.4624,-30.7221],[25.4625,-30.7155],[25.4665,-30.7098],[25.4645,-30.7017],[25.4638,-30.6894],[25.4602,-30.6833],[25.4633,-30.6777],[25.4719,-30.6729],[25.4698,-30.6688],[25.4713,-30.6667],[25.4604,-30.6608],[25.4585,-30.6574],[25.4565,-30.637],[25.4625,-30.6281],[25.4671,-30.6246],[25.4663,-30.6227],[25.4601,-30.6169],[25.4536,-30.609],[25.4356,-30.5978],[25.4213,-30.587],[25.4194,-30.5845],[25.42,-30.58],[25.418,-30.5777],[25.4057,-30.5721],[25.3993,-30.5731],[25.3747,-30.5591],[25.3691,-30.5579],[25.3636,-30.5581],[25.3572,-30.5636],[25.3504,-30.5643],[25.34,-30.5583],[25.3337,-30.5577],[25.3298,-30.5593],[25.3284,-30.561],[25.326,-30.5696],[25.3238,-30.5724],[25.3114,-30.5771],[25.3054,-30.5765],[25.3001,-30.5713],[25.2838,-30.559],[25.282,-30.5561],[25.2806,-30.5474],[25.279,-30.5441],[25.2706,-30.5387],[25.2617,-30.5259],[25.2548,-30.519],[25.2465,-30.5159],[25.2434,-30.5136],[25.2395,-30.5046],[25.2376,-30.5018],[25.2353,-30.4999],[25.2313,-30.4995],[25.2252,-30.5036],[25.21,-30.5051],[25.203,-30.504],[25.1963,-30.5006],[25.1896,-30.4984],[25.187,-30.4946],[25.1862,-30.4875],[25.1837,-30.484],[25.1816,-30.4823],[25.1759,-30.4798],[25.1671,-30.4737],[25.1601,-30.4647],[25.1527,-30.4593],[25.1519,-30.4573],[25.1531,-30.4532],[25.1612,-30.4495],[25.1577,-30.4426],[25.1467,-30.4329],[25.1449,-30.4292],[25.1399,-30.4242],[25.1365,-30.4226],[25.1303,-30.4221],[25.1256,-30.4202],[25.1214,-30.4156],[25.1135,-30.4092],[25.1112,-30.4036],[25.1021,-30.3913],[25.0989,-30.3781],[25.0961,-30.3732],[25.0937,-30.3715],[25.0881,-30.3704],[25.0809,-30.3669],[25.0779,-30.3653],[25.0716,-30.3594],[25.064,-30.3569],[25.0511,-30.3572],[25.0472,-30.3591],[25.0427,-30.3635],[25.0402,-30.3635],[25.0383,-30.3623],[25.0373,-30.3603],[25.0379,-30.3537],[25.0355,-30.3449],[25.0424,-30.3365],[25.0467,-30.3229],[25.0471,-30.3162],[25.046,-30.3113],[25.0417,-30.3056],[25.0397,-30.3013],[25.0366,-30.2902],[25.0344,-30.2862],[25.0295,-30.2837],[25.0233,-30.2835],[25.0174,-30.2857],[25.0079,-30.2921],[25.0028,-30.2935],[24.9921,-30.2919],[24.9863,-30.29],[24.9803,-30.2842],[24.9786,-30.2782],[24.9761,-30.2733],[24.9632,-30.2675],[24.9546,-30.2589],[24.9486,-30.2545],[24.9465,-30.2518],[24.946,-30.2498],[24.9468,-30.2467],[24.954,-30.2408],[24.9553,-30.2386],[24.9558,-30.2311],[24.9542,-30.2261],[24.9516,-30.2249],[24.9461,-30.2253],[24.9426,-30.2215],[24.9373,-30.22],[24.934,-30.2175],[24.9322,-30.2149],[24.9302,-30.2069],[24.9274,-30.2024],[24.9251,-30.2007],[24.9203,-30.2007],[24.9137,-30.2077],[24.9104,-30.2096],[24.9032,-30.209],[24.9,-30.2067],[24.8957,-30.1964],[24.8952,-30.1842],[24.8862,-30.1777],[24.8816,-30.1733],[24.8804,-30.1589],[24.8758,-30.1443],[24.8711,-30.1345],[24.8673,-30.1307],[24.8443,-30.1235],[24.8376,-30.1178],[24.8364,-30.1151],[24.8386,-30.1018],[24.8385,-30.0952],[24.8371,-30.0937],[24.8329,-30.0923],[24.8261,-30.0852],[24.8178,-30.0821],[24.8152,-30.0756],[24.8141,-30.0679],[24.8121,-30.0658],[24.8034,-30.0604],[24.7978,-30.0516],[24.7962,-30.0459],[24.7986,-30.0339],[24.8001,-30.0313],[24.8073,-30.0263],[24.8081,-30.023],[24.8037,-30.0118],[24.7983,-30.0038],[24.794,-29.999],[24.7889,-29.9967],[24.7738,-29.9938],[24.7568,-29.9928],[24.7502,-29.9895],[24.7445,-29.9908],[24.7397,-29.9897],[24.7298,-29.9921],[24.7237,-29.9922],[24.7124,-29.9887],[24.7082,-29.9855],[24.7036,-29.9837],[24.6956,-29.9827],[24.685,-29.979],[24.6791,-29.9779],[24.6745,-29.9756],[24.6713,-29.9714],[24.6695,-29.9611],[24.6642,-29.9484],[24.6628,-29.9422],[24.6628,-29.9376],[24.6653,-29.9295],[24.6679,-29.9091],[24.6675,-29.9055],[24.6651,-29.9019],[24.6593,-29.8992],[24.6527,-29.8988],[24.6498,-29.9016],[24.6495,-29.9069],[24.6466,-29.9107],[24.6453,-29.9113],[24.6298,-29.9108],[24.6178,-29.912],[24.6079,-29.9113],[24.5959,-29.9048],[24.5841,-29.8962],[24.5642,-29.8777],[24.5551,-29.8626],[24.5536,-29.8564],[24.5507,-29.8492],[24.547,-29.8449],[24.5395,-29.8423],[24.528,-29.8453],[24.524,-29.8452],[24.5103,-29.8415],[24.5026,-29.8364],[24.5018,-29.8332],[24.5034,-29.824],[24.5021,-29.8213],[24.5002,-29.8198],[24.4977,-29.816],[24.4872,-29.813],[24.459,-29.8107],[24.4535,-29.8111],[24.4492,-29.813],[24.4472,-29.8151],[24.4408,-29.8156],[24.439,-29.8148],[24.4382,-29.8139],[24.4383,-29.8112],[24.4365,-29.8091],[24.4351,-29.8059],[24.43,-29.8044],[24.4246,-29.8012],[24.4105,-29.7894],[24.4022,-29.7741],[24.3879,-29.7539],[24.3763,-29.7273],[24.3678,-29.7205],[24.3578,-29.7155],[24.3541,-29.7127],[24.3513,-29.709],[24.3487,-29.702],[24.3506,-29.6932],[24.3535,-29.6619],[24.3522,-29.6587],[24.3466,-29.6559],[24.4947,-29.3861],[24.6619,-29.0792],[24.9018,-28.648],[24.8277,-28.627],[24.8678,-28.5171],[24.8469,-28.5038],[24.8723,-28.4747],[24.8814,-28.4631],[24.8868,-28.465],[24.9376,-28.3249],[24.8903,-28.3102],[24.8705,-28.2704],[24.9054,-28.2748],[24.9267,-28.2469],[24.9646,-28.2507],[25.0281,-28.0735],[25.0201,-28.0774],[25.0098,-28.0767],[24.9993,-28.0819],[24.9848,-28.0796],[24.9787,-28.0795],[24.9734,-28.081],[24.9694,-28.085],[24.9667,-28.0928],[24.9595,-28.1035],[24.9506,-28.1132],[24.8298,-27.9313],[24.8351,-27.928],[24.8456,-27.9236],[24.8517,-27.9261],[24.8574,-27.9253],[24.8577,-27.9202],[24.8597,-27.9212],[24.857,-27.919],[24.8571,-27.9161],[24.8592,-27.9112],[24.8615,-27.9083],[24.8469,-27.9112],[25.0479,-27.6997],[25.0348,-27.6931],[24.9997,-27.6808],[24.9732,-27.6826],[24.922,-27.6889],[24.8857,-27.6945],[24.8545,-27.6956],[24.8012,-27.7018],[24.7967,-27.6982],[24.7961,-27.6968],[24.7973,-27.6943],[24.797,-27.693],[24.792,-27.6869],[24.7949,-27.682],[24.7938,-27.6767],[24.7954,-27.6734],[24.7952,-27.6633],[24.7977,-27.6562],[24.7938,-27.646],[24.7866,-27.6432],[24.7822,-27.633],[24.7811,-27.6262],[24.7818,-27.622],[24.7807,-27.6184],[24.7825,-27.6109],[24.7843,-27.6093],[24.7843,-27.6046],[24.7568,-27.6096],[24.7621,-27.6332],[24.6923,-27.6452],[24.6916,-27.6464],[24.6918,-27.6541],[24.6904,-27.6546],[24.6892,-27.6571],[24.6878,-27.6574],[24.6857,-27.6607],[24.6811,-27.6636],[24.6782,-27.6669],[24.6787,-27.6691],[24.6845,-27.6741],[24.6859,-27.6765],[24.686,-27.6784],[24.6834,-27.6804],[24.6813,-27.6797],[24.6798,-27.6803],[24.6777,-27.6799],[24.6746,-27.6812],[24.6727,-27.6856],[24.6752,-27.6934],[24.6812,-27.7034],[24.6862,-27.7095],[24.6919,-27.7139],[24.6955,-27.7183],[24.6937,-27.7356],[24.6805,-27.7393],[24.6704,-27.7616],[24.6757,-27.7699],[24.6731,-27.7828],[24.6692,-27.7863],[24.6619,-27.7848],[24.6587,-27.7909],[24.6993,-27.8283],[24.6978,-27.8289],[24.6971,-27.8303],[24.6908,-27.8327],[24.6881,-27.8365],[24.6884,-27.8391],[24.689,-27.8389],[24.6895,-27.8401],[24.6949,-27.8426],[24.6968,-27.8476],[24.6912,-27.8504],[24.6912,-27.8519],[24.6904,-27.8525],[24.6888,-27.8514],[24.6889,-27.8504],[24.6857,-27.8501],[24.6849,-27.8492],[24.6834,-27.85],[24.6813,-27.8491],[24.6801,-27.8503],[24.6784,-27.8505],[24.6775,-27.8499],[24.6715,-27.8499],[24.6702,-27.8505],[24.6699,-27.8517],[24.6651,-27.853],[24.663,-27.853],[24.6625,-27.8521],[24.6583,-27.8527],[24.6564,-27.8554],[24.6564,-27.8634],[24.655,-27.8644],[24.6531,-27.8693],[24.6521,-27.8697],[24.6527,-27.8707],[24.6516,-27.8743],[24.6519,-27.8768],[24.6502,-27.8779],[24.6494,-27.8817],[24.6456,-27.8858],[24.6451,-27.8875],[24.6413,-27.8876],[24.6325,-27.8914],[24.6322,-27.8991],[24.6301,-27.9029],[24.6269,-27.9026],[24.6229,-27.9046],[24.6191,-27.9049],[24.6169,-27.9044],[24.6133,-27.9016],[24.6132,-27.9003],[24.6124,-27.8999],[24.6129,-27.8987],[24.6116,-27.8977],[24.6078,-27.8977],[24.6071,-27.8984],[24.606,-27.901],[24.6071,-27.9012],[24.6065,-27.9024],[24.6073,-27.9041],[24.6069,-27.9085],[24.6101,-27.9103],[24.6115,-27.91],[24.6118,-27.9114],[24.6173,-27.9155],[24.6187,-27.9201],[24.6184,-27.9213],[24.6207,-27.9232],[24.6222,-27.9269],[24.6238,-27.9267],[24.6257,-27.9287],[24.6258,-27.9301],[24.6277,-27.9318],[24.6278,-27.9342],[24.6288,-27.9353],[24.6278,-27.9361],[24.6282,-27.9374],[24.6265,-27.938],[24.627,-27.9419],[24.6232,-27.9483],[24.6198,-27.9512],[24.6222,-27.9611],[24.6265,-27.963],[24.6256,-27.9672],[24.624,-27.9681],[24.6235,-27.971],[24.6219,-27.972],[24.6228,-27.974],[24.6208,-27.9749],[24.6214,-27.9762],[24.6231,-27.9765],[24.6217,-27.9771],[24.6209,-27.9788],[24.6219,-27.9796],[24.6212,-27.9806],[24.6222,-27.9818],[24.622,-27.9845],[24.6245,-27.9873],[24.6249,-27.9906],[24.6273,-27.9909],[24.6294,-27.9943],[24.628,-27.9948],[24.6273,-27.9971],[24.6283,-27.9995],[24.6267,-28.0],[24.6248,-27.9992],[24.6244,-28.0002],[24.6251,-28.0006],[24.6232,-28.0017],[24.6229,-28.0008],[24.6209,-28.0012],[24.6193,-28.0023],[24.6196,-28.0033],[24.6176,-28.0064],[24.6166,-28.0065],[24.617,-28.008],[24.6151,-28.0093],[24.613,-28.0094],[24.6131,-28.0103],[24.6122,-28.0099],[24.6082,-28.0117],[24.6086,-28.015],[24.6121,-28.0196],[24.6141,-28.0204],[24.6144,-28.0223],[24.6122,-28.0252],[24.6109,-28.0252],[24.6089,-28.0273],[24.608,-28.0262],[24.6064,-28.0281],[24.6031,-28.0292],[24.6004,-28.0282],[24.5987,-28.0291],[24.5941,-28.0287],[24.5919,-28.0313],[24.5911,-28.0308],[24.5913,-28.0296],[24.5894,-28.0292],[24.5887,-28.0279],[24.5841,-28.0292],[24.5788,-28.0326],[24.5664,-28.0348],[24.5628,-28.0362],[24.5595,-28.0388],[24.558,-28.0418],[24.5577,-28.0445],[24.5632,-28.0569],[24.5644,-28.0669],[24.5637,-28.07],[24.5599,-28.0747],[24.5526,-28.0784],[24.5346,-28.0921],[24.4655,-28.0358],[24.4446,-28.0319],[24.4587,-28.0127],[24.4682,-27.9967],[24.4673,-27.9806],[24.41,-27.9233],[24.3926,-27.9415],[24.3605,-27.9107],[24.4099,-27.8427],[24.4274,-27.8405],[24.4526,-27.7825],[24.4088,-27.7611],[24.4468,-27.7028],[24.4053,-27.6812],[24.111,-27.739],[24.0933,-27.7049],[24.0964,-27.6939],[24.1051,-27.6515],[24.1186,-27.6217],[24.0506,-27.6027],[24.0492,-27.5586],[24.0553,-27.5079],[24.0522,-27.4627],[24.0575,-27.4294],[24.0863,-27.3535],[24.0724,-27.3556],[24.0639,-27.3532],[24.015,-27.3237],[23.9722,-27.2953],[23.9529,-27.2815],[23.9502,-27.2828],[23.9413,-27.2764],[23.8965,-27.2527],[23.8983,-27.2355],[23.9101,-27.2251],[23.9156,-27.2141],[23.9736,-27.0964],[23.9761,-27.0793],[24.0009,-27.0698],[24.0375,-27.0537],[24.026,-26.9993],[24.001,-26.9433],[23.9704,-26.8942],[23.9628,-26.8983],[23.9161,-26.8583],[23.9169,-26.8579],[23.8695,-26.8567],[23.8532,-26.8901],[23.7726,-26.848],[23.7607,-26.8409],[23.7252,-26.8291],[23.6859,-26.8177],[23.6465,-26.8075],[23.6153,-26.79],[23.5689,-26.7749],[23.5209,-26.7555],[23.4871,-26.7397],[23.5471,-26.6583],[23.5838,-26.6171],[23.4943,-26.5544],[23.463,-26.5311],[23.2664,-26.4854],[23.2821,-26.3395],[23.2217,-26.2713],[23.2647,-26.2045],[23.311,-26.1418],[23.2519,-26.1138],[23.2158,-26.1157],[23.2322,-26.0527],[23.3069,-26.0703],[23.3539,-26.0895],[23.3874,-26.0062],[23.3206,-25.9928],[23.0869,-25.9826],[23.0883,-25.999],[23.0881,-26.0436],[23.0648,-26.0991],[22.987,-26.09],[22.9812,-26.1526],[22.9071,-26.1459],[22.8993,-26.2136],[22.8808,-26.2624],[22.8484,-26.3759],[22.8419,-26.3933],[22.8032,-26.4537],[22.7447,-26.4247],[22.7088,-26.4109],[22.7082,-26.3572],[22.7057,-26.2978],[22.7055,-26.2303],[22.7035,-26.1799],[22.7029,-26.1198],[22.6307,-26.1226],[22.632,-26.1214],[22.6281,-26.1235],[22.6179,-26.1241],[22.6097,-26.1272],[22.6071,-26.13],[22.605,-26.1355],[22.6064,-26.1433],[22.605,-26.1492],[22.5995,-26.152],[22.5926,-26.1482],[22.5876,-26.1416],[22.5818,-26.1403],[22.5786,-26.142],[22.5762,-26.1473],[22.5796,-26.1584],[22.5787,-26.1862],[22.5777,-26.1916],[22.5745,-26.1966],[22.5634,-26.206],[22.5606,-26.2117],[22.5594,-26.2178],[22.5579,-26.2212],[22.5516,-26.2255],[22.5386,-26.2274],[22.5288,-26.2267],[22.5254,-26.2252],[22.5187,-26.2191],[22.5137,-26.2161],[22.5066,-26.2134],[22.4951,-26.2105],[22.4797,-26.2015],[22.4742,-26.1997],[22.4701,-26.2014],[22.4666,-26.2049],[22.4609,-26.2219],[22.4541,-26.2279],[22.4429,-26.2291],[22.4338,-26.2272],[22.4262,-26.2234],[22.4224,-26.2232],[22.4207,-26.224],[22.4183,-26.2276],[22.416,-26.2367],[22.4151,-26.238],[22.4102,-26.2414],[22.4023,-26.2441],[22.3988,-26.2481],[22.3986,-26.2518],[22.3994,-26.2548],[22.406,-26.2644],[22.4059,-26.2682],[22.4029,-26.2727],[22.3862,-26.285],[22.3802,-26.2862],[22.368,-26.2842],[22.363,-26.286],[22.3623,-26.2902],[22.3664,-26.3016],[22.3672,-26.3146],[22.3668,-26.3192],[22.363,-26.3255],[22.3589,-26.3276],[22.3518,-26.3274],[22.3392,-26.3204],[22.3259,-26.3223],[22.3203,-26.3249],[22.3179,-26.3284],[22.3127,-26.3412],[22.3069,-26.3441],[22.3013,-26.3441],[22.2879,-26.3398],[22.2775,-26.3415],[22.2682,-26.3452],[22.2473,-26.347],[22.2423,-26.3499],[22.2385,-26.3553],[22.2377,-26.3624],[22.2395,-26.3693],[22.2382,-26.371],[22.2358,-26.3729],[22.2251,-26.3774],[22.214,-26.3861],[22.1992,-26.3915],[22.1932,-26.3953],[22.1903,-26.4006],[22.1904,-26.4027],[22.1915,-26.4058],[22.1987,-26.4139],[22.2008,-26.4203],[22.2002,-26.4248],[22.1962,-26.43],[22.1835,-26.436],[22.1815,-26.4392],[22.1813,-26.4491],[22.1841,-26.4546],[22.1855,-26.4603],[22.1842,-26.4658],[22.1823,-26.4692],[22.1797,-26.4719],[22.1674,-26.4772],[22.1601,-26.4833],[22.1583,-26.488],[22.1592,-26.4915],[22.1655,-26.4998],[22.1657,-26.5039],[22.1635,-26.5083],[22.1589,-26.5121],[22.1423,-26.5188],[22.1352,-26.5235],[22.1331,-26.5261],[22.1319,-26.5322],[22.1336,-26.5406],[22.1335,-26.5436],[22.1326,-26.5448],[22.1298,-26.5468],[22.1262,-26.5474],[22.1141,-26.5461],[22.1086,-26.5488],[22.104,-26.5536],[22.1015,-26.5658],[22.0985,-26.5706],[22.0944,-26.573],[22.0854,-26.5749],[22.0817,-26.5766],[22.0791,-26.5792],[22.0767,-26.5828],[22.0731,-26.5973],[22.0692,-26.6084],[22.0639,-26.6174],[22.0515,-26.6334],[22.0485,-26.635],[22.0452,-26.6351],[22.0376,-26.6339],[22.0305,-26.634],[22.0175,-26.6365],[22.0109,-26.6396],[22.0011,-26.6479],[21.9977,-26.6479],[21.9845,-26.6503],[21.9793,-26.6528],[21.9557,-26.6674],[21.949,-26.67],[21.9427,-26.6698],[21.9359,-26.6666],[21.9266,-26.6647],[21.9035,-26.6701],[21.8934,-26.669],[21.8832,-26.6707],[21.8681,-26.6691],[21.8455,-26.664],[21.8398,-26.6641],[21.8387,-26.6647],[21.8302,-26.6598],[21.8233,-26.6598],[21.8083,-26.6704],[21.7953,-26.6727],[21.7874,-26.6761],[21.772,-26.6891],[21.7692,-26.6954],[21.7706,-26.7045],[21.7837,-26.7162],[21.7873,-26.7222],[21.7847,-26.7503],[21.7931,-26.7708],[21.7915,-26.7761],[21.7836,-26.7855],[21.781,-26.8023],[21.7757,-26.8018],[21.7718,-26.8029],[21.7638,-26.8121],[21.7408,-26.8259],[21.7078,-26.8524],[21.7033,-26.8574],[21.6948,-26.8612],[21.6915,-26.8602],[21.6843,-26.8554],[21.6775,-26.854],[21.6743,-26.8551],[21.6695,-26.8612],[21.6627,-26.8646],[21.6577,-26.8651],[21.6496,-26.8636],[21.6436,-26.8635],[21.635,-26.8657],[21.6269,-26.8666],[21.6181,-26.861],[21.6055,-26.8467],[21.6031,-26.8451],[21.5943,-26.8412],[21.5756,-26.8399],[21.5615,-26.85],[21.5566,-26.8492],[21.549,-26.8441],[21.5409,-26.8431],[21.5333,-26.856],[21.5292,-26.8606],[21.5254,-26.8618],[21.5147,-26.8582],[21.4983,-26.8508],[21.494,-26.8481],[21.4903,-26.8443],[21.4854,-26.8414],[21.48,-26.8404],[21.4619,-26.8407],[21.4558,-26.8381],[21.4492,-26.8309],[21.4401,-26.8271],[21.432,-26.8266],[21.4133,-26.8226],[21.405,-26.8221],[21.3895,-26.8245],[21.3761,-26.8306],[21.372,-26.8298],[21.3652,-26.8302],[21.3578,-26.8293],[21.3441,-26.8254],[21.3327,-26.8256],[21.3281,-26.8286],[21.3204,-26.8385],[21.3172,-26.8412],[21.3067,-26.8472],[21.2992,-26.8494],[21.2885,-26.849],[21.2747,-26.8391],[21.2686,-26.8375],[21.2646,-26.8375],[21.2599,-26.8387],[21.2553,-26.8407],[21.2488,-26.8456],[21.2452,-26.8462],[21.2407,-26.846],[21.2299,-26.8436],[21.2217,-26.8438],[21.1993,-26.8499],[21.1932,-26.8527],[21.1769,-26.8666],[21.1692,-26.8687],[21.1621,-26.8674],[21.1549,-26.8673],[21.1342,-26.8738],[21.1286,-26.8721],[21.1244,-26.8693],[21.1156,-26.8595],[21.1099,-26.8575],[21.0972,-26.8564],[21.0911,-26.8543],[21.0837,-26.85],[21.0789,-26.8485],[21.0712,-26.8484],[21.0601,-26.8516],[21.0415,-26.8467],[21.0327,-26.8466],[21.0258,-26.8477],[21.016,-26.8477],[21.0109,-26.8467],[21.0066,-26.8443],[20.986,-26.8252],[20.9778,-26.8115],[20.972,-26.8073],[20.9679,-26.8063],[20.962,-26.8068],[20.9537,-26.8119],[20.9466,-26.8139],[20.9376,-26.811],[20.9097,-26.7977],[20.8981,-26.7963],[20.8852,-26.7973],[20.8714,-26.8038],[20.8515,-26.8159],[20.8444,-26.8186],[20.8289,-26.8178],[20.8246,-26.8181],[20.8207,-26.8193],[20.8178,-26.823],[20.8189,-26.8378],[20.8163,-26.8417],[20.813,-26.8434],[20.8032,-26.8426],[20.7942,-26.8403],[20.7866,-26.8417],[20.7757,-26.855],[20.7729,-26.8598],[20.7635,-26.8663],[20.757,-26.8673],[20.7403,-26.8658],[20.7286,-26.8664],[20.715,-26.8701],[20.7082,-26.8754],[20.7049,-26.8855],[20.7004,-26.8954],[20.6974,-26.8996],[20.6854,-26.9074],[20.687,-26.9018],[20.6849,-26.8941],[20.6799,-26.8817],[20.6798,-26.8695],[20.6761,-26.861],[20.6771,-26.8574],[20.6805,-26.8515],[20.6851,-26.848],[20.6833,-26.8442],[20.6827,-26.8405],[20.6629,-26.8356],[20.6555,-26.8345],[20.6454,-26.829],[20.6426,-26.8229],[20.6447,-26.8184],[20.649,-26.8132],[20.6504,-26.8095],[20.645,-26.8019],[20.6368,-26.7944],[20.6238,-26.7894],[20.6224,-26.7869],[20.6351,-26.7748],[20.6377,-26.7675],[20.6368,-26.7636],[20.6257,-26.7493],[20.6325,-26.7351],[20.6331,-26.7324],[20.6326,-26.7289],[20.6345,-26.7256],[20.6261,-26.7198],[20.6209,-26.7135],[20.6196,-26.7102],[20.6191,-26.7056],[20.6166,-26.7022],[20.6159,-26.6935],[20.6145,-26.6869],[20.617,-26.6772],[20.6334,-26.6692],[20.6353,-26.6653],[20.6342,-26.6602],[20.6317,-26.6558],[20.6292,-26.6428],[20.6301,-26.6279],[20.6308,-26.6248],[20.633,-26.6216],[20.6337,-26.6173],[20.6335,-26.6092],[20.6318,-26.6037],[20.6325,-26.5994],[20.6316,-26.5954],[20.6326,-26.5918],[20.6318,-26.585],[20.6305,-26.5825],[20.6185,-26.5685],[20.6133,-26.5651],[20.61,-26.5599],[20.6085,-26.553],[20.6097,-26.5465],[20.6102,-26.5356],[20.6046,-26.5214],[20.6048,-26.5147],[20.6118,-26.4992],[20.6116,-26.4879],[20.6145,-26.4739],[20.6167,-26.4676],[20.6174,-26.4437],[20.6257,-26.4348],[20.6462,-26.4351],[20.6498,-26.4329],[20.6522,-26.4307],[20.6557,-26.4255],[20.6608,-26.4156],[20.6709,-26.4054],[20.6746,-26.3999],[20.6768,-26.3979],[20.6789,-26.3969],[20.6875,-26.3992],[20.6934,-26.3977],[20.6976,-26.3902],[20.6986,-26.3832],[20.6973,-26.3691],[20.7005,-26.3634],[20.7122,-26.3509],[20.7147,-26.3463],[20.7169,-26.3386],[20.7199,-26.3338],[20.7264,-26.3291],[20.7373,-26.324],[20.744,-26.3178],[20.7485,-26.3118],[20.7563,-26.2968],[20.7568,-26.2918],[20.7594,-26.2865],[20.7638,-26.284],[20.7727,-26.2821],[20.7905,-26.2712],[20.7922,-26.267],[20.7928,-26.2587],[20.7953,-26.2548],[20.8036,-26.2476],[20.8053,-26.245],[20.8062,-26.2429],[20.8077,-26.2295],[20.8161,-26.2149],[20.8164,-26.2119],[20.8147,-26.1992],[20.8152,-26.1924],[20.8193,-26.1823],[20.8228,-26.1765],[20.8269,-26.1729],[20.8366,-26.169],[20.8438,-26.1621],[20.8538,-26.1492],[20.8562,-26.1413],[20.8608,-26.1368],[20.8633,-26.1327],[20.8624,-26.1282],[20.8577,-26.1238],[20.8523,-26.1222],[20.8436,-26.1255],[20.8407,-26.1238],[20.8382,-26.1184],[20.8288,-26.1129],[20.8209,-26.1053],[20.8207,-26.1011],[20.8257,-26.098],[20.8339,-26.0944],[20.8389,-26.0895],[20.8414,-26.0845],[20.8418,-26.0804],[20.8393,-26.0766],[20.8273,-26.0726],[20.8244,-26.0696],[20.8187,-26.0586],[20.8211,-26.0543],[20.8265,-26.0501],[20.8329,-26.047],[20.8361,-26.0415],[20.8361,-26.0361],[20.8319,-26.0227],[20.8283,-26.0186],[20.8164,-26.0101],[20.8154,-26.0059],[20.8285,-25.9884],[20.8307,-25.9825],[20.8313,-25.9722],[20.8402,-25.9616],[20.8404,-25.9559],[20.8374,-25.9507],[20.806,-25.9263],[20.8029,-25.921],[20.8018,-25.9097],[20.7985,-25.9036],[20.7981,-25.8996],[20.8037,-25.8957],[20.8094,-25.8934],[20.8122,-25.8903],[20.8136,-25.8792],[20.8131,-25.8697],[20.8092,-25.8646],[20.8042,-25.8621],[20.7915,-25.8619],[20.7867,-25.8606],[20.7827,-25.855],[20.7815,-25.8488],[20.7833,-25.8442],[20.7874,-25.8389],[20.7894,-25.8342],[20.7886,-25.8296],[20.7861,-25.8234],[20.7859,-25.82],[20.7859,-25.8183],[20.7901,-25.8083],[20.7887,-25.8037],[20.7829,-25.8007],[20.7779,-25.8018],[20.7729,-25.8048],[20.7666,-25.8096],[20.7621,-25.8152],[20.7593,-25.8222],[20.7535,-25.8262],[20.747,-25.827],[20.7427,-25.8253],[20.7393,-25.8227],[20.7391,-25.8156],[20.7423,-25.8106],[20.7444,-25.8046],[20.7496,-25.7991],[20.7622,-25.7909],[20.7646,-25.787],[20.7635,-25.7804],[20.7606,-25.7766],[20.7541,-25.7725],[20.7487,-25.7716],[20.7422,-25.7734],[20.7373,-25.7737],[20.7317,-25.7716],[20.7298,-25.7684],[20.7312,-25.7534],[20.7308,-25.7479],[20.7278,-25.7417],[20.723,-25.727],[20.7181,-25.7187],[20.7133,-25.7125],[20.7078,-25.7075],[20.6963,-25.7006],[20.6826,-25.6945],[20.6779,-25.6904],[20.6762,-25.6851],[20.6747,-25.6718],[20.677,-25.6655],[20.6873,-25.6519],[20.6889,-25.6455],[20.689,-25.6402],[20.6879,-25.6355],[20.6823,-25.6317],[20.6726,-25.6298],[20.662,-25.6385],[20.657,-25.6399],[20.6518,-25.6375],[20.6504,-25.6324],[20.6523,-25.6263],[20.6577,-25.6187],[20.6596,-25.6149],[20.6611,-25.6085],[20.6654,-25.604],[20.6824,-25.6046],[20.6906,-25.6031],[20.6955,-25.6002],[20.6982,-25.5951],[20.6969,-25.5896],[20.6874,-25.5793],[20.6768,-25.5632],[20.6746,-25.5595],[20.6729,-25.5543],[20.67,-25.5498],[20.663,-25.5443],[20.6542,-25.5357],[20.648,-25.5318],[20.639,-25.5313],[20.633,-25.53],[20.6292,-25.525],[20.6282,-25.5172],[20.6288,-25.5128],[20.633,-25.5089],[20.6402,-25.5041],[20.6427,-25.5011],[20.6435,-25.498],[20.6412,-25.4917],[20.6365,-25.4841],[20.6345,-25.4787],[20.6362,-25.4735],[20.6412,-25.4703],[20.6483,-25.4704],[20.6552,-25.472],[20.6616,-25.472],[20.6677,-25.4696],[20.6728,-25.4635],[20.6744,-25.458],[20.6744,-25.4532],[20.6711,-25.4481],[20.6668,-25.4459],[20.6597,-25.4461],[20.6539,-25.4495],[20.6484,-25.4595],[20.6441,-25.4627],[20.6374,-25.4645],[20.6225,-25.4618],[20.6186,-25.4535],[20.616,-25.4453],[20.6202,-25.4404],[20.6298,-25.4355],[20.6337,-25.4315],[20.631,-25.4253],[20.6255,-25.4216],[20.6128,-25.4283],[20.6082,-25.4297],[20.6012,-25.4274],[20.5983,-25.4216],[20.6005,-25.4142],[20.6035,-25.4101],[20.6054,-25.4042],[20.6046,-25.3987],[20.6016,-25.3947],[20.5966,-25.3907],[20.5918,-25.39],[20.5843,-25.3942],[20.5778,-25.3964],[20.566,-25.3948],[20.5616,-25.3895],[20.5599,-25.3843],[20.5511,-25.3713],[20.5455,-25.3561],[20.5392,-25.3448],[20.542,-25.3361],[20.5481,-25.3287],[20.5488,-25.3243],[20.547,-25.3206],[20.5423,-25.3182],[20.5409,-25.3182],[20.5366,-25.319],[20.532,-25.3228],[20.5217,-25.3247],[20.5169,-25.3233],[20.5139,-25.3171],[20.514,-25.3115],[20.5173,-25.3065],[20.5257,-25.3044],[20.5312,-25.2987],[20.5382,-25.2942],[20.5427,-25.2928],[20.5459,-25.2862],[20.5281,-25.2878],[20.5236,-25.2844],[20.5234,-25.2782],[20.5191,-25.2749],[20.5118,-25.2745],[20.506,-25.2755],[20.502,-25.2741],[20.4997,-25.2722],[20.496,-25.2683],[20.493,-25.2624],[20.4885,-25.2561],[20.4873,-25.2531],[20.4909,-25.2494],[20.4924,-25.2467],[20.4989,-25.2284],[20.4956,-25.2245],[20.4889,-25.2226],[20.476,-25.2252],[20.4711,-25.2283],[20.4656,-25.2234],[20.4634,-25.2191],[20.4619,-25.2116],[20.4464,-25.199],[20.4442,-25.1942],[20.4474,-25.1887],[20.4538,-25.1859],[20.462,-25.1837],[20.4674,-25.1761],[20.4688,-25.1716],[20.4697,-25.1618],[20.469,-25.1569],[20.4655,-25.1523],[20.4596,-25.1499],[20.4535,-25.1532],[20.4491,-25.1566],[20.4448,-25.1582],[20.436,-25.1578],[20.4309,-25.1543],[20.4276,-25.1493],[20.4274,-25.1479],[20.4277,-25.1442],[20.4316,-25.1411],[20.4314,-25.1358],[20.426,-25.1328],[20.424,-25.1282],[20.4255,-25.1239],[20.4295,-25.1209],[20.4292,-25.1163],[20.4246,-25.112],[20.4229,-25.1081],[20.4198,-25.1046],[20.4148,-25.1054],[20.4107,-25.1034],[20.41,-25.0989],[20.4157,-25.0892],[20.4127,-25.0829],[20.4078,-25.0807],[20.4,-25.0794],[20.3924,-25.0768],[20.3868,-25.0691],[20.3816,-25.0666],[20.3788,-25.0619],[20.3856,-25.05],[20.3857,-25.0437],[20.3867,-25.0387],[20.3843,-25.0344],[20.3689,-25.0277],[20.3566,-25.0244],[20.3492,-25.0095],[20.3425,-25.0082],[20.3357,-25.008],[20.3286,-25.0059],[20.3262,-24.9975],[20.3227,-24.9914],[20.3176,-24.9868],[20.2965,-24.9806],[20.2861,-24.9696],[20.2881,-24.96],[20.2865,-24.9538],[20.2843,-24.9514],[20.2757,-24.9503],[20.2726,-24.9474],[20.2705,-24.9381],[20.2662,-24.9293],[20.2595,-24.9238],[20.2545,-24.9233],[20.2488,-24.9184],[20.2331,-24.9138],[20.222,-24.9199],[20.217,-24.9166],[20.2137,-24.9078],[20.2085,-24.9008],[20.2036,-24.8964],[20.1975,-24.897],[20.1945,-24.9039],[20.1895,-24.9104],[20.1818,-24.9118],[20.1696,-24.8974],[20.1604,-24.8888],[20.1581,-24.8836],[20.1502,-24.8795],[20.1305,-24.8808],[20.1214,-24.8849],[20.1152,-24.88],[20.1131,-24.8744],[20.1119,-24.8678],[20.1092,-24.8624],[20.0992,-24.8594],[20.0877,-24.852],[20.0865,-24.845],[20.0897,-24.8401],[20.0902,-24.8328],[20.0852,-24.8299],[20.0785,-24.8312],[20.0706,-24.8305],[20.0667,-24.8283],[20.0668,-24.8202],[20.0653,-24.8141],[20.0446,-24.8109]]]},"properties":{"OBJECTID_12":8,"OBJECTID_1":8,"OBJECTID":8,"CODE":"NC","PROVINCE":"Northern Cape","GISDB.LDR.Provinces.Area":372889.37869600003,"Country":"South Africa","Shape_Leng":48.008397430000002,"Shape_STAr":34.691554250000003,"Shape_STLe":48.008397430000002,"Shape.STArea()":34.691554249050284,"Shape.STLength()":48.008397431816547}},{"type":"Feature","id":9,"geometry":{"type":"MultiPolygon","coordinates":[[[[18.1593,-33.3645],[18.1626,-33.3661],[18.1621,-33.3681],[18.1631,-33.3683],[18.1628,-33.3687],[18.166,-33.3686],[18.1718,-33.3722],[18.1725,-33.3737],[18.1746,-33.3738],[18.1839,-33.3785],[18.2123,-33.3945],[18.2193,-33.3998],[18.2289,-33.4056],[18.2355,-33.4115],[18.2388,-33.4134],[18.2572,-33.4286],[18.2744,-33.4452],[18.2888,-33.4608],[18.2904,-33.4635],[18.2946,-33.4673],[18.2975,-33.4718],[18.3036,-33.4784],[18.3046,-33.4816],[18.3057,-33.4821],[18.3073,-33.4813],[18.3065,-33.4852],[18.3072,-33.488],[18.3087,-33.4887],[18.3083,-33.4899],[18.3118,-33.4939],[18.3102,-33.4963],[18.3122,-33.4976],[18.3157,-33.4961],[18.3165,-33.4973],[18.316,-33.4989],[18.3153,-33.4989],[18.3154,-33.5001],[18.3136,-33.5007],[18.315,-33.5043],[18.3123,-33.5062],[18.3125,-33.5069],[18.3142,-33.5088],[18.3158,-33.5087],[18.3178,-33.5108],[18.3191,-33.511],[18.3191,-33.5134],[18.3211,-33.5157],[18.3222,-33.5156],[18.3209,-33.5142],[18.3228,-33.5149],[18.3233,-33.5163],[18.3244,-33.5161],[18.3254,-33.517],[18.3245,-33.5198],[18.3222,-33.5196],[18.3218,-33.5218],[18.3201,-33.5212],[18.3183,-33.5226],[18.3182,-33.5253],[18.3169,-33.5263],[18.3171,-33.5288],[18.3148,-33.5313],[18.3145,-33.533],[18.3162,-33.5341],[18.3174,-33.5364],[18.317,-33.5388],[18.3182,-33.5401],[18.3175,-33.5406],[18.3159,-33.5397],[18.3119,-33.5409],[18.3128,-33.5424],[18.3123,-33.5446],[18.3132,-33.5459],[18.3098,-33.5477],[18.3106,-33.5495],[18.3092,-33.5512],[18.3102,-33.5528],[18.3089,-33.5547],[18.3095,-33.5551],[18.309,-33.557],[18.31,-33.5576],[18.3113,-33.5618],[18.3122,-33.5623],[18.311,-33.5636],[18.3096,-33.5635],[18.3076,-33.5651],[18.3091,-33.5647],[18.3108,-33.5687],[18.3148,-33.5695],[18.3176,-33.5712],[18.3197,-33.5745],[18.3245,-33.5753],[18.3257,-33.5741],[18.326,-33.5702],[18.3275,-33.57],[18.3282,-33.5711],[18.3289,-33.5705],[18.3309,-33.5719],[18.3323,-33.5694],[18.3358,-33.5691],[18.338,-33.5695],[18.3409,-33.5725],[18.342,-33.572],[18.3417,-33.5706],[18.3452,-33.5713],[18.353,-33.5766],[18.3581,-33.5822],[18.3605,-33.5871],[18.3612,-33.5899],[18.3588,-33.5913],[18.3616,-33.5923],[18.3619,-33.5931],[18.3612,-33.5938],[18.3616,-33.5945],[18.3599,-33.5958],[18.3592,-33.5976],[18.357,-33.5979],[18.3567,-33.5986],[18.3604,-33.5997],[18.364,-33.5986],[18.3679,-33.5996],[18.3737,-33.6073],[18.3732,-33.61],[18.3716,-33.611],[18.374,-33.6129],[18.3772,-33.6185],[18.3795,-33.6185],[18.3815,-33.6196],[18.3836,-33.6189],[18.3852,-33.6195],[18.3857,-33.6214],[18.3881,-33.6206],[18.39,-33.6215],[18.3915,-33.6212],[18.3927,-33.6226],[18.3929,-33.6221],[18.3956,-33.6234],[18.4034,-33.6326],[18.4053,-33.6357],[18.4069,-33.6406],[18.4124,-33.6464],[18.4202,-33.6576],[18.4272,-33.6709],[18.4282,-33.6739],[18.4265,-33.6754],[18.4283,-33.674],[18.4306,-33.6785],[18.4261,-33.6786],[18.4254,-33.6773],[18.426,-33.6786],[18.4254,-33.6786],[18.4216,-33.6772],[18.4253,-33.6786],[18.4306,-33.6785],[18.4308,-33.6804],[18.4319,-33.6796],[18.4309,-33.6806],[18.4323,-33.6813],[18.4353,-33.688],[18.4351,-33.6895],[18.438,-33.6926],[18.4443,-33.7136],[18.4433,-33.7159],[18.4442,-33.72],[18.4425,-33.7251],[18.4402,-33.7277],[18.4365,-33.7296],[18.4352,-33.7316],[18.4355,-33.736],[18.439,-33.7406],[18.4415,-33.7471],[18.4421,-33.7579],[18.446,-33.772],[18.4496,-33.7815],[18.4545,-33.7887],[18.4587,-33.7972],[18.4588,-33.7991],[18.4575,-33.8002],[18.4666,-33.8077],[18.4744,-33.819],[18.4795,-33.8281],[18.4834,-33.8363],[18.4887,-33.8519],[18.4894,-33.8703],[18.4877,-33.8792],[18.4842,-33.8885],[18.4846,-33.8902],[18.4826,-33.8912],[18.4803,-33.8964],[18.473,-33.9068],[18.4732,-33.9076],[18.4729,-33.9069],[18.4719,-33.9081],[18.4709,-33.9078],[18.468,-33.9111],[18.4652,-33.9121],[18.4547,-33.9122],[18.4456,-33.9052],[18.4405,-33.9043],[18.439,-33.903],[18.4403,-33.9043],[18.4389,-33.9056],[18.4404,-33.9044],[18.446,-33.9056],[18.4447,-33.9071],[18.455,-33.9155],[18.4515,-33.9181],[18.4499,-33.9168],[18.4515,-33.9183],[18.451,-33.9187],[18.4495,-33.9176],[18.4509,-33.9188],[18.4501,-33.9196],[18.4472,-33.9174],[18.448,-33.9166],[18.4492,-33.9173],[18.4482,-33.9162],[18.4371,-33.9088],[18.4374,-33.9068],[18.4369,-33.9089],[18.4351,-33.9086],[18.4397,-33.912],[18.4417,-33.9119],[18.4463,-33.9155],[18.4447,-33.9173],[18.4401,-33.914],[18.4447,-33.9175],[18.4436,-33.9183],[18.4459,-33.9203],[18.4423,-33.9205],[18.4413,-33.9199],[18.4427,-33.9186],[18.4385,-33.916],[18.4421,-33.9189],[18.4401,-33.9204],[18.4256,-33.9097],[18.4306,-33.9057],[18.4326,-33.9075],[18.4336,-33.9072],[18.4323,-33.9059],[18.4341,-33.9053],[18.4332,-33.9056],[18.431,-33.9038],[18.4276,-33.9032],[18.4287,-33.9045],[18.424,-33.9083],[18.4233,-33.9072],[18.4249,-33.9057],[18.4232,-33.907],[18.4229,-33.9061],[18.4212,-33.9068],[18.422,-33.9088],[18.4213,-33.9092],[18.4202,-33.9078],[18.4191,-33.9087],[18.4201,-33.9084],[18.4208,-33.9097],[18.4185,-33.9098],[18.4174,-33.9088],[18.4201,-33.9075],[18.4197,-33.9067],[18.422,-33.9062],[18.4215,-33.9054],[18.4206,-33.9058],[18.4211,-33.9042],[18.4227,-33.9054],[18.4215,-33.9042],[18.4229,-33.903],[18.4244,-33.9042],[18.4231,-33.9029],[18.4249,-33.9014],[18.4268,-33.9029],[18.4262,-33.9006],[18.4345,-33.8976],[18.4207,-33.9012],[18.4186,-33.9025],[18.4153,-33.901],[18.416,-33.901],[18.4147,-33.8997],[18.4144,-33.9008],[18.4124,-33.9001],[18.4127,-33.8992],[18.4152,-33.8991],[18.4038,-33.8994],[18.4007,-33.9007],[18.3985,-33.9005],[18.3975,-33.905],[18.398,-33.9064],[18.3954,-33.9065],[18.3937,-33.9086],[18.3925,-33.9085],[18.3897,-33.9101],[18.3854,-33.918],[18.3821,-33.9189],[18.3773,-33.9221],[18.3773,-33.9247],[18.3784,-33.9266],[18.3753,-33.928],[18.3749,-33.9292],[18.3757,-33.9323],[18.3776,-33.9337],[18.3777,-33.9375],[18.3755,-33.9409],[18.3721,-33.9408],[18.3716,-33.942],[18.3727,-33.9435],[18.3718,-33.9439],[18.373,-33.9442],[18.3723,-33.9444],[18.3778,-33.9464],[18.3788,-33.9493],[18.3758,-33.9539],[18.3752,-33.9529],[18.3744,-33.953],[18.375,-33.9544],[18.376,-33.9547],[18.3754,-33.9562],[18.377,-33.9572],[18.3773,-33.9584],[18.3753,-33.9596],[18.3725,-33.9596],[18.3731,-33.9618],[18.3719,-33.9632],[18.3732,-33.9641],[18.3722,-33.9648],[18.3731,-33.9662],[18.3707,-33.9686],[18.3709,-33.974],[18.3652,-33.979],[18.3633,-33.979],[18.3637,-33.9804],[18.3617,-33.9822],[18.3596,-33.9814],[18.3569,-33.9847],[18.3549,-33.9848],[18.3536,-33.9871],[18.3513,-33.9876],[18.3503,-33.9865],[18.3497,-33.9865],[18.35,-33.9874],[18.3486,-33.9869],[18.3485,-33.9879],[18.3478,-33.9878],[18.3486,-33.9883],[18.3482,-33.9888],[18.3443,-33.9917],[18.3447,-33.9975],[18.3425,-33.9992],[18.3418,-34.0014],[18.3429,-34.0041],[18.3418,-34.0053],[18.339,-34.0045],[18.3412,-34.0057],[18.3414,-34.0088],[18.3399,-34.0098],[18.3371,-34.0095],[18.3374,-34.0101],[18.3356,-34.0103],[18.3343,-34.0116],[18.3344,-34.013],[18.3356,-34.0136],[18.3345,-34.0145],[18.335,-34.0163],[18.3334,-34.0174],[18.3334,-34.0186],[18.3312,-34.0198],[18.3326,-34.0215],[18.3322,-34.0232],[18.3293,-34.0252],[18.3223,-34.0272],[18.3141,-34.0283],[18.3108,-34.0277],[18.3113,-34.0286],[18.3152,-34.0288],[18.3175,-34.0302],[18.3152,-34.0327],[18.3139,-34.0362],[18.3099,-34.0379],[18.3085,-34.0376],[18.3072,-34.0395],[18.3106,-34.0433],[18.3201,-34.0458],[18.3228,-34.0486],[18.3239,-34.0486],[18.3234,-34.0493],[18.3243,-34.0526],[18.3254,-34.0533],[18.325,-34.0536],[18.3295,-34.0563],[18.3283,-34.0578],[18.3289,-34.0582],[18.33,-34.0574],[18.3366,-34.0607],[18.3403,-34.0616],[18.3433,-34.0605],[18.3482,-34.0555],[18.3493,-34.0522],[18.3504,-34.0514],[18.3487,-34.0528],[18.3482,-34.0525],[18.3487,-34.0529],[18.3481,-34.0542],[18.3479,-34.0535],[18.3476,-34.054],[18.346,-34.0535],[18.3454,-34.0525],[18.3466,-34.052],[18.3454,-34.0524],[18.3451,-34.0516],[18.3478,-34.0483],[18.3485,-34.0492],[18.3479,-34.0482],[18.3488,-34.0478],[18.3494,-34.0509],[18.3497,-34.0495],[18.3485,-34.0472],[18.3493,-34.0464],[18.3573,-34.0457],[18.3608,-34.0476],[18.3609,-34.0489],[18.362,-34.0491],[18.3633,-34.0539],[18.3625,-34.0552],[18.3646,-34.0577],[18.3647,-34.0592],[18.3669,-34.0603],[18.3672,-34.0621],[18.3688,-34.0627],[18.364,-34.0727],[18.3625,-34.0739],[18.3594,-34.0745],[18.3598,-34.0749],[18.3552,-34.0768],[18.355,-34.079],[18.3559,-34.0798],[18.3553,-34.0831],[18.3532,-34.0854],[18.3552,-34.0872],[18.3497,-34.0908],[18.3504,-34.0926],[18.3527,-34.0949],[18.3528,-34.0961],[18.356,-34.0981],[18.3574,-34.1062],[18.357,-34.1104],[18.3559,-34.1115],[18.3553,-34.1142],[18.3533,-34.1156],[18.3533,-34.12],[18.35,-34.128],[18.3484,-34.1294],[18.3457,-34.1301],[18.3413,-34.1273],[18.3391,-34.1273],[18.3353,-34.1321],[18.334,-34.1349],[18.3323,-34.1361],[18.3289,-34.1373],[18.3252,-34.1368],[18.3227,-34.1381],[18.3222,-34.1399],[18.3206,-34.141],[18.3216,-34.1417],[18.3226,-34.141],[18.3234,-34.142],[18.319,-34.1447],[18.3183,-34.1459],[18.3193,-34.1495],[18.3207,-34.1508],[18.3204,-34.1519],[18.3219,-34.1532],[18.3228,-34.1559],[18.324,-34.157],[18.3254,-34.1569],[18.3273,-34.158],[18.3287,-34.1614],[18.3321,-34.1657],[18.3335,-34.1698],[18.3362,-34.1723],[18.3358,-34.1734],[18.337,-34.1739],[18.338,-34.1768],[18.3393,-34.1778],[18.3409,-34.1777],[18.342,-34.1792],[18.3427,-34.1786],[18.3434,-34.1797],[18.3463,-34.1765],[18.3526,-34.1768],[18.3578,-34.1805],[18.3592,-34.1825],[18.3628,-34.1844],[18.3704,-34.1959],[18.3703,-34.1971],[18.3725,-34.201],[18.3718,-34.2025],[18.3695,-34.2035],[18.3705,-34.2068],[18.3704,-34.2104],[18.3728,-34.2145],[18.3725,-34.2163],[18.3777,-34.2258],[18.3787,-34.2303],[18.3782,-34.2359],[18.3765,-34.2401],[18.3775,-34.2431],[18.3802,-34.2465],[18.3811,-34.2517],[18.3783,-34.2521],[18.3783,-34.2532],[18.382,-34.2548],[18.3828,-34.2563],[18.3826,-34.2578],[18.3802,-34.2591],[18.3803,-34.2615],[18.3812,-34.2634],[18.3841,-34.2658],[18.3843,-34.267],[18.3816,-34.2691],[18.3813,-34.2702],[18.3795,-34.2706],[18.3795,-34.273],[18.3837,-34.2757],[18.3851,-34.2754],[18.3862,-34.2765],[18.3888,-34.2766],[18.389,-34.2781],[18.3903,-34.2795],[18.3898,-34.2823],[18.392,-34.2834],[18.3923,-34.286],[18.3943,-34.2861],[18.3968,-34.2884],[18.3969,-34.2901],[18.3999,-34.2938],[18.4049,-34.3034],[18.404,-34.3067],[18.4004,-34.3077],[18.4006,-34.3084],[18.406,-34.3111],[18.4082,-34.314],[18.4148,-34.3166],[18.4164,-34.3181],[18.4151,-34.319],[18.4151,-34.3211],[18.4197,-34.3226],[18.421,-34.3238],[18.4213,-34.3233],[18.422,-34.3243],[18.4211,-34.3261],[18.4283,-34.3312],[18.4321,-34.3317],[18.4332,-34.3329],[18.4371,-34.3337],[18.4385,-34.3352],[18.4417,-34.3358],[18.4436,-34.3374],[18.4489,-34.3363],[18.4532,-34.3367],[18.457,-34.3384],[18.4596,-34.3418],[18.4592,-34.3444],[18.4608,-34.3449],[18.4623,-34.3467],[18.4664,-34.3478],[18.4677,-34.3505],[18.4695,-34.3512],[18.4725,-34.3545],[18.4722,-34.3565],[18.4728,-34.3574],[18.472,-34.3576],[18.4721,-34.3583],[18.4743,-34.3577],[18.4758,-34.3583],[18.4775,-34.3569],[18.4795,-34.3567],[18.4799,-34.3551],[18.4815,-34.354],[18.4837,-34.3541],[18.4844,-34.355],[18.4862,-34.3552],[18.4872,-34.3544],[18.4913,-34.355],[18.4967,-34.3578],[18.4981,-34.3573],[18.4959,-34.3542],[18.492,-34.3526],[18.4923,-34.3521],[18.4907,-34.3515],[18.4913,-34.3511],[18.4881,-34.3497],[18.4892,-34.3494],[18.4876,-34.3478],[18.4827,-34.3476],[18.4771,-34.3439],[18.4756,-34.3415],[18.4718,-34.3404],[18.4698,-34.3381],[18.4694,-34.3363],[18.47,-34.336],[18.4675,-34.3324],[18.4676,-34.3281],[18.4653,-34.3237],[18.4615,-34.3214],[18.4612,-34.3207],[18.462,-34.3205],[18.4607,-34.3192],[18.4612,-34.317],[18.4631,-34.3169],[18.4651,-34.3156],[18.4618,-34.3129],[18.4607,-34.3105],[18.4631,-34.3083],[18.4638,-34.3029],[18.4658,-34.3015],[18.4658,-34.2999],[18.4672,-34.298],[18.4663,-34.2928],[18.4682,-34.291],[18.4686,-34.2879],[18.4698,-34.2876],[18.4718,-34.2828],[18.4749,-34.2786],[18.4747,-34.2754],[18.4682,-34.2713],[18.4665,-34.2672],[18.4673,-34.2668],[18.467,-34.2648],[18.4701,-34.2606],[18.4727,-34.26],[18.4744,-34.2574],[18.4764,-34.2564],[18.4765,-34.2548],[18.4776,-34.2547],[18.4762,-34.2537],[18.4766,-34.248],[18.4748,-34.2452],[18.4748,-34.2417],[18.4757,-34.2406],[18.4765,-34.2407],[18.4765,-34.2395],[18.4781,-34.2396],[18.4757,-34.2383],[18.4749,-34.2357],[18.4751,-34.233],[18.4772,-34.2327],[18.4754,-34.2304],[18.4721,-34.2301],[18.4697,-34.2266],[18.4675,-34.2252],[18.4657,-34.2225],[18.4653,-34.2164],[18.4639,-34.2152],[18.4623,-34.2098],[18.4614,-34.2083],[18.4596,-34.2078],[18.4581,-34.206],[18.4582,-34.2049],[18.4568,-34.2037],[18.4574,-34.2021],[18.4541,-34.1979],[18.453,-34.1972],[18.4519,-34.1981],[18.4504,-34.1963],[18.4506,-34.1953],[18.4486,-34.1951],[18.4475,-34.1937],[18.4465,-34.1942],[18.446,-34.1925],[18.4438,-34.1917],[18.4423,-34.1876],[18.438,-34.1857],[18.4378,-34.1847],[18.4376,-34.1861],[18.4406,-34.1873],[18.4395,-34.1882],[18.4408,-34.1875],[18.4421,-34.1878],[18.4429,-34.1906],[18.4417,-34.1902],[18.4422,-34.1909],[18.44,-34.1912],[18.4382,-34.1886],[18.4368,-34.1894],[18.4379,-34.1909],[18.4353,-34.1909],[18.4365,-34.1896],[18.4352,-34.1908],[18.434,-34.1883],[18.4365,-34.1863],[18.4337,-34.1882],[18.435,-34.1908],[18.4333,-34.1928],[18.4325,-34.1928],[18.4328,-34.1919],[18.4325,-34.1927],[18.4312,-34.1917],[18.4297,-34.1922],[18.4284,-34.1915],[18.4252,-34.1847],[18.4264,-34.1772],[18.428,-34.1756],[18.4288,-34.172],[18.4316,-34.1688],[18.4318,-34.167],[18.4332,-34.166],[18.4312,-34.1606],[18.433,-34.1582],[18.4353,-34.1579],[18.44,-34.15],[18.4375,-34.1441],[18.4323,-34.1416],[18.4334,-34.1379],[18.4393,-34.1322],[18.4454,-34.1329],[18.4475,-34.1324],[18.4494,-34.1306],[18.4493,-34.1297],[18.4514,-34.1284],[18.4495,-34.1295],[18.4491,-34.129],[18.4501,-34.1283],[18.4482,-34.1291],[18.4486,-34.1276],[18.4496,-34.127],[18.4508,-34.1282],[18.4495,-34.1268],[18.4562,-34.1211],[18.4585,-34.1206],[18.4597,-34.1193],[18.4593,-34.1187],[18.4614,-34.1169],[18.4666,-34.1137],[18.467,-34.1116],[18.4691,-34.1091],[18.4804,-34.1045],[18.5031,-34.0973],[18.5131,-34.096],[18.5376,-34.0902],[18.5503,-34.0886],[18.5536,-34.0889],[18.5598,-34.0864],[18.5974,-34.0776],[18.6119,-34.0753],[18.6214,-34.0756],[18.6239,-34.0744],[18.6308,-34.0733],[18.6622,-34.0727],[18.6861,-34.0748],[18.6903,-34.0742],[18.6886,-34.0741],[18.6893,-34.0725],[18.6947,-34.0721],[18.7142,-34.0729],[18.739,-34.0753],[18.7545,-34.0781],[18.7799,-34.0851],[18.8035,-34.0952],[18.8087,-34.0986],[18.813,-34.1001],[18.8211,-34.1096],[18.8222,-34.1143],[18.8232,-34.1159],[18.8304,-34.1208],[18.8315,-34.1245],[18.8391,-34.1307],[18.8475,-34.1417],[18.855,-34.1484],[18.8556,-34.152],[18.8572,-34.1509],[18.8556,-34.1498],[18.8563,-34.1494],[18.8559,-34.1486],[18.857,-34.1501],[18.8587,-34.1507],[18.8594,-34.1501],[18.8583,-34.1522],[18.8565,-34.152],[18.8582,-34.1526],[18.8597,-34.1517],[18.8627,-34.1548],[18.866,-34.1553],[18.8681,-34.159],[18.8676,-34.161],[18.8635,-34.1632],[18.8599,-34.1634],[18.8603,-34.1641],[18.8592,-34.1651],[18.8581,-34.1647],[18.8579,-34.163],[18.858,-34.1648],[18.8593,-34.1654],[18.8587,-34.166],[18.8422,-34.1718],[18.8383,-34.1721],[18.8335,-34.1753],[18.8309,-34.1762],[18.8275,-34.1793],[18.8244,-34.1804],[18.8223,-34.1823],[18.8227,-34.183],[18.8214,-34.1831],[18.8208,-34.1848],[18.8197,-34.1853],[18.8197,-34.1877],[18.8191,-34.1876],[18.819,-34.19],[18.8184,-34.19],[18.8186,-34.1942],[18.8211,-34.1937],[18.82,-34.1955],[18.8244,-34.2011],[18.8256,-34.2009],[18.8262,-34.2024],[18.8282,-34.2034],[18.8282,-34.2046],[18.8299,-34.2048],[18.8305,-34.2073],[18.8318,-34.2075],[18.8317,-34.2103],[18.8337,-34.2117],[18.8323,-34.2125],[18.8329,-34.2146],[18.8303,-34.2171],[18.8326,-34.2191],[18.8345,-34.2192],[18.8332,-34.2209],[18.8341,-34.2207],[18.8372,-34.2239],[18.8381,-34.2236],[18.8382,-34.2245],[18.8405,-34.2252],[18.8417,-34.2273],[18.8486,-34.2332],[18.8528,-34.2381],[18.8536,-34.2418],[18.8525,-34.2445],[18.8548,-34.2462],[18.854,-34.2489],[18.8559,-34.2523],[18.8544,-34.2576],[18.8524,-34.2615],[18.8526,-34.2636],[18.851,-34.2659],[18.8427,-34.2712],[18.8373,-34.2725],[18.8342,-34.2741],[18.8305,-34.2744],[18.8287,-34.2763],[18.826,-34.282],[18.8237,-34.2845],[18.8239,-34.2872],[18.8206,-34.2896],[18.8201,-34.2912],[18.8207,-34.2959],[18.8218,-34.2967],[18.8227,-34.299],[18.821,-34.3001],[18.8193,-34.2977],[18.8152,-34.2976],[18.8135,-34.296],[18.8119,-34.2988],[18.8134,-34.3002],[18.8126,-34.3006],[18.8125,-34.3028],[18.8146,-34.3043],[18.8127,-34.3047],[18.815,-34.3058],[18.8126,-34.3084],[18.8116,-34.3081],[18.8106,-34.3092],[18.8135,-34.3125],[18.8154,-34.3109],[18.8177,-34.3105],[18.8191,-34.3113],[18.8192,-34.3132],[18.8184,-34.3142],[18.8159,-34.3148],[18.8172,-34.3166],[18.8156,-34.3179],[18.8169,-34.3203],[18.8184,-34.3203],[18.8179,-34.3211],[18.8184,-34.324],[18.8196,-34.3252],[18.8215,-34.3253],[18.8201,-34.328],[18.821,-34.3292],[18.8202,-34.3299],[18.8203,-34.3311],[18.8224,-34.3332],[18.8224,-34.3343],[18.8243,-34.3354],[18.8248,-34.3369],[18.8274,-34.3379],[18.8292,-34.3373],[18.8298,-34.3383],[18.8318,-34.3389],[18.8308,-34.3404],[18.8308,-34.3437],[18.829,-34.3455],[18.8258,-34.3465],[18.825,-34.3455],[18.8221,-34.3455],[18.8193,-34.3476],[18.8169,-34.3478],[18.8118,-34.3467],[18.81,-34.3475],[18.8095,-34.3487],[18.8154,-34.3544],[18.8162,-34.3566],[18.8178,-34.3573],[18.816,-34.3584],[18.8164,-34.3599],[18.8151,-34.3643],[18.8189,-34.3662],[18.8191,-34.367],[18.8181,-34.3669],[18.818,-34.3682],[18.817,-34.3684],[18.8185,-34.3689],[18.8197,-34.3706],[18.819,-34.3731],[18.8251,-34.3733],[18.8271,-34.3758],[18.8265,-34.3806],[18.8218,-34.3811],[18.8229,-34.3835],[18.8266,-34.3837],[18.826,-34.388],[18.8326,-34.3873],[18.8361,-34.3881],[18.8371,-34.3864],[18.835,-34.3856],[18.8317,-34.3819],[18.8321,-34.3804],[18.834,-34.3804],[18.8337,-34.3796],[18.8354,-34.3783],[18.8401,-34.3791],[18.8402,-34.3797],[18.8433,-34.378],[18.8466,-34.3807],[18.8485,-34.3809],[18.8485,-34.3827],[18.8498,-34.3839],[18.8528,-34.3843],[18.8532,-34.3837],[18.8533,-34.3843],[18.8551,-34.3836],[18.855,-34.3848],[18.8538,-34.3856],[18.8543,-34.3873],[18.8525,-34.3885],[18.854,-34.39],[18.8546,-34.3898],[18.855,-34.3912],[18.8558,-34.3902],[18.8554,-34.3892],[18.8563,-34.3885],[18.8619,-34.3889],[18.8626,-34.3884],[18.8615,-34.3879],[18.8619,-34.387],[18.8607,-34.3863],[18.86,-34.3842],[18.8571,-34.3811],[18.8581,-34.3785],[18.8566,-34.3776],[18.8588,-34.3747],[18.8614,-34.3751],[18.8622,-34.3745],[18.8619,-34.3731],[18.8645,-34.3715],[18.8744,-34.3691],[18.8779,-34.37],[18.8805,-34.3715],[18.88,-34.3727],[18.8815,-34.3724],[18.8817,-34.3734],[18.8828,-34.3731],[18.885,-34.3747],[18.8855,-34.3741],[18.8849,-34.3726],[18.8866,-34.3726],[18.8871,-34.3735],[18.8871,-34.3725],[18.8881,-34.3726],[18.8904,-34.3735],[18.8929,-34.376],[18.8937,-34.3751],[18.8972,-34.3743],[18.8965,-34.3727],[18.8941,-34.3719],[18.8945,-34.3712],[18.8953,-34.3716],[18.8952,-34.3707],[18.8968,-34.3691],[18.8965,-34.3678],[18.8987,-34.3677],[18.8994,-34.3686],[18.901,-34.3688],[18.9013,-34.3655],[18.9034,-34.3636],[18.9058,-34.3633],[18.9048,-34.3617],[18.9056,-34.3603],[18.9113,-34.3577],[18.9155,-34.3572],[18.9177,-34.3578],[18.9204,-34.357],[18.9217,-34.3575],[18.9216,-34.3584],[18.9227,-34.3591],[18.9241,-34.3594],[18.9275,-34.358],[18.9318,-34.3587],[18.9337,-34.3579],[18.9345,-34.3558],[18.9387,-34.3566],[18.9409,-34.3582],[18.944,-34.3589],[18.95,-34.3587],[18.9501,-34.3601],[18.9511,-34.3607],[18.9612,-34.3615],[18.9655,-34.363],[18.968,-34.3623],[18.9667,-34.3608],[18.9707,-34.3594],[18.9762,-34.3595],[18.9788,-34.357],[18.9796,-34.354],[18.984,-34.3511],[18.9855,-34.3515],[18.9866,-34.3488],[18.9896,-34.348],[18.9907,-34.3469],[18.9929,-34.3471],[18.9946,-34.3448],[18.9987,-34.3436],[19.0009,-34.3441],[19.0046,-34.3463],[19.0129,-34.346],[19.0125,-34.3471],[19.0153,-34.3475],[19.0194,-34.3455],[19.0233,-34.3458],[19.0305,-34.3445],[19.034,-34.3448],[19.0349,-34.3465],[19.0347,-34.3449],[19.0365,-34.3438],[19.0372,-34.3418],[19.0424,-34.3411],[19.0586,-34.3465],[19.0691,-34.3512],[19.0903,-34.3631],[19.1026,-34.3721],[19.1181,-34.3863],[19.1243,-34.3948],[19.1252,-34.3998],[19.1233,-34.4003],[19.1218,-34.4022],[19.1197,-34.4024],[19.1174,-34.4047],[19.1186,-34.4053],[19.1176,-34.406],[19.1186,-34.4077],[19.1175,-34.4083],[19.1176,-34.4091],[19.123,-34.4127],[19.1212,-34.4138],[19.1214,-34.415],[19.1206,-34.4159],[19.1232,-34.4155],[19.1248,-34.4166],[19.1252,-34.418],[19.1266,-34.4172],[19.1336,-34.4186],[19.1355,-34.4183],[19.1349,-34.4201],[19.1398,-34.4204],[19.14,-34.4222],[19.1422,-34.4236],[19.1432,-34.4237],[19.1472,-34.4215],[19.1548,-34.4221],[19.1599,-34.4186],[19.1641,-34.4188],[19.1706,-34.4161],[19.1724,-34.4171],[19.1724,-34.4205],[19.1816,-34.4199],[19.1831,-34.422],[19.1856,-34.4221],[19.1892,-34.4237],[19.19,-34.4249],[19.1897,-34.4267],[19.1906,-34.4266],[19.1908,-34.4276],[19.1936,-34.4295],[19.1964,-34.4298],[19.1991,-34.4287],[19.2038,-34.4283],[19.2044,-34.4305],[19.203,-34.4336],[19.2034,-34.4356],[19.2058,-34.4351],[19.2075,-34.4367],[19.2185,-34.4381],[19.2227,-34.4358],[19.2257,-34.4357],[19.2258,-34.4347],[19.2283,-34.4335],[19.2262,-34.4343],[19.2249,-34.4335],[19.2272,-34.4316],[19.2273,-34.4301],[19.2303,-34.4298],[19.231,-34.4284],[19.2329,-34.4277],[19.2328,-34.4265],[19.2352,-34.4261],[19.2363,-34.4229],[19.2371,-34.4232],[19.2387,-34.4217],[19.2426,-34.4236],[19.2442,-34.4229],[19.2436,-34.4208],[19.2443,-34.4209],[19.2455,-34.4184],[19.2491,-34.4171],[19.251,-34.4143],[19.2537,-34.4129],[19.255,-34.4142],[19.2555,-34.4134],[19.2571,-34.4136],[19.2617,-34.4116],[19.2648,-34.4114],[19.2677,-34.4089],[19.2701,-34.41],[19.2736,-34.4088],[19.2744,-34.4096],[19.2754,-34.409],[19.2753,-34.4098],[19.2777,-34.4102],[19.2781,-34.412],[19.2783,-34.4112],[19.28,-34.4112],[19.282,-34.4119],[19.2823,-34.4131],[19.2886,-34.4146],[19.3029,-34.4238],[19.3217,-34.4396],[19.341,-34.4611],[19.3486,-34.4714],[19.3602,-34.4896],[19.3689,-34.5079],[19.372,-34.517],[19.3714,-34.5179],[19.372,-34.5184],[19.3708,-34.519],[19.3722,-34.5194],[19.3746,-34.5256],[19.3751,-34.5277],[19.3741,-34.5283],[19.3754,-34.529],[19.3759,-34.5312],[19.3751,-34.532],[19.3753,-34.5347],[19.3763,-34.5346],[19.3769,-34.5365],[19.3762,-34.5373],[19.3783,-34.5408],[19.379,-34.544],[19.378,-34.5458],[19.3726,-34.5466],[19.3724,-34.5479],[19.371,-34.5476],[19.3726,-34.5488],[19.3654,-34.5525],[19.3635,-34.5547],[19.3642,-34.555],[19.3637,-34.556],[19.3599,-34.5571],[19.3591,-34.5564],[19.3576,-34.5567],[19.3583,-34.5577],[19.3578,-34.5586],[19.3546,-34.5583],[19.3539,-34.5597],[19.3526,-34.5597],[19.3522,-34.5616],[19.351,-34.5626],[19.3523,-34.5639],[19.3513,-34.5661],[19.3543,-34.5657],[19.3523,-34.5669],[19.3521,-34.5682],[19.3508,-34.5679],[19.3504,-34.5685],[19.3511,-34.5689],[19.3497,-34.5693],[19.3494,-34.5703],[19.3477,-34.5709],[19.3467,-34.5721],[19.347,-34.5735],[19.3437,-34.5755],[19.3425,-34.5779],[19.3424,-34.5799],[19.3439,-34.5803],[19.3443,-34.5818],[19.3463,-34.5824],[19.3441,-34.5839],[19.3457,-34.5849],[19.3448,-34.5854],[19.345,-34.5864],[19.3416,-34.5882],[19.339,-34.588],[19.3392,-34.5853],[19.3376,-34.5913],[19.3361,-34.592],[19.335,-34.5952],[19.3344,-34.595],[19.3326,-34.6007],[19.3319,-34.6009],[19.3301,-34.6061],[19.3282,-34.6085],[19.3266,-34.6101],[19.3234,-34.6111],[19.3215,-34.6099],[19.3169,-34.6114],[19.3164,-34.6109],[19.3149,-34.612],[19.3123,-34.6114],[19.3121,-34.6122],[19.311,-34.6112],[19.3108,-34.6124],[19.309,-34.6137],[19.3059,-34.6144],[19.3016,-34.6169],[19.3011,-34.6187],[19.3029,-34.6192],[19.3004,-34.6214],[19.3006,-34.6227],[19.2992,-34.6232],[19.299,-34.6246],[19.2974,-34.6239],[19.2965,-34.6249],[19.2951,-34.625],[19.2956,-34.6261],[19.2922,-34.6284],[19.2911,-34.6316],[19.2944,-34.6314],[19.2947,-34.6306],[19.2935,-34.6305],[19.2931,-34.6297],[19.2956,-34.629],[19.2967,-34.63],[19.2952,-34.6311],[19.2974,-34.6311],[19.2975,-34.6319],[19.2969,-34.6326],[19.2958,-34.6322],[19.2937,-34.6328],[19.2934,-34.6336],[19.2952,-34.6335],[19.2959,-34.6343],[19.2984,-34.6326],[19.3011,-34.6344],[19.3031,-34.6321],[19.3055,-34.6334],[19.3084,-34.6311],[19.3094,-34.6288],[19.3131,-34.6288],[19.3165,-34.623],[19.3187,-34.6234],[19.3195,-34.6257],[19.3207,-34.6254],[19.3208,-34.6261],[19.3223,-34.625],[19.3246,-34.6265],[19.3315,-34.6243],[19.3321,-34.6254],[19.3345,-34.625],[19.3372,-34.627],[19.3385,-34.626],[19.3391,-34.6274],[19.3402,-34.6277],[19.3453,-34.6258],[19.3475,-34.6266],[19.3519,-34.6236],[19.3526,-34.6218],[19.3536,-34.6214],[19.3534,-34.6188],[19.3549,-34.6175],[19.356,-34.6176],[19.3556,-34.6161],[19.357,-34.6156],[19.361,-34.615],[19.3634,-34.6166],[19.3662,-34.6158],[19.3672,-34.6165],[19.3701,-34.6138],[19.3719,-34.6149],[19.3745,-34.6152],[19.3715,-34.6139],[19.3721,-34.6134],[19.3777,-34.6151],[19.3781,-34.6144],[19.3766,-34.6135],[19.3774,-34.6127],[19.3783,-34.6141],[19.3816,-34.6141],[19.3823,-34.6147],[19.383,-34.6142],[19.3829,-34.6149],[19.3847,-34.6151],[19.386,-34.6145],[19.3874,-34.6115],[19.3934,-34.6101],[19.3956,-34.6086],[19.3982,-34.6086],[19.4036,-34.6062],[19.4085,-34.6065],[19.4141,-34.6083],[19.4216,-34.6121],[19.4289,-34.6189],[19.4361,-34.6275],[19.4393,-34.6321],[19.4414,-34.64],[19.4459,-34.6483],[19.4463,-34.651],[19.4503,-34.6556],[19.4673,-34.6604],[19.4723,-34.6608],[19.4736,-34.6616],[19.4739,-34.6627],[19.4762,-34.663],[19.4762,-34.6641],[19.4745,-34.6647],[19.4755,-34.6657],[19.4783,-34.6647],[19.478,-34.6636],[19.4772,-34.6639],[19.4781,-34.663],[19.4886,-34.6636],[19.491,-34.6654],[19.4889,-34.6658],[19.4904,-34.6678],[19.4919,-34.6673],[19.4914,-34.6687],[19.4944,-34.6682],[19.4942,-34.6673],[19.4955,-34.6668],[19.497,-34.6676],[19.497,-34.6687],[19.4942,-34.6696],[19.4932,-34.6711],[19.4947,-34.6721],[19.4989,-34.6699],[19.4992,-34.6703],[19.4973,-34.672],[19.5005,-34.6721],[19.5022,-34.6709],[19.5047,-34.6723],[19.5083,-34.6724],[19.5099,-34.6713],[19.5122,-34.6716],[19.5144,-34.6698],[19.5158,-34.6697],[19.52,-34.6711],[19.5275,-34.6755],[19.5297,-34.6771],[19.5325,-34.6807],[19.5326,-34.6844],[19.5306,-34.6836],[19.5296,-34.6849],[19.5299,-34.6867],[19.5291,-34.6875],[19.5301,-34.6897],[19.5322,-34.6907],[19.5367,-34.6901],[19.5372,-34.6922],[19.5398,-34.6919],[19.5407,-34.6926],[19.5415,-34.6918],[19.5417,-34.6931],[19.5406,-34.6931],[19.54,-34.6948],[19.5408,-34.6956],[19.5435,-34.6955],[19.5456,-34.6972],[19.5458,-34.6994],[19.5439,-34.7022],[19.5447,-34.7023],[19.5447,-34.7034],[19.5467,-34.7053],[19.5468,-34.7064],[19.5459,-34.7067],[19.5472,-34.7082],[19.5488,-34.7082],[19.548,-34.7089],[19.5495,-34.7098],[19.5501,-34.7121],[19.5524,-34.7124],[19.5529,-34.7131],[19.5562,-34.7122],[19.5563,-34.7139],[19.5586,-34.7127],[19.5622,-34.7137],[19.5661,-34.7167],[19.5657,-34.7178],[19.5669,-34.7179],[19.5671,-34.719],[19.566,-34.7197],[19.568,-34.7197],[19.5684,-34.7206],[19.5732,-34.7199],[19.5732,-34.7211],[19.5755,-34.7211],[19.5754,-34.7219],[19.5737,-34.7224],[19.5746,-34.7225],[19.5745,-34.7239],[19.5726,-34.723],[19.569,-34.7255],[19.5709,-34.7256],[19.5732,-34.7283],[19.5761,-34.729],[19.578,-34.7283],[19.5822,-34.7292],[19.5842,-34.7285],[19.5862,-34.7288],[19.5863,-34.7277],[19.5873,-34.7274],[19.5873,-34.7244],[19.5886,-34.7242],[19.589,-34.7254],[19.5916,-34.7258],[19.5918,-34.7277],[19.594,-34.7293],[19.5946,-34.7312],[19.5941,-34.7332],[19.5926,-34.7335],[19.5924,-34.7343],[19.5936,-34.7358],[19.595,-34.7345],[19.5974,-34.7344],[19.5968,-34.7349],[19.5979,-34.7349],[19.5979,-34.7368],[19.5988,-34.7374],[19.5976,-34.7385],[19.5993,-34.7386],[19.5978,-34.7404],[19.5978,-34.7422],[19.5969,-34.7429],[19.5976,-34.7432],[19.5961,-34.7448],[19.5961,-34.7468],[19.5999,-34.7476],[19.6007,-34.7464],[19.6025,-34.7459],[19.6037,-34.7464],[19.5991,-34.7488],[19.6003,-34.7508],[19.6015,-34.7505],[19.6031,-34.7517],[19.6062,-34.7512],[19.6071,-34.7521],[19.6069,-34.7546],[19.6083,-34.7547],[19.6087,-34.7561],[19.611,-34.7574],[19.6157,-34.7576],[19.6258,-34.7531],[19.6312,-34.7544],[19.6347,-34.7576],[19.6407,-34.768],[19.642,-34.7733],[19.6411,-34.7775],[19.6386,-34.7794],[19.6367,-34.7792],[19.6347,-34.781],[19.6415,-34.7834],[19.6436,-34.7813],[19.6464,-34.7807],[19.6472,-34.7811],[19.6463,-34.7812],[19.6469,-34.7823],[19.6452,-34.783],[19.6489,-34.7844],[19.6502,-34.7861],[19.6529,-34.7853],[19.654,-34.7861],[19.6559,-34.7859],[19.6556,-34.785],[19.6539,-34.7852],[19.6536,-34.7844],[19.6546,-34.7844],[19.6556,-34.7833],[19.658,-34.7832],[19.6577,-34.7844],[19.6588,-34.7846],[19.6644,-34.7842],[19.6614,-34.7859],[19.6611,-34.7878],[19.6624,-34.7884],[19.6632,-34.7883],[19.6634,-34.7862],[19.6651,-34.785],[19.6674,-34.7851],[19.6758,-34.7827],[19.6778,-34.7831],[19.6774,-34.7823],[19.678,-34.7819],[19.6765,-34.7805],[19.6738,-34.78],[19.6725,-34.7768],[19.674,-34.7752],[19.6766,-34.7748],[19.6803,-34.7719],[19.6825,-34.7717],[19.6843,-34.769],[19.6836,-34.7669],[19.685,-34.7653],[19.6879,-34.7657],[19.6884,-34.7644],[19.6914,-34.7632],[19.6984,-34.7625],[19.7007,-34.7628],[19.7015,-34.7641],[19.7042,-34.7635],[19.7117,-34.7638],[19.7295,-34.7687],[19.741,-34.7688],[19.7453,-34.7702],[19.7468,-34.7716],[19.7476,-34.7714],[19.7475,-34.7704],[19.7493,-34.7698],[19.7522,-34.7699],[19.7541,-34.7709],[19.7556,-34.7695],[19.759,-34.7685],[19.7621,-34.7661],[19.7681,-34.7647],[19.7761,-34.7644],[19.7802,-34.7655],[19.7855,-34.7652],[19.786,-34.7661],[19.7932,-34.7662],[19.7986,-34.7681],[19.8025,-34.7663],[19.8039,-34.7669],[19.8056,-34.7656],[19.8074,-34.7663],[19.8088,-34.764],[19.8145,-34.7635],[19.815,-34.7626],[19.8189,-34.7633],[19.8199,-34.7625],[19.8215,-34.7629],[19.8233,-34.7622],[19.8247,-34.7631],[19.8253,-34.7626],[19.8261,-34.7651],[19.8323,-34.7646],[19.8349,-34.7657],[19.8355,-34.765],[19.8356,-34.7658],[19.838,-34.7666],[19.843,-34.7671],[19.846,-34.7684],[19.8485,-34.7678],[19.8503,-34.7689],[19.8547,-34.7677],[19.8575,-34.7655],[19.8619,-34.767],[19.864,-34.766],[19.8643,-34.7678],[19.8649,-34.7665],[19.8652,-34.7676],[19.8662,-34.767],[19.8664,-34.7676],[19.8673,-34.7664],[19.8689,-34.767],[19.8694,-34.7663],[19.87,-34.7671],[19.8708,-34.7661],[19.8716,-34.7668],[19.8723,-34.7659],[19.8815,-34.7701],[19.8826,-34.7722],[19.8857,-34.7728],[19.8901,-34.7822],[19.9034,-34.7841],[19.9066,-34.7871],[19.9123,-34.79],[19.9129,-34.7912],[19.9155,-34.7918],[19.9158,-34.7928],[19.9177,-34.7931],[19.9228,-34.7963],[19.9277,-34.8003],[19.9287,-34.8023],[19.9302,-34.8027],[19.9332,-34.8063],[19.9359,-34.8081],[19.937,-34.8109],[19.9402,-34.812],[19.9406,-34.814],[19.9421,-34.8142],[19.9429,-34.8162],[19.9436,-34.8164],[19.9447,-34.8144],[19.946,-34.814],[19.9476,-34.8147],[19.9508,-34.8147],[19.9511,-34.8155],[19.9532,-34.8145],[19.9558,-34.8149],[19.957,-34.818],[19.9566,-34.8189],[19.9588,-34.8196],[19.9592,-34.8209],[19.9655,-34.8214],[19.968,-34.8237],[19.9676,-34.8248],[19.9654,-34.8254],[19.9642,-34.8271],[19.9675,-34.8255],[19.9682,-34.8259],[19.9697,-34.8244],[19.9737,-34.8246],[19.9755,-34.8264],[19.9767,-34.8265],[19.9775,-34.8279],[19.9799,-34.8287],[19.9819,-34.8285],[19.983,-34.829],[19.9832,-34.83],[19.984,-34.8294],[19.985,-34.83],[19.9832,-34.8313],[19.9858,-34.8312],[19.9862,-34.8328],[19.9878,-34.8325],[19.9892,-34.8334],[19.9912,-34.8321],[19.9923,-34.8333],[19.9947,-34.8323],[19.9986,-34.8342],[20.0018,-34.833],[20.0024,-34.8337],[20.0046,-34.833],[20.0058,-34.8341],[20.0076,-34.8335],[20.0081,-34.832],[20.0092,-34.8317],[20.0143,-34.8317],[20.0123,-34.8289],[20.0166,-34.8269],[20.0164,-34.8245],[20.0202,-34.8241],[20.0219,-34.8248],[20.0276,-34.8248],[20.0281,-34.8236],[20.0274,-34.8224],[20.0291,-34.8208],[20.0283,-34.8173],[20.0306,-34.8157],[20.03,-34.8152],[20.0307,-34.8143],[20.0344,-34.8149],[20.0385,-34.8139],[20.0391,-34.8145],[20.0396,-34.8137],[20.0437,-34.8145],[20.0456,-34.8138],[20.0533,-34.8144],[20.0565,-34.8122],[20.0583,-34.812],[20.0575,-34.8095],[20.0582,-34.8087],[20.0638,-34.8059],[20.0638,-34.8048],[20.0651,-34.804],[20.0642,-34.8022],[20.0629,-34.8019],[20.0625,-34.8007],[20.0584,-34.8006],[20.0563,-34.7984],[20.0527,-34.7986],[20.0485,-34.7923],[20.0465,-34.7869],[20.0479,-34.7747],[20.0518,-34.7658],[20.0575,-34.7572],[20.0652,-34.7493],[20.0798,-34.7365],[20.0973,-34.7252],[20.1196,-34.7143],[20.1411,-34.7054],[20.1676,-34.6961],[20.1924,-34.6906],[20.2025,-34.6893],[20.2069,-34.6898],[20.2118,-34.6886],[20.2146,-34.6892],[20.2171,-34.688],[20.2248,-34.6881],[20.2253,-34.6891],[20.2298,-34.689],[20.2308,-34.6896],[20.2313,-34.6892],[20.2323,-34.6899],[20.2336,-34.6897],[20.2344,-34.691],[20.2363,-34.6916],[20.2357,-34.6892],[20.2364,-34.6885],[20.2341,-34.6873],[20.2336,-34.6862],[20.2337,-34.6838],[20.2346,-34.683],[20.233,-34.6822],[20.2347,-34.6801],[20.2338,-34.6788],[20.232,-34.6784],[20.2334,-34.6769],[20.232,-34.6764],[20.2326,-34.6742],[20.2334,-34.6735],[20.233,-34.672],[20.2357,-34.6694],[20.2355,-34.6687],[20.2342,-34.6688],[20.2327,-34.6676],[20.2327,-34.6647],[20.2337,-34.6626],[20.2328,-34.6618],[20.234,-34.6593],[20.237,-34.6571],[20.2367,-34.6557],[20.2378,-34.654],[20.2393,-34.6535],[20.2394,-34.6522],[20.2434,-34.6485],[20.2449,-34.6481],[20.2448,-34.6473],[20.2465,-34.6458],[20.2559,-34.6399],[20.2676,-34.6341],[20.2864,-34.6268],[20.2953,-34.6254],[20.3002,-34.6228],[20.3135,-34.618],[20.3209,-34.6129],[20.323,-34.6131],[20.3243,-34.6115],[20.3291,-34.6103],[20.3316,-34.6078],[20.3313,-34.6068],[20.3381,-34.5993],[20.3405,-34.595],[20.3477,-34.5901],[20.3671,-34.5827],[20.3864,-34.5743],[20.39,-34.573],[20.3924,-34.5734],[20.3945,-34.5722],[20.3965,-34.5726],[20.3975,-34.5704],[20.3994,-34.5714],[20.3999,-34.5706],[20.3994,-34.5697],[20.4019,-34.5673],[20.4045,-34.5661],[20.4046,-34.5648],[20.4055,-34.5648],[20.4061,-34.5635],[20.4072,-34.5634],[20.4093,-34.5608],[20.4084,-34.5592],[20.4089,-34.5582],[20.4111,-34.5556],[20.4132,-34.5546],[20.4141,-34.553],[20.4132,-34.5513],[20.4162,-34.5455],[20.4183,-34.5432],[20.4221,-34.5336],[20.428,-34.5262],[20.4449,-34.5108],[20.4619,-34.5],[20.4761,-34.4923],[20.4977,-34.4827],[20.5117,-34.478],[20.514,-34.4783],[20.5153,-34.4767],[20.5178,-34.4767],[20.5247,-34.4745],[20.5269,-34.4725],[20.5301,-34.4711],[20.5475,-34.4665],[20.5498,-34.4665],[20.5535,-34.4653],[20.5553,-34.466],[20.5588,-34.4635],[20.5609,-34.464],[20.5638,-34.4636],[20.5665,-34.4615],[20.5718,-34.4615],[20.5728,-34.4604],[20.5741,-34.4606],[20.5758,-34.4596],[20.5768,-34.4603],[20.5776,-34.4588],[20.579,-34.4593],[20.5802,-34.4583],[20.5823,-34.458],[20.5853,-34.4589],[20.5868,-34.4572],[20.5896,-34.4574],[20.5903,-34.4564],[20.5916,-34.4569],[20.5921,-34.4563],[20.5963,-34.4561],[20.5979,-34.4553],[20.6013,-34.4556],[20.6058,-34.4545],[20.6084,-34.455],[20.609,-34.4541],[20.6113,-34.4541],[20.6119,-34.4529],[20.6143,-34.4533],[20.6166,-34.4519],[20.6176,-34.4525],[20.622,-34.4518],[20.625,-34.4523],[20.6332,-34.4506],[20.6348,-34.4511],[20.6456,-34.4499],[20.6529,-34.4505],[20.6553,-34.4497],[20.6743,-34.4505],[20.6756,-34.4515],[20.6766,-34.4505],[20.6789,-34.4524],[20.6831,-34.4531],[20.6884,-34.4523],[20.6911,-34.4503],[20.6929,-34.451],[20.6959,-34.4505],[20.6979,-34.4517],[20.6999,-34.4512],[20.7071,-34.4521],[20.7124,-34.4531],[20.7139,-34.4541],[20.7185,-34.4529],[20.7221,-34.4538],[20.7223,-34.4546],[20.7253,-34.455],[20.7282,-34.4533],[20.7304,-34.4532],[20.7309,-34.4512],[20.7345,-34.4538],[20.735,-34.4551],[20.7372,-34.4558],[20.7418,-34.455],[20.749,-34.4565],[20.7526,-34.4562],[20.7531,-34.457],[20.7563,-34.4572],[20.7589,-34.4587],[20.7614,-34.458],[20.7631,-34.4591],[20.7723,-34.4606],[20.7731,-34.4615],[20.7761,-34.4606],[20.7818,-34.461],[20.7869,-34.463],[20.794,-34.4638],[20.7951,-34.4656],[20.7976,-34.4667],[20.8019,-34.4664],[20.8064,-34.4681],[20.8098,-34.4673],[20.8097,-34.4683],[20.811,-34.4688],[20.8161,-34.469],[20.8208,-34.472],[20.8236,-34.4709],[20.826,-34.4718],[20.8297,-34.4716],[20.832,-34.4704],[20.8335,-34.4711],[20.8349,-34.4699],[20.8368,-34.4706],[20.8389,-34.4703],[20.842,-34.4721],[20.8437,-34.472],[20.845,-34.4737],[20.8478,-34.4749],[20.8474,-34.4731],[20.8483,-34.4719],[20.8489,-34.4723],[20.8518,-34.4709],[20.8526,-34.4716],[20.8536,-34.4709],[20.8521,-34.4676],[20.8565,-34.4647],[20.8583,-34.4642],[20.8622,-34.4655],[20.8695,-34.4659],[20.8698,-34.464],[20.8661,-34.4612],[20.8653,-34.4589],[20.869,-34.455],[20.8697,-34.4528],[20.8718,-34.4523],[20.8721,-34.4509],[20.871,-34.4496],[20.8692,-34.4493],[20.8716,-34.4479],[20.8701,-34.4451],[20.8709,-34.4433],[20.8703,-34.4417],[20.8704,-34.4375],[20.8681,-34.4353],[20.8676,-34.4325],[20.8697,-34.4294],[20.8664,-34.4255],[20.8614,-34.4248],[20.8574,-34.4229],[20.856,-34.4187],[20.8547,-34.4178],[20.8547,-34.4164],[20.8534,-34.4149],[20.8535,-34.4128],[20.8485,-34.4086],[20.8498,-34.4036],[20.8518,-34.4008],[20.8546,-34.3978],[20.8674,-34.3912],[20.8808,-34.3821],[20.8926,-34.3762],[20.9165,-34.3695],[20.9327,-34.3669],[20.9332,-34.3659],[20.936,-34.3665],[20.9372,-34.3658],[20.9388,-34.3666],[20.9423,-34.3657],[20.9443,-34.3664],[20.9504,-34.3656],[20.9519,-34.3664],[20.9534,-34.3655],[20.959,-34.3651],[20.9661,-34.3657],[20.9727,-34.3651],[20.9785,-34.3654],[20.9791,-34.366],[20.9831,-34.3649],[20.9847,-34.3655],[20.988,-34.3648],[21.0012,-34.3649],[21.0018,-34.3664],[21.0049,-34.3663],[21.0068,-34.3672],[21.0084,-34.3665],[21.0171,-34.3678],[21.0181,-34.3672],[21.0195,-34.3682],[21.0208,-34.3678],[21.0327,-34.3703],[21.0402,-34.3706],[21.041,-34.3713],[21.0413,-34.3704],[21.0471,-34.3697],[21.0516,-34.3709],[21.0592,-34.3712],[21.0642,-34.3726],[21.0659,-34.3723],[21.1021,-34.3769],[21.1161,-34.3807],[21.1215,-34.3808],[21.1334,-34.3833],[21.1584,-34.3904],[21.1635,-34.3925],[21.1795,-34.3965],[21.2056,-34.406],[21.2082,-34.4079],[21.2085,-34.4105],[21.212,-34.4114],[21.2135,-34.4108],[21.2146,-34.4115],[21.2152,-34.4133],[21.218,-34.4136],[21.22,-34.4164],[21.2222,-34.4152],[21.2238,-34.4166],[21.225,-34.4165],[21.2252,-34.4177],[21.2281,-34.4172],[21.2285,-34.4182],[21.2296,-34.418],[21.2289,-34.4172],[21.2319,-34.4162],[21.2327,-34.4166],[21.2327,-34.418],[21.2362,-34.4199],[21.2465,-34.4192],[21.2475,-34.4216],[21.2487,-34.4208],[21.2571,-34.4232],[21.2591,-34.4246],[21.2631,-34.4254],[21.2634,-34.427],[21.2656,-34.427],[21.2721,-34.4294],[21.2736,-34.4309],[21.275,-34.4299],[21.278,-34.4299],[21.2904,-34.437],[21.2911,-34.4359],[21.2965,-34.4372],[21.2978,-34.4368],[21.2995,-34.4391],[21.3038,-34.4382],[21.3068,-34.4386],[21.3076,-34.4374],[21.311,-34.4379],[21.3131,-34.4362],[21.3142,-34.434],[21.3162,-34.4331],[21.3191,-34.4332],[21.3201,-34.4312],[21.3224,-34.4318],[21.3232,-34.4329],[21.3245,-34.4326],[21.3273,-34.4336],[21.3283,-34.4331],[21.3327,-34.4352],[21.3336,-34.434],[21.3365,-34.4334],[21.336,-34.4299],[21.3387,-34.4266],[21.3423,-34.4275],[21.3438,-34.4272],[21.351,-34.422],[21.351,-34.4208],[21.3543,-34.4194],[21.3611,-34.4198],[21.3632,-34.4212],[21.3661,-34.4205],[21.3678,-34.4217],[21.3688,-34.4215],[21.3696,-34.4233],[21.3723,-34.4231],[21.3762,-34.4191],[21.376,-34.4174],[21.3777,-34.4166],[21.3779,-34.4153],[21.3798,-34.4149],[21.3824,-34.4111],[21.386,-34.4102],[21.3878,-34.4085],[21.3909,-34.4086],[21.3934,-34.4106],[21.3957,-34.4104],[21.3986,-34.4083],[21.3984,-34.407],[21.399,-34.4071],[21.3999,-34.4053],[21.4025,-34.4051],[21.4047,-34.4033],[21.4063,-34.4035],[21.4131,-34.4014],[21.4145,-34.3988],[21.4129,-34.3985],[21.4123,-34.3975],[21.4126,-34.3962],[21.4135,-34.3954],[21.4146,-34.3958],[21.4147,-34.3937],[21.4174,-34.3915],[21.4192,-34.3914],[21.4204,-34.3922],[21.4241,-34.3905],[21.4274,-34.3938],[21.4292,-34.3945],[21.4289,-34.3936],[21.4296,-34.3936],[21.4297,-34.3925],[21.4304,-34.3922],[21.4301,-34.3904],[21.4277,-34.388],[21.4274,-34.3865],[21.4233,-34.3848],[21.4226,-34.3796],[21.4283,-34.3743],[21.432,-34.3726],[21.4516,-34.3674],[21.4533,-34.3682],[21.4637,-34.3664],[21.4728,-34.3669],[21.4753,-34.3659],[21.4821,-34.3676],[21.4867,-34.3661],[21.4924,-34.3663],[21.51,-34.3596],[21.5165,-34.3611],[21.52,-34.358],[21.5226,-34.3571],[21.5271,-34.3576],[21.5298,-34.3566],[21.5354,-34.3563],[21.5427,-34.3591],[21.5512,-34.3611],[21.5637,-34.3604],[21.5727,-34.3629],[21.5737,-34.3641],[21.5761,-34.3642],[21.5782,-34.3629],[21.5808,-34.3629],[21.5855,-34.3657],[21.612,-34.3728],[21.6246,-34.3783],[21.6299,-34.3791],[21.6306,-34.3802],[21.6318,-34.3801],[21.6321,-34.3794],[21.6337,-34.3802],[21.6338,-34.3815],[21.6357,-34.3809],[21.6366,-34.3815],[21.6368,-34.3808],[21.6428,-34.3813],[21.6523,-34.3843],[21.6528,-34.3855],[21.6552,-34.3851],[21.6569,-34.3861],[21.6577,-34.3856],[21.6595,-34.3869],[21.6615,-34.3869],[21.6614,-34.3875],[21.6669,-34.3864],[21.6673,-34.3874],[21.6695,-34.3876],[21.67,-34.3886],[21.6718,-34.388],[21.6735,-34.3895],[21.6761,-34.3887],[21.6844,-34.3925],[21.687,-34.3919],[21.6877,-34.3927],[21.6919,-34.3915],[21.6961,-34.395],[21.6994,-34.3943],[21.7041,-34.395],[21.7069,-34.394],[21.7091,-34.3951],[21.7105,-34.3937],[21.7143,-34.393],[21.7179,-34.3941],[21.7183,-34.3952],[21.7198,-34.3956],[21.7223,-34.3932],[21.7252,-34.394],[21.7268,-34.3957],[21.7295,-34.3958],[21.7314,-34.3939],[21.735,-34.3943],[21.7354,-34.3922],[21.7367,-34.3912],[21.7369,-34.3891],[21.742,-34.3866],[21.7553,-34.3868],[21.7612,-34.3841],[21.7666,-34.3853],[21.773,-34.3835],[21.7792,-34.3834],[21.7808,-34.3827],[21.7857,-34.3831],[21.7885,-34.3816],[21.7931,-34.3822],[21.7942,-34.3812],[21.7979,-34.3833],[21.8008,-34.3812],[21.8023,-34.3821],[21.8041,-34.3812],[21.8048,-34.3817],[21.8061,-34.3793],[21.8075,-34.3803],[21.8086,-34.3795],[21.8098,-34.3806],[21.8123,-34.3805],[21.8139,-34.3792],[21.8163,-34.3791],[21.8169,-34.3778],[21.8184,-34.3771],[21.82,-34.3776],[21.828,-34.3758],[21.8305,-34.3765],[21.8337,-34.3744],[21.8354,-34.3753],[21.8383,-34.3738],[21.842,-34.3734],[21.843,-34.3722],[21.8504,-34.3696],[21.85,-34.3687],[21.8543,-34.3667],[21.8545,-34.3655],[21.8562,-34.365],[21.8572,-34.3634],[21.8587,-34.3627],[21.8665,-34.3634],[21.8714,-34.3627],[21.872,-34.3607],[21.8743,-34.3587],[21.8752,-34.3589],[21.8757,-34.3579],[21.8842,-34.3531],[21.8837,-34.3479],[21.887,-34.3446],[21.887,-34.3432],[21.8898,-34.3445],[21.8971,-34.3438],[21.8994,-34.3447],[21.9035,-34.3445],[21.9069,-34.3421],[21.9093,-34.3418],[21.9144,-34.3388],[21.9141,-34.3378],[21.9099,-34.3371],[21.9062,-34.3351],[21.9055,-34.3334],[21.9041,-34.3326],[21.9037,-34.3299],[21.9047,-34.3253],[21.9081,-34.3192],[21.9177,-34.3113],[21.9268,-34.3064],[21.9296,-34.3061],[21.9311,-34.3041],[21.9365,-34.3052],[21.9394,-34.3034],[21.9404,-34.3011],[21.9416,-34.3011],[21.9419,-34.3022],[21.9431,-34.3027],[21.9456,-34.3015],[21.946,-34.2991],[21.9427,-34.2999],[21.9377,-34.2972],[21.9369,-34.2964],[21.9376,-34.2956],[21.9363,-34.2944],[21.9322,-34.2934],[21.9294,-34.2937],[21.9265,-34.2924],[21.922,-34.2925],[21.915,-34.2911],[21.9136,-34.2892],[21.912,-34.2845],[21.9122,-34.2737],[21.914,-34.2677],[21.9177,-34.2606],[21.9273,-34.2495],[21.9435,-34.2371],[21.9567,-34.229],[21.9647,-34.2248],[21.9824,-34.218],[21.9975,-34.2139],[22.0062,-34.2125],[22.0099,-34.2111],[22.0473,-34.206],[22.0602,-34.2051],[22.0618,-34.2057],[22.0643,-34.205],[22.0692,-34.2052],[22.0709,-34.206],[22.0739,-34.2056],[22.0767,-34.2069],[22.0765,-34.2074],[22.0802,-34.2086],[22.0874,-34.2084],[22.0895,-34.2093],[22.0926,-34.2069],[22.0947,-34.2034],[22.0958,-34.203],[22.0971,-34.2029],[22.0995,-34.2043],[22.103,-34.2033],[22.1058,-34.2045],[22.1086,-34.2035],[22.1122,-34.2038],[22.1151,-34.2021],[22.1286,-34.1996],[22.1318,-34.1975],[22.1353,-34.1978],[22.1364,-34.1966],[22.1389,-34.1965],[22.1405,-34.1942],[22.1419,-34.1948],[22.1426,-34.1961],[22.1444,-34.1966],[22.1442,-34.1951],[22.1458,-34.1945],[22.1465,-34.1928],[22.1477,-34.1937],[22.1517,-34.1921],[22.1513,-34.1905],[22.1522,-34.1896],[22.1516,-34.1891],[22.1532,-34.1873],[22.1577,-34.187],[22.159,-34.1862],[22.1607,-34.1878],[22.1606,-34.1849],[22.159,-34.1839],[22.1581,-34.181],[22.1563,-34.181],[22.1548,-34.1796],[22.1505,-34.1793],[22.1473,-34.175],[22.1491,-34.1787],[22.1488,-34.1809],[22.1482,-34.1812],[22.1479,-34.1795],[22.1465,-34.1808],[22.1443,-34.1789],[22.1462,-34.1767],[22.1456,-34.1761],[22.1405,-34.1795],[22.1378,-34.1773],[22.1365,-34.174],[22.135,-34.1739],[22.1324,-34.172],[22.1288,-34.1719],[22.1265,-34.1699],[22.1238,-34.17],[22.1219,-34.1671],[22.1132,-34.165],[22.1119,-34.1628],[22.1113,-34.157],[22.1114,-34.1474],[22.113,-34.1403],[22.126,-34.1149],[22.1368,-34.1039],[22.1451,-34.0971],[22.1492,-34.0924],[22.1508,-34.0917],[22.1514,-34.0898],[22.1595,-34.0842],[22.2002,-34.0677],[22.2172,-34.0623],[22.2396,-34.0569],[22.2514,-34.0558],[22.2709,-34.0527],[22.3059,-34.0511],[22.3312,-34.0521],[22.3399,-34.054],[22.3434,-34.0537],[22.3444,-34.0548],[22.3464,-34.0541],[22.3544,-34.0543],[22.3568,-34.0558],[22.3593,-34.0557],[22.3643,-34.0584],[22.3663,-34.058],[22.3695,-34.0595],[22.3731,-34.0587],[22.3804,-34.0617],[22.3837,-34.0602],[22.3851,-34.0609],[22.386,-34.0595],[22.3855,-34.0587],[22.3872,-34.0574],[22.3868,-34.0566],[22.3914,-34.0547],[22.3937,-34.0549],[22.3951,-34.0577],[22.4026,-34.0557],[22.407,-34.0567],[22.4077,-34.0576],[22.4087,-34.0572],[22.4103,-34.0579],[22.413,-34.0572],[22.4168,-34.0585],[22.4202,-34.0581],[22.4217,-34.0598],[22.4233,-34.0593],[22.4245,-34.06],[22.4264,-34.0586],[22.427,-34.057],[22.4282,-34.0565],[22.4312,-34.0593],[22.4327,-34.0593],[22.4346,-34.0572],[22.4339,-34.0557],[22.4363,-34.056],[22.4411,-34.0589],[22.4466,-34.0562],[22.4483,-34.0567],[22.4496,-34.0548],[22.4512,-34.0565],[22.4569,-34.0535],[22.4584,-34.0513],[22.4605,-34.05],[22.465,-34.0494],[22.4672,-34.0482],[22.4697,-34.0491],[22.4703,-34.0506],[22.4719,-34.0488],[22.4736,-34.0484],[22.4748,-34.0491],[22.478,-34.0491],[22.4843,-34.0516],[22.4857,-34.0485],[22.489,-34.0451],[22.4962,-34.043],[22.4986,-34.0397],[22.4984,-34.0367],[22.4994,-34.0364],[22.5008,-34.0372],[22.5041,-34.0352],[22.5081,-34.035],[22.5085,-34.0338],[22.5101,-34.0328],[22.5104,-34.0302],[22.5121,-34.028],[22.5148,-34.0271],[22.5176,-34.0275],[22.5213,-34.0246],[22.5248,-34.0245],[22.525,-34.0233],[22.5271,-34.0215],[22.5307,-34.0209],[22.5337,-34.0191],[22.5385,-34.0189],[22.5403,-34.018],[22.5429,-34.0155],[22.5429,-34.0137],[22.5463,-34.0118],[22.5485,-34.0095],[22.5491,-34.0078],[22.5488,-34.0049],[22.5479,-34.0039],[22.5514,-34.005],[22.5534,-34.0047],[22.5568,-34.0022],[22.5565,-33.9981],[22.5578,-33.9975],[22.5601,-33.9988],[22.5637,-33.9961],[22.5803,-33.9956],[22.5918,-33.9969],[22.626,-34.0025],[22.6434,-34.0043],[22.6698,-34.0091],[22.7241,-34.0222],[22.7466,-34.0299],[22.7634,-34.0346],[22.7645,-34.0355],[22.7649,-34.0375],[22.7668,-34.0361],[22.7646,-34.0339],[22.7649,-34.0318],[22.7674,-34.0301],[22.7682,-34.0281],[22.7724,-34.027],[22.7804,-34.0277],[22.796,-34.0311],[22.7975,-34.0328],[22.8058,-34.0362],[22.8171,-34.0392],[22.8384,-34.0473],[22.8657,-34.0519],[22.8751,-34.0549],[22.8857,-34.0567],[22.8863,-34.058],[22.8895,-34.0577],[22.9014,-34.0619],[22.9063,-34.0624],[22.9127,-34.0648],[22.9143,-34.0646],[22.9319,-34.0703],[22.9535,-34.0792],[22.9578,-34.0822],[22.9584,-34.0836],[22.9581,-34.0855],[22.9595,-34.086],[22.9601,-34.0878],[22.961,-34.0857],[22.9622,-34.0851],[22.9656,-34.0848],[22.9703,-34.0861],[22.9724,-34.089],[22.9742,-34.0894],[22.9741,-34.0909],[22.9775,-34.0906],[22.9776,-34.0918],[22.9798,-34.094],[22.979,-34.091],[22.9751,-34.0856],[22.9763,-34.0816],[22.9788,-34.0787],[22.984,-34.0758],[22.9893,-34.074],[23.0036,-34.0718],[23.0086,-34.072],[23.0186,-34.0736],[23.0196,-34.075],[23.023,-34.0744],[23.0245,-34.0756],[23.0263,-34.0751],[23.0274,-34.0759],[23.0293,-34.0754],[23.0318,-34.076],[23.0347,-34.0776],[23.0337,-34.0795],[23.035,-34.0792],[23.0353,-34.0782],[23.0369,-34.0796],[23.0381,-34.078],[23.0391,-34.0793],[23.0412,-34.0793],[23.0421,-34.0801],[23.0414,-34.0809],[23.0424,-34.0842],[23.0486,-34.0843],[23.0492,-34.083],[23.0503,-34.0845],[23.0541,-34.0846],[23.0557,-34.0856],[23.0555,-34.0847],[23.0568,-34.0841],[23.057,-34.083],[23.0638,-34.0818],[23.0643,-34.083],[23.065,-34.0829],[23.0649,-34.0844],[23.0655,-34.0831],[23.0674,-34.0827],[23.0698,-34.0838],[23.0708,-34.0826],[23.0748,-34.0825],[23.0763,-34.0837],[23.0777,-34.0823],[23.0863,-34.0866],[23.0855,-34.085],[23.0864,-34.0832],[23.0882,-34.0826],[23.09,-34.0833],[23.0909,-34.0822],[23.0951,-34.0819],[23.0956,-34.0808],[23.098,-34.0823],[23.0983,-34.0811],[23.1004,-34.0809],[23.1006,-34.0789],[23.1021,-34.0795],[23.1032,-34.0815],[23.1049,-34.0806],[23.1063,-34.0818],[23.1097,-34.0814],[23.1096,-34.0823],[23.1107,-34.0813],[23.1152,-34.0804],[23.1181,-34.0802],[23.1191,-34.0807],[23.1192,-34.082],[23.1202,-34.0821],[23.1214,-34.0808],[23.1241,-34.0815],[23.1253,-34.0801],[23.1303,-34.0804],[23.1305,-34.0812],[23.1319,-34.0815],[23.1319,-34.0831],[23.1336,-34.0826],[23.1337,-34.0835],[23.1354,-34.0837],[23.1354,-34.0846],[23.1378,-34.0868],[23.1395,-34.0856],[23.14,-34.0872],[23.1412,-34.085],[23.142,-34.0859],[23.144,-34.0862],[23.145,-34.0851],[23.147,-34.085],[23.1468,-34.0842],[23.1486,-34.0849],[23.1503,-34.084],[23.1524,-34.0855],[23.1544,-34.0852],[23.1565,-34.0838],[23.1582,-34.0852],[23.1598,-34.0835],[23.1617,-34.0839],[23.1638,-34.0827],[23.1642,-34.0844],[23.1662,-34.0827],[23.1678,-34.0831],[23.1687,-34.0862],[23.1694,-34.0866],[23.1709,-34.0859],[23.1726,-34.0874],[23.1725,-34.0861],[23.1745,-34.085],[23.1757,-34.0852],[23.176,-34.0863],[23.1773,-34.0864],[23.178,-34.0852],[23.1792,-34.0854],[23.1796,-34.0847],[23.1811,-34.0854],[23.1823,-34.0845],[23.1836,-34.0851],[23.1853,-34.0847],[23.1863,-34.0854],[23.1887,-34.0842],[23.1895,-34.0844],[23.1895,-34.0854],[23.1915,-34.0862],[23.1938,-34.085],[23.1966,-34.086],[23.1991,-34.0846],[23.2004,-34.0853],[23.2004,-34.0876],[23.2015,-34.0864],[23.2025,-34.0869],[23.2029,-34.0861],[23.2052,-34.0871],[23.2061,-34.0862],[23.2089,-34.0864],[23.21,-34.0885],[23.2128,-34.0887],[23.2147,-34.0912],[23.2168,-34.0886],[23.2188,-34.0898],[23.2185,-34.0883],[23.2217,-34.0875],[23.2226,-34.0889],[23.2229,-34.0875],[23.2248,-34.0869],[23.2259,-34.0882],[23.2281,-34.088],[23.2294,-34.0893],[23.231,-34.0885],[23.2322,-34.0893],[23.2354,-34.0894],[23.2363,-34.0909],[23.2381,-34.0905],[23.2408,-34.0925],[23.2427,-34.0928],[23.2436,-34.0944],[23.2458,-34.0917],[23.2483,-34.0941],[23.2495,-34.0939],[23.2494,-34.0947],[23.2526,-34.0928],[23.2536,-34.0936],[23.2536,-34.0926],[23.2575,-34.0921],[23.2585,-34.094],[23.2604,-34.0932],[23.2629,-34.0937],[23.2649,-34.0951],[23.265,-34.0968],[23.2638,-34.0975],[23.2673,-34.0963],[23.2677,-34.0986],[23.2705,-34.0998],[23.2745,-34.1],[23.279,-34.0984],[23.2799,-34.1],[23.2816,-34.0999],[23.2823,-34.1009],[23.2864,-34.1017],[23.2923,-34.0995],[23.2934,-34.0999],[23.2935,-34.1018],[23.2971,-34.1008],[23.2997,-34.1022],[23.3052,-34.1014],[23.3068,-34.1033],[23.3107,-34.1024],[23.3144,-34.103],[23.3173,-34.1009],[23.3189,-34.1014],[23.3218,-34.0993],[23.3254,-34.1003],[23.3271,-34.102],[23.329,-34.1025],[23.3321,-34.1017],[23.334,-34.1021],[23.3367,-34.1005],[23.3378,-34.1012],[23.3401,-34.1008],[23.341,-34.102],[23.345,-34.1005],[23.3465,-34.1018],[23.3461,-34.1024],[23.3477,-34.1021],[23.3506,-34.103],[23.3503,-34.1041],[23.3509,-34.1046],[23.356,-34.1048],[23.3583,-34.1065],[23.3631,-34.1049],[23.3649,-34.1055],[23.3664,-34.1033],[23.3705,-34.1011],[23.3721,-34.1021],[23.374,-34.1015],[23.3761,-34.1022],[23.3764,-34.1017],[23.3816,-34.1024],[23.383,-34.1019],[23.3878,-34.1054],[23.3884,-34.1073],[23.3858,-34.1081],[23.3865,-34.1089],[23.3907,-34.1082],[23.39,-34.1072],[23.3907,-34.1053],[23.3959,-34.1078],[23.3989,-34.1078],[23.4006,-34.1097],[23.4069,-34.1114],[23.4077,-34.1096],[23.4122,-34.1092],[23.4125,-34.1071],[23.4079,-34.1063],[23.4041,-34.1037],[23.3973,-34.1007],[23.3828,-34.1005],[23.3803,-34.099],[23.3758,-34.0984],[23.3715,-34.0861],[23.3715,-34.0787],[23.3735,-34.0731],[23.3785,-34.0634],[23.3805,-34.0621],[23.3811,-34.0607],[23.3802,-34.0599],[23.3794,-34.0607],[23.3783,-34.0603],[23.379,-34.0563],[23.3783,-34.0551],[23.3813,-34.0534],[23.3796,-34.0528],[23.3796,-34.0535],[23.3787,-34.0534],[23.3779,-34.0519],[23.3784,-34.05],[23.3842,-34.0415],[23.3845,-34.0401],[23.3897,-34.0363],[23.3966,-34.0298],[23.4096,-34.0209],[23.4227,-34.0142],[23.4379,-34.0086],[23.4522,-34.005],[23.4561,-34.0045],[23.458,-34.0051],[23.4596,-34.0042],[23.4626,-34.0043],[23.4672,-34.0029],[23.4687,-34.0035],[23.4704,-34.002],[23.4771,-34.0036],[23.479,-34.0025],[23.4802,-34.003],[23.4811,-34.0022],[23.484,-34.0021],[23.4862,-34.004],[23.4866,-34.0027],[23.4884,-34.0024],[23.4917,-34.0031],[23.4933,-34.0051],[23.493,-34.0037],[23.4969,-34.0005],[23.4981,-34.001],[23.4995,-34.0003],[23.5043,-34.0003],[23.5065,-34.0012],[23.5082,-34.0007],[23.5121,-34.0021],[23.5127,-34.0009],[23.5147,-34.0018],[23.5169,-34.0006],[23.5191,-34.0016],[23.5207,-34.0006],[23.5225,-34.0012],[23.5237,-34.0],[23.5282,-34.0001],[23.5307,-33.9985],[23.5303,-33.997],[23.5324,-33.9961],[23.5332,-33.9923],[23.5349,-33.992],[23.5363,-33.9896],[23.5396,-33.9909],[23.5422,-33.9897],[23.5467,-33.9891],[23.5489,-33.9854],[23.5558,-33.9829],[23.5619,-33.9819],[23.5751,-33.9817],[23.5766,-33.9823],[23.5764,-33.9842],[23.5784,-33.9847],[23.5862,-33.9837],[23.587,-33.9829],[23.5884,-33.9837],[23.5916,-33.9832],[23.5943,-33.9812],[23.5988,-33.9811],[23.5991,-33.98],[23.602,-33.9807],[23.6038,-33.9802],[23.606,-33.9809],[23.6104,-33.9808],[23.617,-33.979],[23.6185,-33.9808],[23.6197,-33.9802],[23.6214,-33.9811],[23.6233,-33.9805],[23.6259,-33.9819],[23.6301,-33.9813],[23.631,-33.9823],[23.6356,-33.983],[23.638,-33.982],[23.6413,-33.982],[23.6442,-33.98],[23.6456,-33.9811],[23.647,-33.9806],[23.6472,-33.9798],[23.6479,-33.98],[23.6472,-33.9793],[23.6475,-33.9772],[23.6454,-33.9758],[23.6472,-33.9744],[23.6475,-33.9727],[23.6452,-33.9677],[23.6444,-33.9638],[23.6459,-33.9624],[23.6439,-33.9598],[23.6432,-33.9572],[23.6409,-33.9548],[23.6377,-33.9552],[23.6346,-33.952],[23.636,-33.9433],[23.6351,-33.94],[23.6361,-33.9383],[23.6385,-33.9372],[23.637,-33.9346],[23.6406,-33.9332],[23.64,-33.931],[23.6432,-33.9319],[23.6447,-33.9307],[23.644,-33.9275],[23.64,-33.9242],[23.6432,-33.9223],[23.6428,-33.9198],[23.642,-33.918],[23.6405,-33.9178],[23.6375,-33.9142],[23.6374,-33.913],[23.6399,-33.9097],[23.6523,-33.9096],[23.6539,-33.909],[23.6547,-33.9071],[23.6568,-33.9069],[23.6566,-33.9058],[23.6576,-33.9048],[23.655,-33.9037],[23.6568,-33.9031],[23.6569,-33.9022],[23.6497,-33.8989],[23.6493,-33.897],[23.6476,-33.8967],[23.6488,-33.8945],[23.6474,-33.8928],[23.6516,-33.8927],[23.6523,-33.8903],[23.6544,-33.8895],[23.6559,-33.8868],[23.658,-33.8877],[23.6611,-33.8872],[23.6666,-33.8847],[23.6692,-33.8854],[23.671,-33.8835],[23.6774,-33.8832],[23.6797,-33.8842],[23.6818,-33.8834],[23.683,-33.884],[23.6847,-33.8814],[23.6858,-33.8816],[23.6881,-33.8789],[23.6943,-33.868],[23.7006,-33.8674],[23.7033,-33.864],[23.6203,-33.8432],[23.6081,-33.8329],[23.562,-33.8289],[23.554,-33.7964],[23.5574,-33.7934],[23.5188,-33.7821],[23.5179,-33.7856],[23.488,-33.7915],[23.4891,-33.8075],[23.4681,-33.8075],[23.4542,-33.8032],[23.4277,-33.7991],[23.417,-33.7947],[23.395,-33.7926],[23.4149,-33.7762],[23.4301,-33.7618],[23.4399,-33.7174],[23.4754,-33.7177],[23.5413,-33.6995],[23.5417,-33.683],[23.5555,-33.673],[23.5565,-33.6515],[23.5859,-33.6727],[23.6288,-33.6693],[23.6704,-33.6726],[23.6716,-33.6546],[23.675,-33.6259],[23.6199,-33.5915],[23.6168,-33.5696],[23.5962,-33.5725],[23.6001,-33.5275],[23.6061,-33.5033],[23.604,-33.4964],[23.5786,-33.4857],[23.579,-33.4847],[23.5142,-33.4627],[23.5099,-33.4595],[23.4956,-33.4434],[23.4676,-33.4481],[23.4233,-33.442],[23.3934,-33.4457],[23.3738,-33.4454],[23.3549,-33.4412],[23.364,-33.4616],[23.318,-33.4065],[23.2971,-33.3886],[23.1954,-33.3861],[23.1348,-33.3876],[23.1129,-33.4008],[23.0664,-33.4002],[23.0154,-33.4124],[22.9348,-33.4291],[22.8303,-33.4191],[22.7744,-33.4197],[22.7845,-33.4155],[22.7358,-33.3947],[22.7375,-33.379],[22.7393,-33.324],[22.7734,-33.3263],[22.7739,-33.309],[22.7903,-33.3073],[22.8402,-33.2202],[22.8772,-33.1869],[22.8923,-33.1416],[22.9231,-33.1091],[22.9553,-33.0731],[22.9579,-33.0451],[22.9341,-33.0217],[22.9352,-33.013],[22.9693,-32.9934],[22.9488,-32.95],[23.0037,-32.8983],[23.0074,-32.8728],[23.098,-32.8737],[23.1164,-32.858],[23.0893,-32.7992],[23.1494,-32.7667],[23.1875,-32.7674],[23.2011,-32.7853],[23.2504,-32.7886],[23.3052,-32.8095],[23.3786,-32.825],[23.3977,-32.7635],[23.3516,-32.7638],[23.3527,-32.7337],[23.3535,-32.7294],[23.3329,-32.7036],[23.2696,-32.6715],[23.3013,-32.6518],[23.3073,-32.6116],[23.2882,-32.5512],[23.2445,-32.5132],[23.2475,-32.4653],[23.2216,-32.425],[23.2721,-32.4007],[23.2872,-32.4042],[23.3073,-32.3959],[23.3331,-32.3511],[23.3493,-32.3644],[23.4099,-32.3892],[23.4247,-32.3562],[23.449,-32.3233],[23.5236,-32.3288],[23.5555,-32.3354],[23.5918,-32.3408],[23.6652,-32.3442],[23.6784,-32.3291],[23.6569,-32.3039],[23.6489,-32.298],[23.6705,-32.2377],[23.6924,-32.2335],[23.7082,-32.2191],[23.7261,-32.2084],[23.7471,-32.2007],[23.7662,-32.1787],[23.7979,-32.1941],[23.8511,-32.2425],[23.8645,-32.249],[23.8923,-32.2549],[23.9163,-32.2376],[23.921,-32.2334],[23.9354,-32.2319],[23.9446,-32.2247],[23.953,-32.2165],[23.9612,-32.2065],[23.9847,-32.1984],[23.9845,-32.1964],[23.9858,-32.1978],[24.0305,-32.1935],[24.0441,-32.1819],[24.0417,-32.1752],[24.038,-32.1581],[24.0692,-32.1601],[24.0882,-32.1638],[24.1001,-32.164],[24.1129,-32.1509],[24.1022,-32.1488],[24.1176,-32.1352],[24.1304,-32.1319],[24.1355,-32.1231],[24.1354,-32.0979],[24.1097,-32.0843],[24.0979,-32.1108],[24.0988,-32.0915],[24.0979,-32.0852],[24.1029,-32.0699],[24.1044,-32.0676],[24.1105,-32.0688],[24.1126,-32.07],[24.1119,-32.0616],[24.1233,-32.0559],[24.1348,-32.0602],[24.1411,-32.0514],[24.1286,-32.0412],[24.1353,-32.0269],[24.1409,-32.0117],[24.1745,-32.0199],[24.1749,-32.0126],[24.1894,-32.0122],[24.1878,-32.0082],[24.1937,-32.0048],[24.1885,-32.0001],[24.1834,-31.9969],[24.183,-31.9959],[24.2224,-31.9556],[24.2054,-31.9417],[24.1998,-31.9426],[24.188,-31.9336],[24.1912,-31.9268],[24.1972,-31.9235],[24.1642,-31.9024],[24.1466,-31.8968],[24.1468,-31.9027],[24.1387,-31.9054],[24.1054,-31.9068],[24.1048,-31.8868],[24.1083,-31.8861],[24.1236,-31.8472],[24.1533,-31.8549],[24.1548,-31.8225],[24.1598,-31.8231],[24.1798,-31.8194],[24.1837,-31.8133],[24.1543,-31.7983],[24.1542,-31.7948],[24.1525,-31.7886],[24.1022,-31.7926],[24.093,-31.7962],[24.0709,-31.8071],[24.0561,-31.776],[24.0431,-31.7673],[24.0285,-31.7302],[24.0291,-31.722],[24.0468,-31.7067],[23.9931,-31.7061],[23.9631,-31.7067],[23.9625,-31.7077],[23.9665,-31.7154],[23.9513,-31.7495],[23.9522,-31.7501],[23.9487,-31.7733],[23.9179,-31.7954],[23.9159,-31.822],[23.894,-31.8368],[23.8786,-31.8337],[23.8379,-31.7833],[23.8294,-31.7803],[23.8372,-31.7679],[23.8085,-31.7637],[23.8476,-31.7292],[23.8416,-31.7151],[23.8157,-31.7142],[23.7775,-31.6971],[23.7565,-31.6957],[23.7345,-31.6546],[23.7152,-31.647],[23.6888,-31.6496],[23.6607,-31.6561],[23.6395,-31.6601],[23.6191,-31.6494],[23.5945,-31.6622],[23.5745,-31.6892],[23.5355,-31.6918],[23.5239,-31.7053],[23.4961,-31.7027],[23.4231,-31.6821],[23.4165,-31.6722],[23.4017,-31.6996],[23.4071,-31.7138],[23.3871,-31.7148],[23.3451,-31.7109],[23.3024,-31.7301],[23.2661,-31.7732],[23.2634,-31.7783],[23.2624,-31.8154],[23.225,-31.854],[23.2304,-31.8757],[23.1915,-31.9046],[23.1712,-31.9181],[23.1519,-31.9398],[23.1448,-31.9431],[23.1395,-31.9515],[23.1188,-31.9601],[23.1044,-31.9606],[23.0985,-31.9777],[23.0876,-31.9723],[23.0709,-31.9538],[23.0587,-31.9548],[23.0526,-31.9398],[23.0523,-31.9103],[23.0674,-31.8907],[23.0387,-31.8774],[22.9758,-31.8608],[22.9538,-31.863],[22.902,-31.8758],[22.8747,-31.8616],[22.859,-31.8183],[22.8253,-31.8377],[22.7769,-31.8569],[22.7575,-31.8275],[22.7351,-31.7994],[22.677,-31.8155],[22.6515,-31.8217],[22.6475,-31.8196],[22.6463,-31.8155],[22.6443,-31.8143],[22.6421,-31.8162],[22.6353,-31.8149],[22.6332,-31.8157],[22.6312,-31.8197],[22.6318,-31.8234],[22.6149,-31.8229],[22.5783,-31.8055],[22.6094,-31.7398],[22.6191,-31.7246],[22.5661,-31.7132],[22.5648,-31.6779],[22.4958,-31.6703],[22.4333,-31.6382],[22.3551,-31.6054],[22.3123,-31.5835],[22.2729,-31.5925],[22.2601,-31.6625],[22.2499,-31.6647],[22.2374,-31.703],[22.204,-31.764],[22.2063,-31.7922],[22.1599,-31.8097],[22.1769,-31.8207],[22.1666,-31.8931],[22.1315,-31.8843],[22.1159,-31.8626],[22.0789,-31.8549],[22.0789,-31.8598],[22.08,-31.8637],[22.0824,-31.8685],[22.0831,-31.8688],[22.0837,-31.868],[22.0843,-31.8688],[22.0835,-31.8738],[22.084,-31.8759],[22.086,-31.8791],[22.0885,-31.8804],[22.0917,-31.8854],[22.0972,-31.8886],[22.0983,-31.8913],[22.1005,-31.893],[22.1002,-31.8956],[22.1017,-31.9005],[22.1004,-31.9243],[22.0713,-31.9393],[22.0892,-31.9743],[22.095,-32.0011],[22.0741,-32.0179],[22.0936,-32.0459],[22.134,-32.0644],[22.12,-32.077],[22.0897,-32.1464],[22.0696,-32.0814],[22.0164,-32.1143],[22.0035,-32.1742],[21.9995,-32.2059],[21.9959,-32.203],[21.9712,-32.2164],[21.9362,-32.2229],[21.9246,-32.262],[21.9074,-32.2528],[21.9046,-32.2564],[21.9017,-32.2709],[21.8742,-32.2766],[21.8551,-32.2755],[21.7806,-32.2509],[21.7703,-32.2384],[21.773,-32.2268],[21.7461,-32.2252],[21.7359,-32.205],[21.7114,-32.2248],[21.6917,-32.2486],[21.6738,-32.2433],[21.6655,-32.2314],[21.6446,-32.2087],[21.6065,-32.2097],[21.5944,-32.2169],[21.5786,-32.2215],[21.5489,-32.2284],[21.536,-32.2292],[21.549,-32.2908],[21.5618,-32.3147],[21.5504,-32.3269],[21.5191,-32.337],[21.4756,-32.3314],[21.4437,-32.3548],[21.4299,-32.3752],[21.4084,-32.3688],[21.3528,-32.3915],[21.3015,-32.3773],[21.303,-32.4024],[21.2815,-32.4397],[21.2695,-32.4503],[21.2311,-32.4631],[21.1975,-32.4998],[21.1883,-32.503],[21.1821,-32.5087],[21.1401,-32.5898],[21.157,-32.6289],[21.0945,-32.653],[21.0603,-32.6555],[21.0373,-32.6491],[20.9628,-32.6393],[20.8441,-32.6624],[20.8229,-32.6945],[20.7898,-32.7112],[20.7922,-32.735],[20.8303,-32.7846],[20.8324,-32.8173],[20.7986,-32.8947],[20.7442,-32.9129],[20.7312,-32.945],[20.6503,-32.9323],[20.6496,-32.9336],[20.6219,-32.9431],[20.5901,-32.943],[20.5921,-32.9265],[20.5612,-32.881],[20.4993,-32.9416],[20.4386,-32.9401],[20.3801,-32.9018],[20.3639,-32.9108],[20.3639,-32.8859],[20.3572,-32.8641],[20.3417,-32.8578],[20.2999,-32.805],[20.2573,-32.7997],[20.219,-32.7847],[20.1876,-32.7527],[20.1917,-32.6858],[20.1814,-32.6681],[20.1412,-32.6437],[20.1369,-32.611],[20.1147,-32.5702],[20.1228,-32.557],[20.0968,-32.503],[20.0964,-32.4767],[20.0796,-32.3973],[20.132,-32.4211],[20.1705,-32.3809],[20.1635,-32.351],[20.216,-32.3032],[20.2542,-32.3108],[20.2463,-32.2526],[20.2408,-32.2242],[20.1664,-32.2275],[20.181,-32.1845],[20.1518,-32.1865],[20.1511,-32.1873],[20.1403,-32.1903],[20.1359,-32.1923],[20.1234,-32.2029],[20.1157,-32.211],[20.1141,-32.214],[20.1093,-32.2301],[20.1001,-32.2427],[20.097,-32.2502],[20.085,-32.2483],[20.0536,-32.2523],[20.0386,-32.2964],[20.0045,-32.3299],[19.9682,-32.3505],[19.9375,-32.3773],[19.8739,-32.3832],[19.8495,-32.3662],[19.8178,-32.3607],[19.8027,-32.3937],[19.7641,-32.4111],[19.7366,-32.3855],[19.7313,-32.4101],[19.7074,-32.4203],[19.7302,-32.4424],[19.6996,-32.454],[19.6797,-32.4635],[19.6681,-32.4548],[19.6549,-32.4388],[19.6219,-32.4706],[19.6265,-32.502],[19.615,-32.529],[19.6071,-32.5454],[19.6096,-32.5594],[19.612,-32.5665],[19.605,-32.6295],[19.5872,-32.6478],[19.5283,-32.6732],[19.4992,-32.6121],[19.4868,-32.5654],[19.495,-32.4989],[19.5164,-32.4859],[19.5131,-32.4807],[19.5102,-32.4783],[19.5071,-32.4731],[19.5037,-32.4729],[19.4984,-32.4752],[19.4964,-32.4748],[19.4954,-32.4737],[19.4892,-32.4635],[19.4856,-32.4531],[19.4798,-32.4413],[19.4775,-32.4388],[19.4747,-32.4378],[19.4728,-32.4361],[19.4715,-32.4325],[19.4719,-32.4279],[19.47,-32.4244],[19.4672,-32.4216],[19.4647,-32.4151],[19.4594,-32.41],[19.4578,-32.4055],[19.4533,-32.3979],[19.4464,-32.3921],[19.4432,-32.3883],[19.4393,-32.3802],[19.4347,-32.3732],[19.4343,-32.3702],[19.4353,-32.3683],[19.4302,-32.3657],[19.4091,-32.2901],[19.492,-32.2517],[19.4951,-32.245],[19.4894,-32.2435],[19.4875,-32.2421],[19.486,-32.2386],[19.4858,-32.2358],[19.4884,-32.2306],[19.4933,-32.2262],[19.4958,-32.2216],[19.4972,-32.2152],[19.4942,-32.2087],[19.5023,-32.2054],[19.4927,-32.1986],[19.5014,-32.1799],[19.4873,-32.1637],[19.4793,-32.1677],[19.4841,-32.1614],[19.4752,-32.1463],[19.4911,-32.1301],[19.5083,-32.1259],[19.5152,-32.1152],[19.5075,-32.0861],[19.4885,-32.1212],[19.4834,-32.1137],[19.488,-32.0915],[19.4871,-32.0881],[19.4877,-32.0815],[19.4863,-32.0764],[19.4832,-32.074],[19.4799,-32.073],[19.4701,-32.0724],[19.4676,-32.0731],[19.4431,-32.0472],[19.4259,-32.0313],[19.3959,-32.0151],[19.393,-32.0179],[19.3804,-32.0376],[19.363,-32.0428],[19.3531,-32.0279],[19.3298,-32.0126],[19.3234,-31.9848],[19.2899,-31.9651],[19.2775,-31.9797],[19.2648,-31.9657],[19.2798,-31.922],[19.2897,-31.863],[19.2441,-31.9139],[19.2107,-31.948],[19.1997,-31.9048],[19.1723,-31.9098],[19.1654,-31.9057],[19.159,-31.8996],[19.1561,-31.8997],[19.1505,-31.9029],[19.1448,-31.9105],[19.1418,-31.9121],[19.1401,-31.9106],[19.1308,-31.9066],[19.1268,-31.9062],[19.1208,-31.9077],[19.1181,-31.9071],[19.1149,-31.9042],[19.1132,-31.9012],[19.1094,-31.8981],[19.0859,-31.894],[19.0837,-31.8927],[19.0834,-31.8907],[19.0822,-31.8898],[19.0688,-31.8839],[19.058,-31.8804],[19.0532,-31.879],[19.0449,-31.8784],[19.0348,-31.8762],[19.0262,-31.8766],[19.0272,-31.8743],[19.0258,-31.8709],[19.0296,-31.8697],[19.0314,-31.8682],[19.0317,-31.8668],[19.0301,-31.8629],[19.0346,-31.8589],[19.0315,-31.8548],[19.033,-31.849],[19.0312,-31.8467],[19.0266,-31.8435],[19.0271,-31.8425],[19.0308,-31.8412],[19.0323,-31.8398],[19.032,-31.8378],[19.0298,-31.8359],[19.0303,-31.8338],[19.0384,-31.8287],[19.0406,-31.8288],[19.044,-31.8302],[19.0468,-31.8295],[19.0535,-31.8226],[19.0539,-31.8167],[19.0586,-31.815],[19.0601,-31.8107],[19.0634,-31.8093],[19.0691,-31.8085],[19.0723,-31.8039],[19.0782,-31.8024],[19.0794,-31.8007],[19.079,-31.7961],[19.08,-31.794],[19.0857,-31.7945],[19.0872,-31.7936],[19.083,-31.7858],[19.081,-31.7857],[19.0783,-31.788],[19.0766,-31.7882],[19.0755,-31.7871],[19.0766,-31.7833],[19.0757,-31.7819],[19.0739,-31.7818],[19.0701,-31.7838],[19.0685,-31.7834],[19.0661,-31.7809],[19.065,-31.7779],[19.0666,-31.7722],[19.0666,-31.766],[19.073,-31.7619],[19.0808,-31.7596],[19.0827,-31.7601],[19.0857,-31.7629],[19.0914,-31.7625],[19.0947,-31.7502],[19.0811,-31.7307],[19.0769,-31.7185],[19.0656,-31.7063],[19.0577,-31.6878],[19.0549,-31.6703],[19.0737,-31.6669],[19.079,-31.6432],[19.0705,-31.624],[19.0905,-31.5978],[19.0854,-31.572],[19.0737,-31.5743],[19.0556,-31.575],[19.0518,-31.5727],[19.0854,-31.5269],[19.0781,-31.5251],[19.0678,-31.518],[19.0418,-31.5185],[19.0231,-31.5051],[19.0187,-31.5104],[19.012,-31.5144],[19.0062,-31.512],[19.0096,-31.5099],[19.0197,-31.4992],[19.0246,-31.4821],[19.0369,-31.4643],[19.043,-31.425],[19.0307,-31.4154],[19.0324,-31.4032],[19.034,-31.4022],[19.0309,-31.3895],[19.0124,-31.3701],[18.9801,-31.3552],[19.013,-31.3057],[18.9664,-31.2845],[18.9445,-31.2373],[18.9497,-31.1959],[18.9476,-31.1129],[18.9123,-31.0608],[18.9035,-31.0418],[18.9118,-30.9789],[18.9845,-30.9458],[18.9242,-30.916],[18.8754,-30.8871],[18.9605,-30.8661],[18.9519,-30.7447],[18.863,-30.7171],[18.7945,-30.6676],[18.7959,-30.6249],[18.7587,-30.5679],[18.6552,-30.5567],[18.6319,-30.5226],[18.6111,-30.4901],[18.5701,-30.4303],[18.5022,-30.4444],[18.4836,-30.5219],[18.5223,-30.6065],[18.4441,-30.5113],[18.3806,-30.4596],[18.4138,-30.5273],[18.3712,-30.5921],[18.371,-30.6596],[18.3139,-30.7422],[18.2642,-30.8183],[18.2518,-30.8275],[18.2292,-30.8191],[18.2135,-30.8104],[18.1952,-30.816],[18.2058,-30.8313],[18.1904,-30.8347],[18.1692,-30.8486],[18.1396,-30.828],[18.1177,-30.8095],[18.0892,-30.7879],[18.0809,-30.7848],[18.0579,-30.7769],[18.0065,-30.7912],[17.9948,-30.8192],[17.9942,-30.9045],[17.9934,-30.9187],[17.9721,-30.9139],[17.9344,-30.9174],[17.914,-30.9247],[17.8803,-30.9239],[17.8779,-30.9486],[17.9094,-30.9875],[17.9261,-31.01],[17.9256,-31.0103],[17.9264,-31.0114],[17.8945,-31.0304],[17.8886,-31.0403],[17.8786,-31.0405],[17.8352,-31.0726],[17.8113,-31.0925],[17.8344,-31.1765],[17.7749,-31.1563],[17.7604,-31.1518],[17.7574,-31.1521],[17.7613,-31.1564],[17.7627,-31.1565],[17.7618,-31.1584],[17.7624,-31.1596],[17.7652,-31.161],[17.7655,-31.1625],[17.7686,-31.1647],[17.7693,-31.1671],[17.7723,-31.1691],[17.7722,-31.1709],[17.7741,-31.1735],[17.7777,-31.1752],[17.7773,-31.1756],[17.7784,-31.1768],[17.7816,-31.1784],[17.784,-31.1809],[17.7845,-31.183],[17.787,-31.1864],[17.7897,-31.1883],[17.7911,-31.191],[17.7928,-31.1916],[17.7923,-31.1932],[17.7942,-31.1947],[17.7937,-31.1976],[17.7966,-31.2003],[17.7973,-31.2022],[17.801,-31.2026],[17.8021,-31.205],[17.8044,-31.2068],[17.8055,-31.2095],[17.8065,-31.2093],[17.8062,-31.2101],[17.8083,-31.2111],[17.8086,-31.2124],[17.8117,-31.2134],[17.8129,-31.2162],[17.8145,-31.2161],[17.8171,-31.2177],[17.8178,-31.2202],[17.8175,-31.2225],[17.82,-31.2237],[17.8228,-31.2232],[17.8262,-31.2262],[17.8331,-31.2302],[17.8367,-31.2339],[17.8388,-31.2345],[17.8388,-31.2358],[17.8413,-31.237],[17.8423,-31.2394],[17.8453,-31.2416],[17.8463,-31.2434],[17.8546,-31.2499],[17.8572,-31.2509],[17.8632,-31.2574],[17.8661,-31.2636],[17.8679,-31.2657],[17.8671,-31.2671],[17.8684,-31.2665],[17.8683,-31.2684],[17.8699,-31.2688],[17.8692,-31.269],[17.8691,-31.2705],[17.8715,-31.2713],[17.8744,-31.2744],[17.8773,-31.2788],[17.8771,-31.2817],[17.8786,-31.282],[17.8812,-31.2848],[17.8817,-31.289],[17.8795,-31.2908],[17.8796,-31.2916],[17.8818,-31.2929],[17.8814,-31.2948],[17.8802,-31.2954],[17.8824,-31.2966],[17.8814,-31.2985],[17.882,-31.3008],[17.8832,-31.3018],[17.8793,-31.3028],[17.8805,-31.3041],[17.8771,-31.3074],[17.8773,-31.3101],[17.8802,-31.3106],[17.8782,-31.3143],[17.8799,-31.3145],[17.8804,-31.3156],[17.8788,-31.3163],[17.8785,-31.3194],[17.8799,-31.321],[17.8808,-31.3208],[17.8819,-31.3228],[17.8858,-31.3253],[17.8868,-31.327],[17.8864,-31.3288],[17.89,-31.3312],[17.8922,-31.3363],[17.8947,-31.3379],[17.8967,-31.3419],[17.8997,-31.3438],[17.8996,-31.3452],[17.9007,-31.347],[17.8999,-31.3506],[17.9004,-31.3521],[17.9032,-31.3529],[17.9049,-31.3551],[17.9066,-31.3553],[17.9087,-31.36],[17.912,-31.3613],[17.9121,-31.3636],[17.9154,-31.3667],[17.9193,-31.3676],[17.9275,-31.3745],[17.9314,-31.3797],[17.9316,-31.382],[17.9334,-31.3822],[17.9348,-31.3835],[17.9346,-31.3852],[17.9366,-31.3865],[17.9374,-31.3883],[17.9387,-31.3886],[17.9378,-31.3904],[17.9386,-31.3916],[17.9406,-31.3925],[17.9458,-31.3991],[17.9455,-31.402],[17.9474,-31.4033],[17.9486,-31.4061],[17.9503,-31.4067],[17.953,-31.4102],[17.9557,-31.411],[17.959,-31.4161],[17.9604,-31.4162],[17.9609,-31.4176],[17.9659,-31.4197],[17.9682,-31.4217],[17.9721,-31.4263],[17.9722,-31.4282],[17.9744,-31.4291],[17.976,-31.4306],[17.9761,-31.432],[17.9777,-31.4328],[17.9774,-31.4343],[17.9802,-31.435],[17.9823,-31.4371],[17.983,-31.4384],[17.9818,-31.4401],[17.9833,-31.4395],[17.9867,-31.4427],[17.9862,-31.4439],[17.989,-31.4461],[17.989,-31.4478],[17.9911,-31.4508],[17.9913,-31.4526],[17.9937,-31.4553],[17.9957,-31.457],[18.0003,-31.4591],[18.0003,-31.461],[18.0023,-31.4618],[18.003,-31.4644],[18.0047,-31.4655],[18.0065,-31.4703],[18.0093,-31.473],[18.0089,-31.4734],[18.0165,-31.4783],[18.0177,-31.4805],[18.021,-31.483],[18.021,-31.4844],[18.0224,-31.4862],[18.0238,-31.4862],[18.0249,-31.487],[18.0243,-31.4872],[18.0249,-31.4881],[18.0276,-31.4894],[18.0276,-31.4911],[18.033,-31.4931],[18.0336,-31.4946],[18.0326,-31.4965],[18.0334,-31.4964],[18.0361,-31.4984],[18.0359,-31.4991],[18.0372,-31.4993],[18.0367,-31.5003],[18.0376,-31.5026],[18.0388,-31.5034],[18.0393,-31.5024],[18.0407,-31.5034],[18.0407,-31.5056],[18.0424,-31.5067],[18.0419,-31.5079],[18.0425,-31.5098],[18.0443,-31.5097],[18.0477,-31.5136],[18.0499,-31.5137],[18.0501,-31.5165],[18.0544,-31.5181],[18.0563,-31.522],[18.0615,-31.5238],[18.0662,-31.5274],[18.1054,-31.5677],[18.1114,-31.5754],[18.1125,-31.5787],[18.1147,-31.5801],[18.1175,-31.5851],[18.118,-31.5882],[18.1165,-31.5891],[18.1177,-31.5899],[18.1178,-31.5934],[18.1165,-31.5948],[18.1167,-31.597],[18.1144,-31.5984],[18.1166,-31.5989],[18.1161,-31.6005],[18.1175,-31.6],[18.1198,-31.601],[18.1193,-31.6023],[18.1183,-31.6025],[18.1185,-31.6043],[18.1197,-31.6038],[18.1214,-31.6054],[18.1231,-31.6051],[18.1249,-31.6072],[18.1257,-31.6069],[18.1274,-31.6081],[18.1295,-31.6107],[18.1301,-31.6136],[18.1326,-31.6157],[18.1318,-31.6174],[18.1326,-31.6198],[18.1316,-31.6212],[18.1328,-31.6228],[18.1348,-31.6234],[18.1336,-31.625],[18.1349,-31.6251],[18.1356,-31.6274],[18.1375,-31.6269],[18.1386,-31.628],[18.1387,-31.6294],[18.1404,-31.6299],[18.1398,-31.6317],[18.1414,-31.6317],[18.1419,-31.6327],[18.1411,-31.6333],[18.1423,-31.6353],[18.1449,-31.6367],[18.1467,-31.6388],[18.1462,-31.6396],[18.1472,-31.6401],[18.1466,-31.6435],[18.1478,-31.6443],[18.148,-31.6462],[18.1488,-31.6464],[18.1484,-31.6478],[18.1503,-31.6492],[18.1495,-31.6515],[18.1505,-31.6516],[18.1504,-31.6529],[18.1525,-31.6544],[18.1518,-31.6554],[18.1547,-31.6562],[18.1585,-31.6599],[18.1626,-31.6673],[18.1657,-31.6699],[18.1661,-31.6718],[18.1675,-31.6725],[18.1689,-31.676],[18.1715,-31.6782],[18.1716,-31.6796],[18.1734,-31.6798],[18.1768,-31.6831],[18.1798,-31.6871],[18.1818,-31.6906],[18.1816,-31.6916],[18.1845,-31.6938],[18.1839,-31.696],[18.1848,-31.699],[18.186,-31.6997],[18.1857,-31.701],[18.1895,-31.7008],[18.1901,-31.7027],[18.2028,-31.7172],[18.2047,-31.7217],[18.2093,-31.7272],[18.2095,-31.7292],[18.2112,-31.73],[18.2155,-31.7354],[18.2165,-31.7372],[18.2163,-31.7389],[18.2189,-31.74],[18.2228,-31.7443],[18.2223,-31.7475],[18.2244,-31.7487],[18.2253,-31.754],[18.2236,-31.7563],[18.2215,-31.7573],[18.224,-31.7594],[18.221,-31.7605],[18.2218,-31.7612],[18.2218,-31.7626],[18.2236,-31.7626],[18.2245,-31.7636],[18.2236,-31.766],[18.2243,-31.771],[18.2255,-31.7725],[18.2246,-31.7744],[18.2255,-31.7752],[18.2256,-31.7786],[18.2265,-31.7794],[18.2258,-31.7797],[18.2283,-31.7859],[18.2307,-31.7871],[18.2307,-31.7909],[18.2328,-31.7951],[18.2325,-31.7971],[18.23,-31.7983],[18.2289,-31.7999],[18.2314,-31.803],[18.2323,-31.8081],[18.2354,-31.8127],[18.2344,-31.8158],[18.2308,-31.8161],[18.2302,-31.817],[18.2334,-31.8177],[18.2337,-31.819],[18.2317,-31.8195],[18.2317,-31.8207],[18.2336,-31.8207],[18.2355,-31.8228],[18.2628,-31.8599],[18.2706,-31.8749],[18.2726,-31.8769],[18.2722,-31.8777],[18.2743,-31.8811],[18.2783,-31.8922],[18.2781,-31.8931],[18.2791,-31.8944],[18.2801,-31.8984],[18.2797,-31.903],[18.2788,-31.9035],[18.2801,-31.9044],[18.28,-31.9084],[18.2775,-31.9125],[18.2742,-31.9119],[18.2726,-31.9129],[18.275,-31.9156],[18.2745,-31.917],[18.2759,-31.92],[18.2749,-31.9298],[18.2719,-31.9332],[18.2654,-31.9341],[18.2654,-31.9396],[18.2664,-31.944],[18.2681,-31.9465],[18.2678,-31.9484],[18.2728,-31.9556],[18.2734,-31.9575],[18.2752,-31.9589],[18.2773,-31.9649],[18.2791,-31.9673],[18.2813,-31.9752],[18.2858,-31.9833],[18.2867,-31.988],[18.285,-31.9906],[18.2824,-31.9914],[18.2821,-31.9949],[18.2853,-31.9997],[18.2866,-32.0004],[18.293,-32.0119],[18.2949,-32.0172],[18.295,-32.0194],[18.2932,-32.0215],[18.2934,-32.0225],[18.2946,-32.0232],[18.2945,-32.0251],[18.2973,-32.0292],[18.308,-32.052],[18.3112,-32.0605],[18.3147,-32.074],[18.315,-32.0791],[18.3139,-32.0836],[18.3112,-32.0878],[18.3074,-32.0905],[18.306,-32.0908],[18.3051,-32.0901],[18.3046,-32.0918],[18.3029,-32.0917],[18.3015,-32.0938],[18.2995,-32.094],[18.3004,-32.0944],[18.2995,-32.0959],[18.3022,-32.0964],[18.3015,-32.0974],[18.3028,-32.0979],[18.3019,-32.1003],[18.3022,-32.1015],[18.3037,-32.1019],[18.3024,-32.1029],[18.3037,-32.104],[18.3039,-32.1053],[18.3032,-32.1053],[18.3038,-32.1062],[18.3032,-32.1069],[18.3009,-32.1071],[18.301,-32.1084],[18.3031,-32.109],[18.3001,-32.1136],[18.3016,-32.114],[18.3025,-32.1203],[18.304,-32.1226],[18.3031,-32.1238],[18.3042,-32.1263],[18.3036,-32.1281],[18.3044,-32.1287],[18.3042,-32.1312],[18.3036,-32.1312],[18.3053,-32.1339],[18.3043,-32.1354],[18.3056,-32.14],[18.3055,-32.1449],[18.3068,-32.1509],[18.3113,-32.1599],[18.3112,-32.1662],[18.3104,-32.1661],[18.3095,-32.1679],[18.312,-32.1705],[18.3104,-32.1718],[18.3107,-32.1744],[18.3114,-32.1746],[18.311,-32.1763],[18.3128,-32.177],[18.322,-32.1942],[18.3253,-32.2032],[18.326,-32.2078],[18.324,-32.2099],[18.3291,-32.2212],[18.3299,-32.2256],[18.3364,-32.243],[18.3422,-32.2657],[18.3422,-32.2692],[18.3447,-32.2814],[18.3447,-32.2904],[18.3416,-32.3063],[18.3375,-32.314],[18.3348,-32.3161],[18.3314,-32.3154],[18.3279,-32.3157],[18.3231,-32.3179],[18.3197,-32.3168],[18.3166,-32.3146],[18.3152,-32.3151],[18.3139,-32.317],[18.3155,-32.3213],[18.3151,-32.3251],[18.3169,-32.3337],[18.3154,-32.3372],[18.3179,-32.3424],[18.3257,-32.3713],[18.3319,-32.4079],[18.3345,-32.44],[18.3348,-32.4633],[18.3342,-32.474],[18.3314,-32.4995],[18.3241,-32.5348],[18.3203,-32.5478],[18.3111,-32.5718],[18.3045,-32.5866],[18.2935,-32.6087],[18.2794,-32.6332],[18.2691,-32.6471],[18.2598,-32.6618],[18.2435,-32.6815],[18.2291,-32.6948],[18.1995,-32.7144],[18.1924,-32.7244],[18.1876,-32.7301],[18.1813,-32.7357],[18.1761,-32.7438],[18.167,-32.7542],[18.1615,-32.7587],[18.1389,-32.7733],[18.1284,-32.7774],[18.1232,-32.7781],[18.1207,-32.7777],[18.1185,-32.7792],[18.1141,-32.7794],[18.1119,-32.7804],[18.1081,-32.7803],[18.1058,-32.7782],[18.1043,-32.78],[18.0994,-32.781],[18.0955,-32.7777],[18.0941,-32.7788],[18.0938,-32.78],[18.0913,-32.7808],[18.0882,-32.7789],[18.0877,-32.7774],[18.0851,-32.7776],[18.0866,-32.7766],[18.0844,-32.7767],[18.0844,-32.7774],[18.0827,-32.7772],[18.0827,-32.7779],[18.0814,-32.7782],[18.0789,-32.7766],[18.0768,-32.7777],[18.077,-32.7784],[18.0703,-32.7808],[18.0633,-32.7818],[18.0604,-32.7835],[18.0553,-32.7842],[18.0548,-32.7822],[18.0536,-32.7815],[18.0518,-32.7786],[18.0509,-32.7749],[18.0487,-32.7741],[18.0456,-32.7699],[18.0429,-32.7685],[18.0416,-32.7664],[18.0372,-32.7646],[18.0331,-32.7606],[18.0308,-32.7603],[18.0284,-32.7581],[18.0278,-32.7558],[18.0221,-32.7543],[18.0204,-32.7523],[18.0139,-32.7497],[18.0131,-32.7469],[18.0123,-32.7466],[18.0127,-32.745],[18.0107,-32.7427],[18.0124,-32.742],[18.0145,-32.743],[18.0149,-32.7401],[18.0107,-32.7389],[18.0036,-32.735],[17.9958,-32.733],[17.996,-32.732],[17.9954,-32.7329],[17.9929,-32.7305],[17.9874,-32.7298],[17.9875,-32.7279],[17.9871,-32.7297],[17.9847,-32.7293],[17.9786,-32.7254],[17.9751,-32.7213],[17.9748,-32.7184],[17.9759,-32.717],[17.9772,-32.7171],[17.9778,-32.716],[17.9784,-32.7163],[17.9781,-32.7156],[17.9796,-32.7151],[17.9776,-32.7125],[17.9775,-32.7104],[17.9787,-32.7078],[17.9799,-32.7073],[17.9799,-32.7057],[17.9821,-32.7046],[17.9809,-32.7039],[17.9773,-32.7054],[17.9733,-32.705],[17.9718,-32.7041],[17.9715,-32.7026],[17.9674,-32.7004],[17.9669,-32.7027],[17.9681,-32.7042],[17.9678,-32.7057],[17.9612,-32.7148],[17.9571,-32.7185],[17.9486,-32.7223],[17.9438,-32.7223],[17.9407,-32.7211],[17.9398,-32.7195],[17.9417,-32.718],[17.94,-32.7153],[17.9385,-32.7157],[17.9353,-32.7185],[17.9305,-32.7198],[17.9285,-32.7183],[17.9286,-32.7175],[17.9259,-32.7173],[17.9254,-32.7158],[17.9212,-32.7135],[17.9201,-32.7143],[17.9201,-32.716],[17.9228,-32.7175],[17.9235,-32.7195],[17.9236,-32.7212],[17.9216,-32.7233],[17.9226,-32.7242],[17.9222,-32.7256],[17.9186,-32.7283],[17.9167,-32.7278],[17.9156,-32.7312],[17.9121,-32.735],[17.9082,-32.7366],[17.9036,-32.7357],[17.8952,-32.7422],[17.8967,-32.7436],[17.8966,-32.746],[17.8949,-32.7488],[17.8959,-32.7501],[17.8981,-32.7505],[17.8983,-32.7529],[17.8992,-32.7538],[17.9003,-32.7534],[17.9026,-32.7559],[17.9069,-32.7681],[17.9063,-32.7703],[17.9075,-32.7743],[17.9077,-32.7874],[17.9053,-32.7965],[17.9016,-32.802],[17.9001,-32.8029],[17.8989,-32.8023],[17.8945,-32.8064],[17.8898,-32.8079],[17.8849,-32.8073],[17.8839,-32.8061],[17.884,-32.8021],[17.8827,-32.8024],[17.8834,-32.8038],[17.8823,-32.8066],[17.8833,-32.8092],[17.8808,-32.8128],[17.8756,-32.8132],[17.8745,-32.8146],[17.8712,-32.8155],[17.8687,-32.8143],[17.8684,-32.8127],[17.8677,-32.8126],[17.8672,-32.8152],[17.8644,-32.8147],[17.8643,-32.8155],[17.8653,-32.8154],[17.8653,-32.8168],[17.8646,-32.8166],[17.8635,-32.8186],[17.8623,-32.8189],[17.8603,-32.8178],[17.8593,-32.8194],[17.858,-32.8194],[17.8578,-32.8178],[17.855,-32.8184],[17.8554,-32.8165],[17.8541,-32.8163],[17.8545,-32.8187],[17.8529,-32.8168],[17.8522,-32.8191],[17.8513,-32.8192],[17.8518,-32.8203],[17.8511,-32.8211],[17.8518,-32.8216],[17.8509,-32.8221],[17.8512,-32.8234],[17.85,-32.8226],[17.8492,-32.8232],[17.8483,-32.8221],[17.8478,-32.8249],[17.8456,-32.8255],[17.8443,-32.8242],[17.8438,-32.8255],[17.8461,-32.8267],[17.8449,-32.827],[17.8453,-32.829],[17.8468,-32.829],[17.8466,-32.8278],[17.8473,-32.8275],[17.8483,-32.8279],[17.8479,-32.8298],[17.8487,-32.8304],[17.8474,-32.8313],[17.8486,-32.8317],[17.8479,-32.832],[17.8488,-32.8322],[17.8482,-32.8325],[17.85,-32.8332],[17.8494,-32.8336],[17.8532,-32.8338],[17.8543,-32.8351],[17.8555,-32.8343],[17.8549,-32.8353],[17.8558,-32.8355],[17.856,-32.8365],[17.8553,-32.8374],[17.857,-32.8367],[17.8578,-32.8379],[17.8564,-32.8391],[17.8584,-32.839],[17.857,-32.8401],[17.8592,-32.8388],[17.8598,-32.84],[17.861,-32.8393],[17.8617,-32.8398],[17.8589,-32.8427],[17.8605,-32.8431],[17.8601,-32.8439],[17.8617,-32.8427],[17.864,-32.8436],[17.8663,-32.842],[17.8664,-32.8428],[17.8675,-32.8428],[17.8669,-32.8434],[17.8682,-32.8435],[17.8691,-32.8448],[17.8701,-32.8447],[17.8704,-32.8457],[17.8726,-32.8454],[17.875,-32.8472],[17.8731,-32.8484],[17.8735,-32.8492],[17.8747,-32.8497],[17.8767,-32.849],[17.8785,-32.8502],[17.8806,-32.8539],[17.8802,-32.8567],[17.8809,-32.8577],[17.8799,-32.8598],[17.8804,-32.8609],[17.882,-32.8607],[17.8829,-32.8625],[17.8829,-32.8652],[17.8806,-32.866],[17.8811,-32.867],[17.8804,-32.8673],[17.8814,-32.8675],[17.8804,-32.8681],[17.8814,-32.8689],[17.8836,-32.8686],[17.8847,-32.8709],[17.8847,-32.8735],[17.8839,-32.8779],[17.8817,-32.8821],[17.8781,-32.8857],[17.8762,-32.8852],[17.8737,-32.8869],[17.8713,-32.8857],[17.8699,-32.8865],[17.8683,-32.8859],[17.8642,-32.8884],[17.8639,-32.8895],[17.8646,-32.8898],[17.864,-32.8899],[17.8658,-32.8904],[17.866,-32.8912],[17.8632,-32.8918],[17.8632,-32.8929],[17.868,-32.894],[17.8684,-32.8962],[17.8663,-32.897],[17.8658,-32.899],[17.863,-32.8993],[17.8623,-32.9002],[17.8633,-32.9004],[17.8633,-32.9016],[17.8613,-32.9032],[17.858,-32.9055],[17.8567,-32.9053],[17.8589,-32.9061],[17.8592,-32.9069],[17.8585,-32.9086],[17.859,-32.9093],[17.8582,-32.9098],[17.8595,-32.9102],[17.8588,-32.9109],[17.8611,-32.9109],[17.863,-32.912],[17.8667,-32.91],[17.868,-32.911],[17.8678,-32.9119],[17.8692,-32.9116],[17.8705,-32.9123],[17.8706,-32.915],[17.8714,-32.9162],[17.8761,-32.9176],[17.8771,-32.919],[17.8788,-32.919],[17.8817,-32.9234],[17.8841,-32.9302],[17.8868,-32.9422],[17.8861,-32.944],[17.8853,-32.9441],[17.8865,-32.9479],[17.885,-32.9516],[17.8825,-32.9544],[17.8782,-32.9555],[17.8797,-32.9565],[17.8789,-32.9572],[17.8816,-32.9571],[17.884,-32.9598],[17.8839,-32.9639],[17.8814,-32.9639],[17.8813,-32.965],[17.884,-32.9654],[17.8865,-32.964],[17.8876,-32.9652],[17.8852,-32.967],[17.8857,-32.9721],[17.8835,-32.9726],[17.8848,-32.9746],[17.8844,-32.9757],[17.8833,-32.9765],[17.8787,-32.9763],[17.881,-32.9767],[17.8804,-32.9771],[17.8813,-32.9778],[17.8858,-32.9776],[17.8863,-32.9785],[17.8841,-32.9806],[17.8819,-32.9804],[17.881,-32.9823],[17.8778,-32.9831],[17.8779,-32.9841],[17.8767,-32.9841],[17.8774,-32.9855],[17.8759,-32.9875],[17.8762,-32.9894],[17.8723,-32.9907],[17.8715,-32.9928],[17.8735,-32.9941],[17.8729,-32.9949],[17.8737,-32.9948],[17.8741,-32.9955],[17.8738,-32.9977],[17.8727,-32.9983],[17.8723,-32.9998],[17.8743,-32.9998],[17.8773,-33.0013],[17.8764,-33.004],[17.8783,-33.006],[17.8815,-33.0063],[17.8822,-33.0031],[17.8841,-33.0016],[17.8894,-33.0018],[17.898,-33.0065],[17.9001,-33.009],[17.9032,-33.015],[17.9033,-33.0214],[17.902,-33.0247],[17.8999,-33.0274],[17.8966,-33.0292],[17.8924,-33.0263],[17.8893,-33.0268],[17.8916,-33.0288],[17.8912,-33.0296],[17.8925,-33.0304],[17.8936,-33.0326],[17.8955,-33.0336],[17.8971,-33.0359],[17.8954,-33.0395],[17.8944,-33.0394],[17.8933,-33.0408],[17.8952,-33.0417],[17.8986,-33.04],[17.9016,-33.04],[17.9021,-33.0427],[17.9038,-33.0437],[17.903,-33.0457],[17.9034,-33.0468],[17.9055,-33.0481],[17.9091,-33.0486],[17.9093,-33.0508],[17.9106,-33.0519],[17.9206,-33.0448],[17.9241,-33.0439],[17.9256,-33.0418],[17.9308,-33.0411],[17.9369,-33.0381],[17.9386,-33.038],[17.9368,-33.036],[17.9368,-33.034],[17.9336,-33.0323],[17.9345,-33.0295],[17.9378,-33.027],[17.9415,-33.0268],[17.9429,-33.0256],[17.9469,-33.0255],[17.9528,-33.0265],[17.9535,-33.0285],[17.9553,-33.0288],[17.9562,-33.0299],[17.9573,-33.0287],[17.9608,-33.0293],[17.9687,-33.0338],[17.9715,-33.0375],[17.9705,-33.0409],[17.9681,-33.0426],[17.9652,-33.0416],[17.9643,-33.0423],[17.9682,-33.0453],[17.9708,-33.0448],[17.9719,-33.0438],[17.9716,-33.042],[17.9738,-33.0392],[17.973,-33.0352],[17.9703,-33.0326],[17.9649,-33.0294],[17.9647,-33.0271],[17.9634,-33.026],[17.9639,-33.0237],[17.9618,-33.0247],[17.9613,-33.0263],[17.959,-33.0269],[17.9555,-33.024],[17.948,-33.0211],[17.9468,-33.019],[17.9478,-33.0183],[17.9471,-33.0175],[17.9495,-33.0169],[17.9493,-33.0149],[17.9503,-33.0139],[17.9494,-33.0127],[17.9511,-33.0108],[17.9461,-33.0071],[17.9476,-33.0043],[17.9544,-32.9999],[17.9682,-32.9962],[17.9756,-32.9955],[17.9884,-32.996],[17.9928,-32.9972],[17.9964,-32.9999],[17.9957,-33.0021],[17.9946,-33.0025],[17.9945,-33.0052],[17.9916,-33.0115],[17.99,-33.0127],[17.99,-33.0134],[17.9906,-33.0126],[17.9918,-33.013],[17.9869,-33.0239],[17.9852,-33.0254],[17.9854,-33.0273],[17.9836,-33.0323],[17.9881,-33.0228],[17.99,-33.0206],[17.9906,-33.0177],[17.9947,-33.0089],[17.9975,-33.0078],[18.0045,-33.0097],[18.0085,-33.0078],[18.0105,-33.0086],[18.0193,-33.0136],[18.0301,-33.0238],[18.0346,-33.0312],[18.037,-33.0381],[18.0376,-33.041],[18.0364,-33.0416],[18.036,-33.044],[18.037,-33.0452],[18.0411,-33.0463],[18.0417,-33.0482],[18.0427,-33.0487],[18.0428,-33.0504],[18.0426,-33.0528],[18.0411,-33.0542],[18.0416,-33.0556],[18.0425,-33.056],[18.0425,-33.0584],[18.0422,-33.0611],[18.0411,-33.0622],[18.0417,-33.0643],[18.0404,-33.0686],[18.0322,-33.0799],[18.0294,-33.082],[18.0279,-33.0843],[18.0296,-33.0865],[18.0304,-33.0895],[18.0305,-33.0927],[18.029,-33.0979],[18.0307,-33.1004],[18.031,-33.1021],[18.0323,-33.1026],[18.0322,-33.1052],[18.0377,-33.1091],[18.0392,-33.1112],[18.0411,-33.1114],[18.048,-33.1149],[18.0517,-33.1208],[18.057,-33.1227],[18.0591,-33.128],[18.0605,-33.1294],[18.073,-33.1342],[18.0749,-33.1368],[18.0832,-33.139],[18.0901,-33.1425],[18.0926,-33.1464],[18.0933,-33.1513],[18.0948,-33.1533],[18.0961,-33.152],[18.0978,-33.1532],[18.0974,-33.1545],[18.0961,-33.1534],[18.0946,-33.1546],[18.0948,-33.1564],[18.0921,-33.1582],[18.0896,-33.1641],[18.0915,-33.1654],[18.0946,-33.1645],[18.0931,-33.1659],[18.0961,-33.1677],[18.0961,-33.1685],[18.0951,-33.169],[18.0897,-33.1671],[18.09,-33.1687],[18.0887,-33.1685],[18.0894,-33.1697],[18.0887,-33.17],[18.0881,-33.1688],[18.0888,-33.1669],[18.0867,-33.1648],[18.0849,-33.1648],[18.0823,-33.1657],[18.0814,-33.1672],[18.0833,-33.1721],[18.085,-33.174],[18.0895,-33.1757],[18.094,-33.1768],[18.1026,-33.1769],[18.1034,-33.1777],[18.1018,-33.1782],[18.1025,-33.1792],[18.1033,-33.1793],[18.104,-33.1783],[18.1057,-33.179],[18.1041,-33.1795],[18.1044,-33.1808],[18.1024,-33.1809],[18.106,-33.1842],[18.11,-33.1853],[18.1118,-33.1855],[18.1111,-33.1841],[18.1087,-33.1841],[18.1068,-33.1829],[18.1103,-33.1797],[18.1115,-33.1807],[18.1175,-33.1796],[18.1239,-33.1804],[18.1255,-33.1868],[18.1223,-33.1933],[18.1162,-33.1973],[18.1082,-33.2],[18.1073,-33.2008],[18.1079,-33.2021],[18.0987,-33.2046],[18.0948,-33.2039],[18.0897,-33.1988],[18.0893,-33.1961],[18.0914,-33.194],[18.0904,-33.1901],[18.0868,-33.1866],[18.0854,-33.1868],[18.0836,-33.1858],[18.0807,-33.1823],[18.0778,-33.1812],[18.0729,-33.1808],[18.069,-33.1771],[18.0647,-33.1758],[18.0609,-33.1715],[18.0591,-33.1677],[18.0494,-33.1614],[18.0485,-33.1576],[18.05,-33.1543],[18.0406,-33.1532],[18.0386,-33.151],[18.0335,-33.1496],[18.0317,-33.1472],[18.025,-33.1447],[18.0234,-33.1426],[18.0233,-33.1412],[18.0252,-33.1379],[18.0276,-33.1368],[18.0285,-33.1335],[18.0309,-33.1314],[18.0307,-33.1283],[18.0264,-33.1253],[18.016,-33.123],[18.0135,-33.1212],[18.0131,-33.1193],[18.0145,-33.1167],[18.0145,-33.1124],[18.0134,-33.1067],[18.0101,-33.1009],[18.011,-33.0984],[18.0133,-33.0967],[18.0134,-33.0958],[18.0075,-33.0931],[18.0047,-33.0927],[18.0024,-33.0928],[18.0007,-33.094],[17.9983,-33.0929],[17.9911,-33.0925],[17.9859,-33.0947],[17.9835,-33.0943],[17.982,-33.095],[17.982,-33.0927],[17.9848,-33.0896],[17.9906,-33.09],[17.9975,-33.0879],[18.0003,-33.0883],[18.0014,-33.0876],[18.0045,-33.0877],[18.0017,-33.0814],[18.0045,-33.0808],[18.0038,-33.08],[18.0046,-33.0786],[18.0036,-33.0777],[18.0008,-33.0776],[17.9974,-33.0785],[17.9952,-33.0773],[17.9948,-33.0747],[17.9964,-33.0742],[17.9967,-33.0722],[17.9952,-33.07],[17.9927,-33.07],[17.9902,-33.0715],[17.9891,-33.0709],[17.9886,-33.0692],[17.9867,-33.0697],[17.9828,-33.068],[17.9808,-33.068],[17.9788,-33.0665],[17.9722,-33.0677],[17.9729,-33.0683],[17.9724,-33.0691],[17.9746,-33.07],[17.9764,-33.0722],[17.9754,-33.074],[17.9738,-33.0745],[17.9734,-33.0759],[17.9749,-33.0777],[17.9757,-33.0818],[17.9775,-33.0824],[17.9781,-33.0815],[17.9798,-33.084],[17.98,-33.0879],[17.9792,-33.0913],[17.9758,-33.0959],[17.9743,-33.0965],[17.9737,-33.0953],[17.971,-33.0947],[17.9699,-33.0962],[17.9707,-33.097],[17.9663,-33.0995],[17.9649,-33.0992],[17.9604,-33.0957],[17.9579,-33.096],[17.9566,-33.0988],[17.9581,-33.1007],[17.9583,-33.1022],[17.9529,-33.1042],[17.952,-33.1065],[17.9552,-33.1105],[17.9602,-33.1118],[17.9619,-33.1139],[17.9664,-33.1134],[17.97,-33.116],[17.9717,-33.1164],[17.9728,-33.118],[17.9753,-33.1224],[17.9765,-33.128],[17.9749,-33.1281],[17.9742,-33.1311],[17.9704,-33.1315],[17.9701,-33.1328],[17.9711,-33.1347],[17.9701,-33.1353],[17.9701,-33.1365],[17.9707,-33.1375],[17.9746,-33.139],[17.9772,-33.1423],[17.9809,-33.142],[17.9839,-33.1429],[17.9857,-33.1424],[17.9909,-33.145],[17.9911,-33.1445],[17.9945,-33.1457],[17.9978,-33.1458],[17.9987,-33.1467],[17.9979,-33.148],[17.9985,-33.149],[18.0025,-33.1486],[18.0033,-33.1476],[18.005,-33.148],[18.0154,-33.1555],[18.0222,-33.1613],[18.0224,-33.1626],[18.024,-33.163],[18.0348,-33.1705],[18.0607,-33.1926],[18.0843,-33.2159],[18.1066,-33.2409],[18.1188,-33.2568],[18.1325,-33.2765],[18.1473,-33.3029],[18.1567,-33.3216],[18.16,-33.3316],[18.1602,-33.343],[18.1593,-33.3437],[18.1566,-33.3439],[18.1534,-33.347],[18.1476,-33.3462],[18.1474,-33.3478],[18.1459,-33.3484],[18.1464,-33.3489],[18.1458,-33.3494],[18.147,-33.3502],[18.1463,-33.3511],[18.1471,-33.3511],[18.1469,-33.352],[18.1485,-33.3533],[18.1471,-33.3541],[18.1472,-33.3551],[18.1513,-33.3542],[18.1547,-33.3575],[18.1561,-33.3609],[18.1575,-33.3615],[18.1593,-33.3645]]],[[[18.3667,-33.7897],[18.3623,-33.7903],[18.3624,-33.7922],[18.3578,-33.7973],[18.3578,-33.7998],[18.3567,-33.8018],[18.359,-33.8045],[18.361,-33.8098],[18.3607,-33.8144],[18.362,-33.8161],[18.3646,-33.8165],[18.3639,-33.817],[18.3643,-33.8175],[18.3708,-33.8202],[18.3727,-33.8199],[18.3739,-33.8186],[18.3808,-33.8176],[18.3811,-33.8154],[18.3824,-33.8143],[18.3817,-33.8129],[18.3829,-33.8124],[18.3813,-33.8125],[18.3811,-33.8086],[18.3755,-33.8017],[18.3759,-33.7991],[18.3783,-33.7985],[18.3753,-33.7987],[18.375,-33.7965],[18.3769,-33.7964],[18.3783,-33.7978],[18.3788,-33.7974],[18.3772,-33.796],[18.3731,-33.7966],[18.3738,-33.7922],[18.369,-33.7898],[18.3667,-33.7897]]],[[[18.0741,-33.4126],[18.0721,-33.4135],[18.0728,-33.4151],[18.0739,-33.4153],[18.0738,-33.418],[18.075,-33.4181],[18.0745,-33.4187],[18.0759,-33.4192],[18.0755,-33.4196],[18.0773,-33.4209],[18.0776,-33.4226],[18.08,-33.424],[18.0818,-33.4271],[18.0848,-33.4287],[18.0844,-33.4306],[18.0832,-33.4303],[18.0817,-33.4322],[18.0859,-33.4332],[18.0862,-33.4341],[18.0866,-33.4334],[18.0908,-33.4335],[18.0924,-33.4311],[18.0936,-33.4315],[18.0955,-33.4308],[18.0978,-33.432],[18.0985,-33.4315],[18.0987,-33.4303],[18.0959,-33.4279],[18.0969,-33.4273],[18.0965,-33.4263],[18.0974,-33.4258],[18.0963,-33.4255],[18.0971,-33.4252],[18.0952,-33.4244],[18.096,-33.424],[18.0949,-33.4232],[18.093,-33.4229],[18.093,-33.4223],[18.0927,-33.4227],[18.0916,-33.4213],[18.092,-33.4206],[18.0913,-33.4206],[18.0918,-33.4201],[18.0909,-33.4201],[18.0917,-33.4197],[18.0908,-33.4197],[18.0914,-33.4194],[18.0904,-33.4183],[18.0911,-33.4178],[18.0904,-33.4179],[18.091,-33.4164],[18.0904,-33.4163],[18.0904,-33.4146],[18.0895,-33.4143],[18.0896,-33.4135],[18.0882,-33.4135],[18.0881,-33.4154],[18.0875,-33.415],[18.0867,-33.4158],[18.0867,-33.4175],[18.0833,-33.4186],[18.0816,-33.4177],[18.0799,-33.4182],[18.0781,-33.4162],[18.0773,-33.4165],[18.0779,-33.4159],[18.0741,-33.4126]]],[[[17.9532,-33.0799],[17.9509,-33.0806],[17.9506,-33.0827],[17.9529,-33.0842],[17.9535,-33.0863],[17.9547,-33.0864],[17.9545,-33.0874],[17.9561,-33.0874],[17.9583,-33.0859],[17.9588,-33.0863],[17.9602,-33.0845],[17.9596,-33.0831],[17.9574,-33.0824],[17.9572,-33.0808],[17.9532,-33.0799]]],[[[19.4186,-34.678],[19.4167,-34.6788],[19.4182,-34.6804],[19.4128,-34.6826],[19.4113,-34.6852],[19.4144,-34.6867],[19.4162,-34.6852],[19.416,-34.6844],[19.4173,-34.6843],[19.4216,-34.6807],[19.4234,-34.6802],[19.4227,-34.6789],[19.4186,-34.678]]],[[[18.0211,-33.0878],[18.0181,-33.09],[18.0178,-33.0931],[18.0193,-33.0945],[18.0213,-33.094],[18.0238,-33.0946],[18.0265,-33.0909],[18.026,-33.0902],[18.0235,-33.09],[18.0226,-33.0882],[18.0211,-33.0878]]],[[[17.9251,-33.0505],[17.9232,-33.0524],[17.9238,-33.0545],[17.9267,-33.055],[17.9277,-33.0541],[17.9275,-33.0533],[17.9285,-33.0539],[17.9295,-33.053],[17.9283,-33.052],[17.9284,-33.0512],[17.9251,-33.0505]]],[[[17.9857,-33.1507],[17.9803,-33.1507],[17.9791,-33.152],[17.9831,-33.1535],[17.9837,-33.1545],[17.9852,-33.1544],[17.9864,-33.1535],[17.9857,-33.1507]]],[[[18.007,-33.0837],[18.0055,-33.0845],[18.0065,-33.0863],[18.0095,-33.0872],[18.0111,-33.0865],[18.0107,-33.0849],[18.007,-33.0837]]],[[[19.418,-34.6865],[19.4171,-34.6884],[19.4154,-34.6883],[19.4149,-34.6892],[19.4128,-34.6895],[19.4114,-34.6882],[19.4099,-34.6882],[19.4124,-34.6904],[19.4137,-34.6897],[19.4153,-34.69],[19.4156,-34.6893],[19.4177,-34.6888],[19.418,-34.6865]]],[[[17.9925,-33.1457],[17.9908,-33.1465],[17.9913,-33.148],[17.9925,-33.1481],[17.9938,-33.1468],[17.9936,-33.1458],[17.9925,-33.1457]]],[[[18.424,-33.6764],[18.4264,-33.6755],[18.4265,-33.6754],[18.424,-33.6764]]],[[[18.8584,-34.1634],[18.8598,-34.1634],[18.8593,-34.1633],[18.8584,-34.1634]]],[[[18.4134,-33.9],[18.4136,-33.8999],[18.4134,-33.8997],[18.4134,-33.9]]],[[[22.4938,-34.0436],[22.4939,-34.0437],[22.494,-34.0437],[22.4938,-34.0436]]],[[[18.1592,-33.3646],[18.1592,-33.3647],[18.1593,-33.3645],[18.1592,-33.3646]]]]},"properties":{"OBJECTID_12":9,"OBJECTID_1":9,"OBJECTID":9,"CODE":"WC","PROVINCE":"Western Cape","GISDB.LDR.Provinces.Area":129462.214698,"Country":"South Africa","Shape_Leng":38.085975740000002,"Shape_STAr":12.49467982,"Shape_STLe":38.085975740000002,"Shape.STArea()":12.494679821799975,"Shape.STLength()":38.085975741060317}}]}